2026-09-16 15:41:12,402:WARNING:
'cuml' is a soft dependency and not included in the pycaret installation. Please run: `pip install cuml` to install.
2026-09-16 15:41:12,403:WARNING:
'cuml' is a soft dependency and not included in the pycaret installation. Please run: `pip install cuml` to install.
2026-09-16 15:41:12,403:WARNING:
'cuml' is a soft dependency and not included in the pycaret installation. Please run: `pip install cuml` to install.
2026-09-16 15:41:12,403:WARNING:
'cuml' is a soft dependency and not included in the pycaret installation. Please run: `pip install cuml` to install.
2026-09-16 15:41:14,291:INFO:PyCaret ClassificationExperiment
2026-09-16 15:41:14,291:INFO:Logging name: clf-default-name
2026-09-16 15:41:14,291:INFO:ML Usecase: MLUsecase.CLASSIFICATION
2026-09-16 15:41:14,291:INFO:version 3.3.2
2026-09-16 15:41:14,291:INFO:Initializing setup()
2026-09-16 15:41:14,292:INFO:self.USI: 7e78
2026-09-16 15:41:14,292:INFO:self._variable_keys: {'fold_generator', 'USI', 'y_test', 'X', 'logging_param', 'seed', 'fold_shuffle_param', 'X_test', 'html_param', 'n_jobs_param', 'gpu_n_jobs_param', 'log_plots_param', 'exp_id', 'idx', 'target_param', '_available_plots', 'X_train', 'y_train', 'pipeline', 'data', '_ml_usecase', 'memory', 'y', 'is_multiclass', 'fix_imbalance', 'exp_name_log', 'fold_groups_param', 'gpu_param'}
2026-09-16 15:41:14,292:INFO:Checking environment
2026-09-16 15:41:14,292:INFO:python_version: 3.11.9
2026-09-16 15:41:14,292:INFO:python_build: ('tags/v3.11.9:de54cf5', 'Apr  2 2024 10:12:12')
2026-09-16 15:41:14,292:INFO:machine: AMD64
2026-09-16 15:41:14,314:INFO:platform: Windows-10-10.0.26200-SP0
2026-09-16 15:41:14,314:INFO:Memory: svmem(total=8399802368, available=498159616, percent=94.1, used=7901642752, free=498159616)
2026-09-16 15:41:14,314:INFO:Physical Core: 8
2026-09-16 15:41:14,314:INFO:Logical Core: 16
2026-09-16 15:41:14,314:INFO:Checking libraries
2026-09-16 15:41:14,314:INFO:System:
2026-09-16 15:41:14,314:INFO:    python: 3.11.9 (tags/v3.11.9:de54cf5, Apr  2 2024, 10:12:12) [MSC v.1938 64 bit (AMD64)]
2026-09-16 15:41:14,314:INFO:executable: C:\Users\ASUS\Documents\Kuliah\Semester 5\Workshop AI\Bab_3\pycaret_env\Scripts\python.exe
2026-09-16 15:41:14,314:INFO:   machine: Windows-10-10.0.26200-SP0
2026-09-16 15:41:14,315:INFO:PyCaret required dependencies:
2026-09-16 15:41:14,353:INFO:                 pip: 24.0
2026-09-16 15:41:14,353:INFO:          setuptools: 65.5.0
2026-09-16 15:41:14,353:INFO:             pycaret: 3.3.2
2026-09-16 15:41:14,353:INFO:             IPython: 9.17.1
2026-09-16 15:41:14,353:INFO:          ipywidgets: 8.1.9
2026-09-16 15:41:14,353:INFO:                tqdm: 4.70.1
2026-09-16 15:41:14,353:INFO:               numpy: 1.26.4
2026-09-16 15:41:14,354:INFO:              pandas: 2.1.4
2026-09-16 15:41:14,354:INFO:              jinja2: 3.1.6
2026-09-16 15:41:14,354:INFO:               scipy: 1.11.4
2026-09-16 15:41:14,354:INFO:              joblib: 1.3.2
2026-09-16 15:41:14,354:INFO:             sklearn: 1.4.2
2026-09-16 15:41:14,354:INFO:                pyod: 3.4.0
2026-09-16 15:41:14,354:INFO:            imblearn: 0.14.2
2026-09-16 15:41:14,354:INFO:   category_encoders: 2.7.0
2026-09-16 15:41:14,354:INFO:            lightgbm: 4.7.0
2026-09-16 15:41:14,354:INFO:               numba: 0.67.0
2026-09-16 15:41:14,354:INFO:            requests: 2.34.2
2026-09-16 15:41:14,354:INFO:          matplotlib: 3.7.5
2026-09-16 15:41:14,355:INFO:          scikitplot: 0.3.7
2026-09-16 15:41:14,355:INFO:         yellowbrick: 1.5
2026-09-16 15:41:14,355:INFO:              plotly: 6.9.0
2026-09-16 15:41:14,355:INFO:    plotly-resampler: Not installed
2026-09-16 15:41:14,355:INFO:             kaleido: 1.4.0
2026-09-16 15:41:14,355:INFO:           schemdraw: 0.15
2026-09-16 15:41:14,355:INFO:         statsmodels: 0.15.0
2026-09-16 15:41:14,355:INFO:              sktime: 0.26.0
2026-09-16 15:41:14,355:INFO:               tbats: 1.1.3
2026-09-16 15:41:14,355:INFO:            pmdarima: 2.0.4
2026-09-16 15:41:14,355:INFO:              psutil: 7.2.2
2026-09-16 15:41:14,355:INFO:          markupsafe: 3.0.3
2026-09-16 15:41:14,355:INFO:             pickle5: Not installed
2026-09-16 15:41:14,355:INFO:         cloudpickle: 3.1.2
2026-09-16 15:41:14,355:INFO:         deprecation: 2.1.0
2026-09-16 15:41:14,355:INFO:              xxhash: 4.0.1
2026-09-16 15:41:14,355:INFO:           wurlitzer: Not installed
2026-09-16 15:41:14,355:INFO:PyCaret optional dependencies:
2026-09-16 15:41:14,371:INFO:                shap: Not installed
2026-09-16 15:41:14,371:INFO:           interpret: Not installed
2026-09-16 15:41:14,372:INFO:                umap: Not installed
2026-09-16 15:41:14,372:INFO:     ydata_profiling: Not installed
2026-09-16 15:41:14,372:INFO:  explainerdashboard: Not installed
2026-09-16 15:41:14,372:INFO:             autoviz: Not installed
2026-09-16 15:41:14,373:INFO:           fairlearn: Not installed
2026-09-16 15:41:14,373:INFO:          deepchecks: Not installed
2026-09-16 15:41:14,373:INFO:             xgboost: Not installed
2026-09-16 15:41:14,373:INFO:            catboost: Not installed
2026-09-16 15:41:14,373:INFO:              kmodes: Not installed
2026-09-16 15:41:14,373:INFO:             mlxtend: Not installed
2026-09-16 15:41:14,373:INFO:       statsforecast: Not installed
2026-09-16 15:41:14,373:INFO:        tune_sklearn: Not installed
2026-09-16 15:41:14,373:INFO:                 ray: Not installed
2026-09-16 15:41:14,373:INFO:            hyperopt: Not installed
2026-09-16 15:41:14,373:INFO:              optuna: Not installed
2026-09-16 15:41:14,373:INFO:               skopt: Not installed
2026-09-16 15:41:14,373:INFO:              mlflow: Not installed
2026-09-16 15:41:14,373:INFO:              gradio: Not installed
2026-09-16 15:41:14,373:INFO:             fastapi: Not installed
2026-09-16 15:41:14,373:INFO:             uvicorn: Not installed
2026-09-16 15:41:14,373:INFO:              m2cgen: Not installed
2026-09-16 15:41:14,373:INFO:           evidently: Not installed
2026-09-16 15:41:14,373:INFO:               fugue: Not installed
2026-09-16 15:41:14,373:INFO:           streamlit: Not installed
2026-09-16 15:41:14,373:INFO:             prophet: Not installed
2026-09-16 15:41:14,373:INFO:None
2026-09-16 15:41:14,373:INFO:Set up data.
2026-09-16 15:41:14,383:INFO:Set up folding strategy.
2026-09-16 15:41:14,383:INFO:Set up train/test split.
2026-09-16 15:41:14,394:INFO:Set up index.
2026-09-16 15:41:14,397:INFO:Assigning column types.
2026-09-16 15:41:14,405:INFO:Engine successfully changes for model 'lr' to 'sklearn'.
2026-09-16 15:41:14,479:INFO:Engine for model 'knn' has not been set explicitly, hence returning None.
2026-09-16 15:41:14,485:INFO:Engine for model 'rbfsvm' has not been set explicitly, hence returning None.
2026-09-16 15:41:14,544:WARNING:
'xgboost' is a soft dependency and not included in the pycaret installation. Please run: `pip install xgboost` to install.
Alternately, you can install this by running `pip install pycaret[models]`
2026-09-16 15:41:14,544:WARNING:
'catboost' is a soft dependency and not included in the pycaret installation. Please run: `pip install catboost` to install.
Alternately, you can install this by running `pip install pycaret[models]`
2026-09-16 15:41:14,627:INFO:Engine for model 'knn' has not been set explicitly, hence returning None.
2026-09-16 15:41:14,629:INFO:Engine for model 'rbfsvm' has not been set explicitly, hence returning None.
2026-09-16 15:41:14,691:WARNING:
'xgboost' is a soft dependency and not included in the pycaret installation. Please run: `pip install xgboost` to install.
Alternately, you can install this by running `pip install pycaret[models]`
2026-09-16 15:41:14,692:WARNING:
'catboost' is a soft dependency and not included in the pycaret installation. Please run: `pip install catboost` to install.
Alternately, you can install this by running `pip install pycaret[models]`
2026-09-16 15:41:14,693:INFO:Engine successfully changes for model 'knn' to 'sklearn'.
2026-09-16 15:41:14,793:INFO:Engine for model 'rbfsvm' has not been set explicitly, hence returning None.
2026-09-16 15:41:14,860:WARNING:
'xgboost' is a soft dependency and not included in the pycaret installation. Please run: `pip install xgboost` to install.
Alternately, you can install this by running `pip install pycaret[models]`
2026-09-16 15:41:14,860:WARNING:
'catboost' is a soft dependency and not included in the pycaret installation. Please run: `pip install catboost` to install.
Alternately, you can install this by running `pip install pycaret[models]`
2026-09-16 15:41:14,962:INFO:Engine for model 'rbfsvm' has not been set explicitly, hence returning None.
2026-09-16 15:41:15,030:WARNING:
'xgboost' is a soft dependency and not included in the pycaret installation. Please run: `pip install xgboost` to install.
Alternately, you can install this by running `pip install pycaret[models]`
2026-09-16 15:41:15,031:WARNING:
'catboost' is a soft dependency and not included in the pycaret installation. Please run: `pip install catboost` to install.
Alternately, you can install this by running `pip install pycaret[models]`
2026-09-16 15:41:15,031:INFO:Engine successfully changes for model 'rbfsvm' to 'sklearn'.
2026-09-16 15:41:15,182:WARNING:
'xgboost' is a soft dependency and not included in the pycaret installation. Please run: `pip install xgboost` to install.
Alternately, you can install this by running `pip install pycaret[models]`
2026-09-16 15:41:15,183:WARNING:
'catboost' is a soft dependency and not included in the pycaret installation. Please run: `pip install catboost` to install.
Alternately, you can install this by running `pip install pycaret[models]`
2026-09-16 15:41:15,321:WARNING:
'xgboost' is a soft dependency and not included in the pycaret installation. Please run: `pip install xgboost` to install.
Alternately, you can install this by running `pip install pycaret[models]`
2026-09-16 15:41:15,321:WARNING:
'catboost' is a soft dependency and not included in the pycaret installation. Please run: `pip install catboost` to install.
Alternately, you can install this by running `pip install pycaret[models]`
2026-09-16 15:41:15,328:INFO:Preparing preprocessing pipeline...
2026-09-16 15:41:15,331:INFO:Set up simple imputation.
2026-09-16 15:41:15,331:INFO:Set up column name cleaning.
2026-09-16 15:41:15,365:INFO:Finished creating preprocessing pipeline.
2026-09-16 15:41:15,373:INFO:Pipeline: Pipeline(memory=FastMemory(location=C:\Users\ASUS\AppData\Local\Temp\joblib),
         steps=[('numerical_imputer',
                 TransformerWrapper(exclude=None,
                                    include=['sepal length (cm)',
                                             'sepal width (cm)',
                                             'petal length (cm)',
                                             'petal width (cm)'],
                                    transformer=SimpleImputer(add_indicator=False,
                                                              copy=True,
                                                              fill_value=None,
                                                              keep_empty_features=False,
                                                              missing_values=nan,
                                                              strategy='mean'))),
                ('categorical_imputer',
                 TransformerWrapper(exclude=None, include=[],
                                    transformer=SimpleImputer(add_indicator=False,
                                                              copy=True,
                                                              fill_value=None,
                                                              keep_empty_features=False,
                                                              missing_values=nan,
                                                              strategy='most_frequent'))),
                ('clean_column_names',
                 TransformerWrapper(exclude=None, include=None,
                                    transformer=CleanColumnNames(match='[\\]\\[\\,\\{\\}\\"\\:]+')))],
         verbose=False)
2026-09-16 15:41:15,373:INFO:Creating final display dataframe.
2026-09-16 15:41:15,469:INFO:Setup _display_container:                     Description             Value
0                    Session id              3519
1                        Target            Target
2                   Target type        Multiclass
3           Original data shape          (150, 5)
4        Transformed data shape          (150, 5)
5   Transformed train set shape          (105, 5)
6    Transformed test set shape           (45, 5)
7              Numeric features                 4
8                    Preprocess              True
9               Imputation type            simple
10           Numeric imputation              mean
11       Categorical imputation              mode
12               Fold Generator   StratifiedKFold
13                  Fold Number                10
14                     CPU Jobs                -1
15                      Use GPU             False
16               Log Experiment             False
17              Experiment Name  clf-default-name
18                          USI              7e78
2026-09-16 15:41:15,593:WARNING:
'xgboost' is a soft dependency and not included in the pycaret installation. Please run: `pip install xgboost` to install.
Alternately, you can install this by running `pip install pycaret[models]`
2026-09-16 15:41:15,594:WARNING:
'catboost' is a soft dependency and not included in the pycaret installation. Please run: `pip install catboost` to install.
Alternately, you can install this by running `pip install pycaret[models]`
2026-09-16 15:41:15,712:WARNING:
'xgboost' is a soft dependency and not included in the pycaret installation. Please run: `pip install xgboost` to install.
Alternately, you can install this by running `pip install pycaret[models]`
2026-09-16 15:41:15,713:WARNING:
'catboost' is a soft dependency and not included in the pycaret installation. Please run: `pip install catboost` to install.
Alternately, you can install this by running `pip install pycaret[models]`
2026-09-16 15:41:15,715:INFO:setup() successfully completed in 1.43s...............
2026-09-16 15:41:15,715:INFO:Initializing compare_models()
2026-09-16 15:41:15,715:INFO:compare_models(self=<pycaret.classification.oop.ClassificationExperiment object at 0x00000183F9EE6CD0>, include=None, exclude=None, fold=None, round=4, cross_validation=True, sort=Accuracy, n_select=1, budget_time=None, turbo=True, errors=ignore, fit_kwargs=None, groups=None, experiment_custom_tags=None, probability_threshold=None, verbose=True, parallel=None, caller_params={'self': <pycaret.classification.oop.ClassificationExperiment object at 0x00000183F9EE6CD0>, 'include': None, 'exclude': None, 'fold': None, 'round': 4, 'cross_validation': True, 'sort': 'Accuracy', 'n_select': 1, 'budget_time': None, 'turbo': True, 'errors': 'ignore', 'fit_kwargs': None, 'groups': None, 'experiment_custom_tags': None, 'probability_threshold': None, 'engine': None, 'verbose': True, 'parallel': None, '__class__': <class 'pycaret.classification.oop.ClassificationExperiment'>})
2026-09-16 15:41:15,715:INFO:Checking exceptions
2026-09-16 15:41:15,721:INFO:Preparing display monitor
2026-09-16 15:41:15,728:INFO:Initializing Logistic Regression
2026-09-16 15:41:15,728:INFO:Total runtime is 0.0 minutes
2026-09-16 15:41:15,728:INFO:SubProcess create_model() called ==================================
2026-09-16 15:41:15,728:INFO:Initializing create_model()
2026-09-16 15:41:15,728:INFO:create_model(self=<pycaret.classification.oop.ClassificationExperiment object at 0x00000183F9EE6CD0>, estimator=lr, fold=StratifiedKFold(n_splits=10, random_state=None, shuffle=False), round=4, cross_validation=True, predict=True, fit_kwargs={}, groups=None, refit=False, probability_threshold=None, experiment_custom_tags=None, verbose=False, system=False, add_to_model_list=True, metrics=None, display=<pycaret.internal.display.display.CommonDisplay object at 0x00000183FFA4EE90>, model_only=True, return_train_score=False, error_score=0.0, kwargs={})
2026-09-16 15:41:15,728:INFO:Checking exceptions
2026-09-16 15:41:15,729:INFO:Importing libraries
2026-09-16 15:41:15,729:INFO:Copying training dataset
2026-09-16 15:41:15,735:INFO:Defining folds
2026-09-16 15:41:15,735:INFO:Declaring metric variables
2026-09-16 15:41:15,736:INFO:Importing untrained model
2026-09-16 15:41:15,737:INFO:Logistic Regression Imported successfully
2026-09-16 15:41:15,738:INFO:Starting cross validation
2026-09-16 15:41:15,739:INFO:Cross validating with StratifiedKFold(n_splits=10, random_state=None, shuffle=False), n_jobs=-1
2026-09-16 15:41:30,678:WARNING:C:\Users\ASUS\Documents\Kuliah\Semester 5\Workshop AI\Bab_3\pycaret_env\Lib\site-packages\pycaret\internal\metrics.py:204: FitFailedWarning: Metric 'make_scorer(roc_auc_score, response_method=('decision_function', 'predict_proba'), average=weighted, multi_class=ovr)' failed and error score 0.0 has been returned instead. If this is a custom metric, this usually means that the error is in the metric code. Full exception below:
Traceback (most recent call last):
  File "C:\Users\ASUS\Documents\Kuliah\Semester 5\Workshop AI\Bab_3\pycaret_env\Lib\site-packages\pycaret\internal\metrics.py", line 196, in _score
    return super()._score(
           ^^^^^^^^^^^^^^^
  File "C:\Users\ASUS\Documents\Kuliah\Semester 5\Workshop AI\Bab_3\pycaret_env\Lib\site-packages\sklearn\metrics\_scorer.py", line 350, in _score
    return self._sign * self._score_func(y_true, y_pred, **scoring_kwargs)
                        ^^^^^^^^^^^^^^^^^^^^^^^^^^^^^^^^^^^^^^^^^^^^^^^^^^
  File "C:\Users\ASUS\Documents\Kuliah\Semester 5\Workshop AI\Bab_3\pycaret_env\Lib\site-packages\pycaret\internal\metrics.py", line 144, in __call__
    return self.score_func(y_true, y_pred, **kwargs)
           ^^^^^^^^^^^^^^^^^^^^^^^^^^^^^^^^^^^^^^^^^
  File "C:\Users\ASUS\Documents\Kuliah\Semester 5\Workshop AI\Bab_3\pycaret_env\Lib\site-packages\sklearn\utils\_param_validation.py", line 213, in wrapper
    return func(*args, **kwargs)
           ^^^^^^^^^^^^^^^^^^^^^
  File "C:\Users\ASUS\Documents\Kuliah\Semester 5\Workshop AI\Bab_3\pycaret_env\Lib\site-packages\sklearn\metrics\_ranking.py", line 634, in roc_auc_score
    return _multiclass_roc_auc_score(
           ^^^^^^^^^^^^^^^^^^^^^^^^^^
  File "C:\Users\ASUS\Documents\Kuliah\Semester 5\Workshop AI\Bab_3\pycaret_env\Lib\site-packages\sklearn\metrics\_ranking.py", line 707, in _multiclass_roc_auc_score
    raise ValueError(
ValueError: Target scores need to be probabilities for multiclass roc_auc, i.e. they should sum up to 1.0 over classes

  warnings.warn(

2026-09-16 15:41:30,678:WARNING:C:\Users\ASUS\Documents\Kuliah\Semester 5\Workshop AI\Bab_3\pycaret_env\Lib\site-packages\pycaret\internal\metrics.py:204: FitFailedWarning: Metric 'make_scorer(roc_auc_score, response_method=('decision_function', 'predict_proba'), average=weighted, multi_class=ovr)' failed and error score 0.0 has been returned instead. If this is a custom metric, this usually means that the error is in the metric code. Full exception below:
Traceback (most recent call last):
  File "C:\Users\ASUS\Documents\Kuliah\Semester 5\Workshop AI\Bab_3\pycaret_env\Lib\site-packages\pycaret\internal\metrics.py", line 196, in _score
    return super()._score(
           ^^^^^^^^^^^^^^^
  File "C:\Users\ASUS\Documents\Kuliah\Semester 5\Workshop AI\Bab_3\pycaret_env\Lib\site-packages\sklearn\metrics\_scorer.py", line 350, in _score
    return self._sign * self._score_func(y_true, y_pred, **scoring_kwargs)
                        ^^^^^^^^^^^^^^^^^^^^^^^^^^^^^^^^^^^^^^^^^^^^^^^^^^
  File "C:\Users\ASUS\Documents\Kuliah\Semester 5\Workshop AI\Bab_3\pycaret_env\Lib\site-packages\pycaret\internal\metrics.py", line 144, in __call__
    return self.score_func(y_true, y_pred, **kwargs)
           ^^^^^^^^^^^^^^^^^^^^^^^^^^^^^^^^^^^^^^^^^
  File "C:\Users\ASUS\Documents\Kuliah\Semester 5\Workshop AI\Bab_3\pycaret_env\Lib\site-packages\sklearn\utils\_param_validation.py", line 213, in wrapper
    return func(*args, **kwargs)
           ^^^^^^^^^^^^^^^^^^^^^
  File "C:\Users\ASUS\Documents\Kuliah\Semester 5\Workshop AI\Bab_3\pycaret_env\Lib\site-packages\sklearn\metrics\_ranking.py", line 634, in roc_auc_score
    return _multiclass_roc_auc_score(
           ^^^^^^^^^^^^^^^^^^^^^^^^^^
  File "C:\Users\ASUS\Documents\Kuliah\Semester 5\Workshop AI\Bab_3\pycaret_env\Lib\site-packages\sklearn\metrics\_ranking.py", line 707, in _multiclass_roc_auc_score
    raise ValueError(
ValueError: Target scores need to be probabilities for multiclass roc_auc, i.e. they should sum up to 1.0 over classes

  warnings.warn(

2026-09-16 15:41:30,678:WARNING:C:\Users\ASUS\Documents\Kuliah\Semester 5\Workshop AI\Bab_3\pycaret_env\Lib\site-packages\pycaret\internal\metrics.py:204: FitFailedWarning: Metric 'make_scorer(roc_auc_score, response_method=('decision_function', 'predict_proba'), average=weighted, multi_class=ovr)' failed and error score 0.0 has been returned instead. If this is a custom metric, this usually means that the error is in the metric code. Full exception below:
Traceback (most recent call last):
  File "C:\Users\ASUS\Documents\Kuliah\Semester 5\Workshop AI\Bab_3\pycaret_env\Lib\site-packages\pycaret\internal\metrics.py", line 196, in _score
    return super()._score(
           ^^^^^^^^^^^^^^^
  File "C:\Users\ASUS\Documents\Kuliah\Semester 5\Workshop AI\Bab_3\pycaret_env\Lib\site-packages\sklearn\metrics\_scorer.py", line 350, in _score
    return self._sign * self._score_func(y_true, y_pred, **scoring_kwargs)
                        ^^^^^^^^^^^^^^^^^^^^^^^^^^^^^^^^^^^^^^^^^^^^^^^^^^
  File "C:\Users\ASUS\Documents\Kuliah\Semester 5\Workshop AI\Bab_3\pycaret_env\Lib\site-packages\pycaret\internal\metrics.py", line 144, in __call__
    return self.score_func(y_true, y_pred, **kwargs)
           ^^^^^^^^^^^^^^^^^^^^^^^^^^^^^^^^^^^^^^^^^
  File "C:\Users\ASUS\Documents\Kuliah\Semester 5\Workshop AI\Bab_3\pycaret_env\Lib\site-packages\sklearn\utils\_param_validation.py", line 213, in wrapper
    return func(*args, **kwargs)
           ^^^^^^^^^^^^^^^^^^^^^
  File "C:\Users\ASUS\Documents\Kuliah\Semester 5\Workshop AI\Bab_3\pycaret_env\Lib\site-packages\sklearn\metrics\_ranking.py", line 634, in roc_auc_score
    return _multiclass_roc_auc_score(
           ^^^^^^^^^^^^^^^^^^^^^^^^^^
  File "C:\Users\ASUS\Documents\Kuliah\Semester 5\Workshop AI\Bab_3\pycaret_env\Lib\site-packages\sklearn\metrics\_ranking.py", line 707, in _multiclass_roc_auc_score
    raise ValueError(
ValueError: Target scores need to be probabilities for multiclass roc_auc, i.e. they should sum up to 1.0 over classes

  warnings.warn(

2026-09-16 15:41:30,759:INFO:Calculating mean and std
2026-09-16 15:41:30,761:INFO:Creating metrics dataframe
2026-09-16 15:41:30,775:INFO:Uploading results into container
2026-09-16 15:41:30,777:INFO:Uploading model into container now
2026-09-16 15:41:30,778:INFO:_master_model_container: 1
2026-09-16 15:41:30,779:INFO:_display_container: 2
2026-09-16 15:41:30,780:INFO:LogisticRegression(C=1.0, class_weight=None, dual=False, fit_intercept=True,
                   intercept_scaling=1, l1_ratio=None, max_iter=1000,
                   multi_class='auto', n_jobs=None, penalty='l2',
                   random_state=3519, solver='lbfgs', tol=0.0001, verbose=0,
                   warm_start=False)
2026-09-16 15:41:30,780:INFO:create_model() successfully completed......................................
2026-09-16 15:41:30,961:INFO:SubProcess create_model() end ==================================
2026-09-16 15:41:30,961:INFO:Creating metrics dataframe
2026-09-16 15:41:31,128:INFO:Initializing K Neighbors Classifier
2026-09-16 15:41:31,128:INFO:Total runtime is 0.256672469774882 minutes
2026-09-16 15:41:31,131:INFO:SubProcess create_model() called ==================================
2026-09-16 15:41:31,131:INFO:Initializing create_model()
2026-09-16 15:41:31,131:INFO:create_model(self=<pycaret.classification.oop.ClassificationExperiment object at 0x00000183F9EE6CD0>, estimator=knn, fold=StratifiedKFold(n_splits=10, random_state=None, shuffle=False), round=4, cross_validation=True, predict=True, fit_kwargs={}, groups=None, refit=False, probability_threshold=None, experiment_custom_tags=None, verbose=False, system=False, add_to_model_list=True, metrics=None, display=<pycaret.internal.display.display.CommonDisplay object at 0x00000183FFA4EE90>, model_only=True, return_train_score=False, error_score=0.0, kwargs={})
2026-09-16 15:41:31,131:INFO:Checking exceptions
2026-09-16 15:41:31,131:INFO:Importing libraries
2026-09-16 15:41:31,131:INFO:Copying training dataset
2026-09-16 15:41:31,137:INFO:Defining folds
2026-09-16 15:41:31,138:INFO:Declaring metric variables
2026-09-16 15:41:31,138:INFO:Importing untrained model
2026-09-16 15:41:31,138:INFO:K Neighbors Classifier Imported successfully
2026-09-16 15:41:31,139:INFO:Starting cross validation
2026-09-16 15:41:31,139:INFO:Cross validating with StratifiedKFold(n_splits=10, random_state=None, shuffle=False), n_jobs=-1
2026-09-16 15:41:46,079:INFO:Calculating mean and std
2026-09-16 15:41:46,084:INFO:Creating metrics dataframe
2026-09-16 15:41:46,100:INFO:Uploading results into container
2026-09-16 15:41:46,106:INFO:Uploading model into container now
2026-09-16 15:41:46,109:INFO:_master_model_container: 2
2026-09-16 15:41:46,109:INFO:_display_container: 2
2026-09-16 15:41:46,110:INFO:KNeighborsClassifier(algorithm='auto', leaf_size=30, metric='minkowski',
                     metric_params=None, n_jobs=-1, n_neighbors=5, p=2,
                     weights='uniform')
2026-09-16 15:41:46,110:INFO:create_model() successfully completed......................................
2026-09-16 15:41:46,363:INFO:SubProcess create_model() end ==================================
2026-09-16 15:41:46,363:INFO:Creating metrics dataframe
2026-09-16 15:41:46,380:INFO:Initializing Naive Bayes
2026-09-16 15:41:46,380:INFO:Total runtime is 0.5108723521232605 minutes
2026-09-16 15:41:46,381:INFO:SubProcess create_model() called ==================================
2026-09-16 15:41:46,381:INFO:Initializing create_model()
2026-09-16 15:41:46,381:INFO:create_model(self=<pycaret.classification.oop.ClassificationExperiment object at 0x00000183F9EE6CD0>, estimator=nb, fold=StratifiedKFold(n_splits=10, random_state=None, shuffle=False), round=4, cross_validation=True, predict=True, fit_kwargs={}, groups=None, refit=False, probability_threshold=None, experiment_custom_tags=None, verbose=False, system=False, add_to_model_list=True, metrics=None, display=<pycaret.internal.display.display.CommonDisplay object at 0x00000183FFA4EE90>, model_only=True, return_train_score=False, error_score=0.0, kwargs={})
2026-09-16 15:41:46,381:INFO:Checking exceptions
2026-09-16 15:41:46,381:INFO:Importing libraries
2026-09-16 15:41:46,385:INFO:Copying training dataset
2026-09-16 15:41:46,407:INFO:Defining folds
2026-09-16 15:41:46,407:INFO:Declaring metric variables
2026-09-16 15:41:46,407:INFO:Importing untrained model
2026-09-16 15:41:46,407:INFO:Naive Bayes Imported successfully
2026-09-16 15:41:46,408:INFO:Starting cross validation
2026-09-16 15:41:46,409:INFO:Cross validating with StratifiedKFold(n_splits=10, random_state=None, shuffle=False), n_jobs=-1
2026-09-16 15:41:46,599:INFO:Calculating mean and std
2026-09-16 15:41:46,599:INFO:Creating metrics dataframe
2026-09-16 15:41:46,603:INFO:Uploading results into container
2026-09-16 15:41:46,603:INFO:Uploading model into container now
2026-09-16 15:41:46,603:INFO:_master_model_container: 3
2026-09-16 15:41:46,604:INFO:_display_container: 2
2026-09-16 15:41:46,604:INFO:GaussianNB(priors=None, var_smoothing=1e-09)
2026-09-16 15:41:46,604:INFO:create_model() successfully completed......................................
2026-09-16 15:41:46,705:INFO:SubProcess create_model() end ==================================
2026-09-16 15:41:46,748:INFO:Creating metrics dataframe
2026-09-16 15:41:46,754:INFO:Initializing Decision Tree Classifier
2026-09-16 15:41:46,754:INFO:Total runtime is 0.5171086708704631 minutes
2026-09-16 15:41:46,754:INFO:SubProcess create_model() called ==================================
2026-09-16 15:41:46,754:INFO:Initializing create_model()
2026-09-16 15:41:46,754:INFO:create_model(self=<pycaret.classification.oop.ClassificationExperiment object at 0x00000183F9EE6CD0>, estimator=dt, fold=StratifiedKFold(n_splits=10, random_state=None, shuffle=False), round=4, cross_validation=True, predict=True, fit_kwargs={}, groups=None, refit=False, probability_threshold=None, experiment_custom_tags=None, verbose=False, system=False, add_to_model_list=True, metrics=None, display=<pycaret.internal.display.display.CommonDisplay object at 0x00000183FFA4EE90>, model_only=True, return_train_score=False, error_score=0.0, kwargs={})
2026-09-16 15:41:46,754:INFO:Checking exceptions
2026-09-16 15:41:46,754:INFO:Importing libraries
2026-09-16 15:41:46,755:INFO:Copying training dataset
2026-09-16 15:41:46,759:INFO:Defining folds
2026-09-16 15:41:46,759:INFO:Declaring metric variables
2026-09-16 15:41:46,759:INFO:Importing untrained model
2026-09-16 15:41:46,760:INFO:Decision Tree Classifier Imported successfully
2026-09-16 15:41:46,761:INFO:Starting cross validation
2026-09-16 15:41:46,762:INFO:Cross validating with StratifiedKFold(n_splits=10, random_state=None, shuffle=False), n_jobs=-1
2026-09-16 15:41:47,014:INFO:Calculating mean and std
2026-09-16 15:41:47,015:INFO:Creating metrics dataframe
2026-09-16 15:41:47,018:INFO:Uploading results into container
2026-09-16 15:41:47,019:INFO:Uploading model into container now
2026-09-16 15:41:47,019:INFO:_master_model_container: 4
2026-09-16 15:41:47,020:INFO:_display_container: 2
2026-09-16 15:41:47,020:INFO:DecisionTreeClassifier(ccp_alpha=0.0, class_weight=None, criterion='gini',
                       max_depth=None, max_features=None, max_leaf_nodes=None,
                       min_impurity_decrease=0.0, min_samples_leaf=1,
                       min_samples_split=2, min_weight_fraction_leaf=0.0,
                       monotonic_cst=None, random_state=3519, splitter='best')
2026-09-16 15:41:47,020:INFO:create_model() successfully completed......................................
2026-09-16 15:41:47,129:INFO:SubProcess create_model() end ==================================
2026-09-16 15:41:47,129:INFO:Creating metrics dataframe
2026-09-16 15:41:47,144:INFO:Initializing SVM - Linear Kernel
2026-09-16 15:41:47,144:INFO:Total runtime is 0.523599108060201 minutes
2026-09-16 15:41:47,145:INFO:SubProcess create_model() called ==================================
2026-09-16 15:41:47,145:INFO:Initializing create_model()
2026-09-16 15:41:47,145:INFO:create_model(self=<pycaret.classification.oop.ClassificationExperiment object at 0x00000183F9EE6CD0>, estimator=svm, fold=StratifiedKFold(n_splits=10, random_state=None, shuffle=False), round=4, cross_validation=True, predict=True, fit_kwargs={}, groups=None, refit=False, probability_threshold=None, experiment_custom_tags=None, verbose=False, system=False, add_to_model_list=True, metrics=None, display=<pycaret.internal.display.display.CommonDisplay object at 0x00000183FFA4EE90>, model_only=True, return_train_score=False, error_score=0.0, kwargs={})
2026-09-16 15:41:47,145:INFO:Checking exceptions
2026-09-16 15:41:47,145:INFO:Importing libraries
2026-09-16 15:41:47,146:INFO:Copying training dataset
2026-09-16 15:41:47,150:INFO:Defining folds
2026-09-16 15:41:47,150:INFO:Declaring metric variables
2026-09-16 15:41:47,150:INFO:Importing untrained model
2026-09-16 15:41:47,151:INFO:SVM - Linear Kernel Imported successfully
2026-09-16 15:41:47,151:INFO:Starting cross validation
2026-09-16 15:41:47,153:INFO:Cross validating with StratifiedKFold(n_splits=10, random_state=None, shuffle=False), n_jobs=-1
2026-09-16 15:41:47,526:WARNING:C:\Users\ASUS\Documents\Kuliah\Semester 5\Workshop AI\Bab_3\pycaret_env\Lib\site-packages\pycaret\internal\metrics.py:204: FitFailedWarning: Metric 'make_scorer(roc_auc_score, response_method=('decision_function', 'predict_proba'), average=weighted, multi_class=ovr)' failed and error score 0.0 has been returned instead. If this is a custom metric, this usually means that the error is in the metric code. Full exception below:
Traceback (most recent call last):
  File "C:\Users\ASUS\Documents\Kuliah\Semester 5\Workshop AI\Bab_3\pycaret_env\Lib\site-packages\pycaret\internal\metrics.py", line 196, in _score
    return super()._score(
           ^^^^^^^^^^^^^^^
  File "C:\Users\ASUS\Documents\Kuliah\Semester 5\Workshop AI\Bab_3\pycaret_env\Lib\site-packages\sklearn\metrics\_scorer.py", line 350, in _score
    return self._sign * self._score_func(y_true, y_pred, **scoring_kwargs)
                        ^^^^^^^^^^^^^^^^^^^^^^^^^^^^^^^^^^^^^^^^^^^^^^^^^^
  File "C:\Users\ASUS\Documents\Kuliah\Semester 5\Workshop AI\Bab_3\pycaret_env\Lib\site-packages\pycaret\internal\metrics.py", line 144, in __call__
    return self.score_func(y_true, y_pred, **kwargs)
           ^^^^^^^^^^^^^^^^^^^^^^^^^^^^^^^^^^^^^^^^^
  File "C:\Users\ASUS\Documents\Kuliah\Semester 5\Workshop AI\Bab_3\pycaret_env\Lib\site-packages\sklearn\utils\_param_validation.py", line 213, in wrapper
    return func(*args, **kwargs)
           ^^^^^^^^^^^^^^^^^^^^^
  File "C:\Users\ASUS\Documents\Kuliah\Semester 5\Workshop AI\Bab_3\pycaret_env\Lib\site-packages\sklearn\metrics\_ranking.py", line 634, in roc_auc_score
    return _multiclass_roc_auc_score(
           ^^^^^^^^^^^^^^^^^^^^^^^^^^
  File "C:\Users\ASUS\Documents\Kuliah\Semester 5\Workshop AI\Bab_3\pycaret_env\Lib\site-packages\sklearn\metrics\_ranking.py", line 707, in _multiclass_roc_auc_score
    raise ValueError(
ValueError: Target scores need to be probabilities for multiclass roc_auc, i.e. they should sum up to 1.0 over classes

  warnings.warn(

2026-09-16 15:41:47,589:WARNING:C:\Users\ASUS\Documents\Kuliah\Semester 5\Workshop AI\Bab_3\pycaret_env\Lib\site-packages\pycaret\internal\metrics.py:204: FitFailedWarning: Metric 'make_scorer(roc_auc_score, response_method=('decision_function', 'predict_proba'), average=weighted, multi_class=ovr)' failed and error score 0.0 has been returned instead. If this is a custom metric, this usually means that the error is in the metric code. Full exception below:
Traceback (most recent call last):
  File "C:\Users\ASUS\Documents\Kuliah\Semester 5\Workshop AI\Bab_3\pycaret_env\Lib\site-packages\pycaret\internal\metrics.py", line 196, in _score
    return super()._score(
           ^^^^^^^^^^^^^^^
  File "C:\Users\ASUS\Documents\Kuliah\Semester 5\Workshop AI\Bab_3\pycaret_env\Lib\site-packages\sklearn\metrics\_scorer.py", line 350, in _score
    return self._sign * self._score_func(y_true, y_pred, **scoring_kwargs)
                        ^^^^^^^^^^^^^^^^^^^^^^^^^^^^^^^^^^^^^^^^^^^^^^^^^^
  File "C:\Users\ASUS\Documents\Kuliah\Semester 5\Workshop AI\Bab_3\pycaret_env\Lib\site-packages\pycaret\internal\metrics.py", line 144, in __call__
    return self.score_func(y_true, y_pred, **kwargs)
           ^^^^^^^^^^^^^^^^^^^^^^^^^^^^^^^^^^^^^^^^^
  File "C:\Users\ASUS\Documents\Kuliah\Semester 5\Workshop AI\Bab_3\pycaret_env\Lib\site-packages\sklearn\utils\_param_validation.py", line 213, in wrapper
    return func(*args, **kwargs)
           ^^^^^^^^^^^^^^^^^^^^^
  File "C:\Users\ASUS\Documents\Kuliah\Semester 5\Workshop AI\Bab_3\pycaret_env\Lib\site-packages\sklearn\metrics\_ranking.py", line 634, in roc_auc_score
    return _multiclass_roc_auc_score(
           ^^^^^^^^^^^^^^^^^^^^^^^^^^
  File "C:\Users\ASUS\Documents\Kuliah\Semester 5\Workshop AI\Bab_3\pycaret_env\Lib\site-packages\sklearn\metrics\_ranking.py", line 707, in _multiclass_roc_auc_score
    raise ValueError(
ValueError: Target scores need to be probabilities for multiclass roc_auc, i.e. they should sum up to 1.0 over classes

  warnings.warn(

2026-09-16 15:41:47,589:WARNING:C:\Users\ASUS\Documents\Kuliah\Semester 5\Workshop AI\Bab_3\pycaret_env\Lib\site-packages\pycaret\internal\metrics.py:204: FitFailedWarning: Metric 'make_scorer(roc_auc_score, response_method=('decision_function', 'predict_proba'), average=weighted, multi_class=ovr)' failed and error score 0.0 has been returned instead. If this is a custom metric, this usually means that the error is in the metric code. Full exception below:
Traceback (most recent call last):
  File "C:\Users\ASUS\Documents\Kuliah\Semester 5\Workshop AI\Bab_3\pycaret_env\Lib\site-packages\pycaret\internal\metrics.py", line 196, in _score
    return super()._score(
           ^^^^^^^^^^^^^^^
  File "C:\Users\ASUS\Documents\Kuliah\Semester 5\Workshop AI\Bab_3\pycaret_env\Lib\site-packages\sklearn\metrics\_scorer.py", line 350, in _score
    return self._sign * self._score_func(y_true, y_pred, **scoring_kwargs)
                        ^^^^^^^^^^^^^^^^^^^^^^^^^^^^^^^^^^^^^^^^^^^^^^^^^^
  File "C:\Users\ASUS\Documents\Kuliah\Semester 5\Workshop AI\Bab_3\pycaret_env\Lib\site-packages\pycaret\internal\metrics.py", line 144, in __call__
    return self.score_func(y_true, y_pred, **kwargs)
           ^^^^^^^^^^^^^^^^^^^^^^^^^^^^^^^^^^^^^^^^^
  File "C:\Users\ASUS\Documents\Kuliah\Semester 5\Workshop AI\Bab_3\pycaret_env\Lib\site-packages\sklearn\utils\_param_validation.py", line 213, in wrapper
    return func(*args, **kwargs)
           ^^^^^^^^^^^^^^^^^^^^^
  File "C:\Users\ASUS\Documents\Kuliah\Semester 5\Workshop AI\Bab_3\pycaret_env\Lib\site-packages\sklearn\metrics\_ranking.py", line 634, in roc_auc_score
    return _multiclass_roc_auc_score(
           ^^^^^^^^^^^^^^^^^^^^^^^^^^
  File "C:\Users\ASUS\Documents\Kuliah\Semester 5\Workshop AI\Bab_3\pycaret_env\Lib\site-packages\sklearn\metrics\_ranking.py", line 707, in _multiclass_roc_auc_score
    raise ValueError(
ValueError: Target scores need to be probabilities for multiclass roc_auc, i.e. they should sum up to 1.0 over classes

  warnings.warn(

2026-09-16 15:41:47,613:INFO:Calculating mean and std
2026-09-16 15:41:47,613:INFO:Creating metrics dataframe
2026-09-16 15:41:47,616:INFO:Uploading results into container
2026-09-16 15:41:47,617:INFO:Uploading model into container now
2026-09-16 15:41:47,618:INFO:_master_model_container: 5
2026-09-16 15:41:47,618:INFO:_display_container: 2
2026-09-16 15:41:47,619:INFO:SGDClassifier(alpha=0.0001, average=False, class_weight=None,
              early_stopping=False, epsilon=0.1, eta0=0.001, fit_intercept=True,
              l1_ratio=0.15, learning_rate='optimal', loss='hinge',
              max_iter=1000, n_iter_no_change=5, n_jobs=-1, penalty='l2',
              power_t=0.5, random_state=3519, shuffle=True, tol=0.001,
              validation_fraction=0.1, verbose=0, warm_start=False)
2026-09-16 15:41:47,619:INFO:create_model() successfully completed......................................
2026-09-16 15:41:47,744:INFO:SubProcess create_model() end ==================================
2026-09-16 15:41:47,744:INFO:Creating metrics dataframe
2026-09-16 15:41:47,759:INFO:Initializing Ridge Classifier
2026-09-16 15:41:47,759:INFO:Total runtime is 0.5338518937428792 minutes
2026-09-16 15:41:47,759:INFO:SubProcess create_model() called ==================================
2026-09-16 15:41:47,760:INFO:Initializing create_model()
2026-09-16 15:41:47,760:INFO:create_model(self=<pycaret.classification.oop.ClassificationExperiment object at 0x00000183F9EE6CD0>, estimator=ridge, fold=StratifiedKFold(n_splits=10, random_state=None, shuffle=False), round=4, cross_validation=True, predict=True, fit_kwargs={}, groups=None, refit=False, probability_threshold=None, experiment_custom_tags=None, verbose=False, system=False, add_to_model_list=True, metrics=None, display=<pycaret.internal.display.display.CommonDisplay object at 0x00000183FFA4EE90>, model_only=True, return_train_score=False, error_score=0.0, kwargs={})
2026-09-16 15:41:47,760:INFO:Checking exceptions
2026-09-16 15:41:47,760:INFO:Importing libraries
2026-09-16 15:41:47,760:INFO:Copying training dataset
2026-09-16 15:41:47,766:INFO:Defining folds
2026-09-16 15:41:47,766:INFO:Declaring metric variables
2026-09-16 15:41:47,766:INFO:Importing untrained model
2026-09-16 15:41:47,767:INFO:Ridge Classifier Imported successfully
2026-09-16 15:41:47,768:INFO:Starting cross validation
2026-09-16 15:41:47,769:INFO:Cross validating with StratifiedKFold(n_splits=10, random_state=None, shuffle=False), n_jobs=-1
2026-09-16 15:41:48,176:WARNING:C:\Users\ASUS\Documents\Kuliah\Semester 5\Workshop AI\Bab_3\pycaret_env\Lib\site-packages\pycaret\internal\metrics.py:204: FitFailedWarning: Metric 'make_scorer(roc_auc_score, response_method=('decision_function', 'predict_proba'), average=weighted, multi_class=ovr)' failed and error score 0.0 has been returned instead. If this is a custom metric, this usually means that the error is in the metric code. Full exception below:
Traceback (most recent call last):
  File "C:\Users\ASUS\Documents\Kuliah\Semester 5\Workshop AI\Bab_3\pycaret_env\Lib\site-packages\pycaret\internal\metrics.py", line 196, in _score
    return super()._score(
           ^^^^^^^^^^^^^^^
  File "C:\Users\ASUS\Documents\Kuliah\Semester 5\Workshop AI\Bab_3\pycaret_env\Lib\site-packages\sklearn\metrics\_scorer.py", line 350, in _score
    return self._sign * self._score_func(y_true, y_pred, **scoring_kwargs)
                        ^^^^^^^^^^^^^^^^^^^^^^^^^^^^^^^^^^^^^^^^^^^^^^^^^^
  File "C:\Users\ASUS\Documents\Kuliah\Semester 5\Workshop AI\Bab_3\pycaret_env\Lib\site-packages\pycaret\internal\metrics.py", line 144, in __call__
    return self.score_func(y_true, y_pred, **kwargs)
           ^^^^^^^^^^^^^^^^^^^^^^^^^^^^^^^^^^^^^^^^^
  File "C:\Users\ASUS\Documents\Kuliah\Semester 5\Workshop AI\Bab_3\pycaret_env\Lib\site-packages\sklearn\utils\_param_validation.py", line 213, in wrapper
    return func(*args, **kwargs)
           ^^^^^^^^^^^^^^^^^^^^^
  File "C:\Users\ASUS\Documents\Kuliah\Semester 5\Workshop AI\Bab_3\pycaret_env\Lib\site-packages\sklearn\metrics\_ranking.py", line 634, in roc_auc_score
    return _multiclass_roc_auc_score(
           ^^^^^^^^^^^^^^^^^^^^^^^^^^
  File "C:\Users\ASUS\Documents\Kuliah\Semester 5\Workshop AI\Bab_3\pycaret_env\Lib\site-packages\sklearn\metrics\_ranking.py", line 707, in _multiclass_roc_auc_score
    raise ValueError(
ValueError: Target scores need to be probabilities for multiclass roc_auc, i.e. they should sum up to 1.0 over classes

  warnings.warn(

2026-09-16 15:41:48,176:WARNING:C:\Users\ASUS\Documents\Kuliah\Semester 5\Workshop AI\Bab_3\pycaret_env\Lib\site-packages\pycaret\internal\metrics.py:204: FitFailedWarning: Metric 'make_scorer(roc_auc_score, response_method=('decision_function', 'predict_proba'), average=weighted, multi_class=ovr)' failed and error score 0.0 has been returned instead. If this is a custom metric, this usually means that the error is in the metric code. Full exception below:
Traceback (most recent call last):
  File "C:\Users\ASUS\Documents\Kuliah\Semester 5\Workshop AI\Bab_3\pycaret_env\Lib\site-packages\pycaret\internal\metrics.py", line 196, in _score
    return super()._score(
           ^^^^^^^^^^^^^^^
  File "C:\Users\ASUS\Documents\Kuliah\Semester 5\Workshop AI\Bab_3\pycaret_env\Lib\site-packages\sklearn\metrics\_scorer.py", line 350, in _score
    return self._sign * self._score_func(y_true, y_pred, **scoring_kwargs)
                        ^^^^^^^^^^^^^^^^^^^^^^^^^^^^^^^^^^^^^^^^^^^^^^^^^^
  File "C:\Users\ASUS\Documents\Kuliah\Semester 5\Workshop AI\Bab_3\pycaret_env\Lib\site-packages\pycaret\internal\metrics.py", line 144, in __call__
    return self.score_func(y_true, y_pred, **kwargs)
           ^^^^^^^^^^^^^^^^^^^^^^^^^^^^^^^^^^^^^^^^^
  File "C:\Users\ASUS\Documents\Kuliah\Semester 5\Workshop AI\Bab_3\pycaret_env\Lib\site-packages\sklearn\utils\_param_validation.py", line 213, in wrapper
    return func(*args, **kwargs)
           ^^^^^^^^^^^^^^^^^^^^^
  File "C:\Users\ASUS\Documents\Kuliah\Semester 5\Workshop AI\Bab_3\pycaret_env\Lib\site-packages\sklearn\metrics\_ranking.py", line 634, in roc_auc_score
    return _multiclass_roc_auc_score(
           ^^^^^^^^^^^^^^^^^^^^^^^^^^
  File "C:\Users\ASUS\Documents\Kuliah\Semester 5\Workshop AI\Bab_3\pycaret_env\Lib\site-packages\sklearn\metrics\_ranking.py", line 707, in _multiclass_roc_auc_score
    raise ValueError(
ValueError: Target scores need to be probabilities for multiclass roc_auc, i.e. they should sum up to 1.0 over classes

  warnings.warn(

2026-09-16 15:41:48,176:WARNING:C:\Users\ASUS\Documents\Kuliah\Semester 5\Workshop AI\Bab_3\pycaret_env\Lib\site-packages\pycaret\internal\metrics.py:204: FitFailedWarning: Metric 'make_scorer(roc_auc_score, response_method=('decision_function', 'predict_proba'), average=weighted, multi_class=ovr)' failed and error score 0.0 has been returned instead. If this is a custom metric, this usually means that the error is in the metric code. Full exception below:
Traceback (most recent call last):
  File "C:\Users\ASUS\Documents\Kuliah\Semester 5\Workshop AI\Bab_3\pycaret_env\Lib\site-packages\pycaret\internal\metrics.py", line 196, in _score
    return super()._score(
           ^^^^^^^^^^^^^^^
  File "C:\Users\ASUS\Documents\Kuliah\Semester 5\Workshop AI\Bab_3\pycaret_env\Lib\site-packages\sklearn\metrics\_scorer.py", line 350, in _score
    return self._sign * self._score_func(y_true, y_pred, **scoring_kwargs)
                        ^^^^^^^^^^^^^^^^^^^^^^^^^^^^^^^^^^^^^^^^^^^^^^^^^^
  File "C:\Users\ASUS\Documents\Kuliah\Semester 5\Workshop AI\Bab_3\pycaret_env\Lib\site-packages\pycaret\internal\metrics.py", line 144, in __call__
    return self.score_func(y_true, y_pred, **kwargs)
           ^^^^^^^^^^^^^^^^^^^^^^^^^^^^^^^^^^^^^^^^^
  File "C:\Users\ASUS\Documents\Kuliah\Semester 5\Workshop AI\Bab_3\pycaret_env\Lib\site-packages\sklearn\utils\_param_validation.py", line 213, in wrapper
    return func(*args, **kwargs)
           ^^^^^^^^^^^^^^^^^^^^^
  File "C:\Users\ASUS\Documents\Kuliah\Semester 5\Workshop AI\Bab_3\pycaret_env\Lib\site-packages\sklearn\metrics\_ranking.py", line 634, in roc_auc_score
    return _multiclass_roc_auc_score(
           ^^^^^^^^^^^^^^^^^^^^^^^^^^
  File "C:\Users\ASUS\Documents\Kuliah\Semester 5\Workshop AI\Bab_3\pycaret_env\Lib\site-packages\sklearn\metrics\_ranking.py", line 707, in _multiclass_roc_auc_score
    raise ValueError(
ValueError: Target scores need to be probabilities for multiclass roc_auc, i.e. they should sum up to 1.0 over classes

  warnings.warn(

2026-09-16 15:41:48,178:WARNING:C:\Users\ASUS\Documents\Kuliah\Semester 5\Workshop AI\Bab_3\pycaret_env\Lib\site-packages\pycaret\internal\metrics.py:204: FitFailedWarning: Metric 'make_scorer(roc_auc_score, response_method=('decision_function', 'predict_proba'), average=weighted, multi_class=ovr)' failed and error score 0.0 has been returned instead. If this is a custom metric, this usually means that the error is in the metric code. Full exception below:
Traceback (most recent call last):
  File "C:\Users\ASUS\Documents\Kuliah\Semester 5\Workshop AI\Bab_3\pycaret_env\Lib\site-packages\pycaret\internal\metrics.py", line 196, in _score
    return super()._score(
           ^^^^^^^^^^^^^^^
  File "C:\Users\ASUS\Documents\Kuliah\Semester 5\Workshop AI\Bab_3\pycaret_env\Lib\site-packages\sklearn\metrics\_scorer.py", line 350, in _score
    return self._sign * self._score_func(y_true, y_pred, **scoring_kwargs)
                        ^^^^^^^^^^^^^^^^^^^^^^^^^^^^^^^^^^^^^^^^^^^^^^^^^^
  File "C:\Users\ASUS\Documents\Kuliah\Semester 5\Workshop AI\Bab_3\pycaret_env\Lib\site-packages\pycaret\internal\metrics.py", line 144, in __call__
    return self.score_func(y_true, y_pred, **kwargs)
           ^^^^^^^^^^^^^^^^^^^^^^^^^^^^^^^^^^^^^^^^^
  File "C:\Users\ASUS\Documents\Kuliah\Semester 5\Workshop AI\Bab_3\pycaret_env\Lib\site-packages\sklearn\utils\_param_validation.py", line 213, in wrapper
    return func(*args, **kwargs)
           ^^^^^^^^^^^^^^^^^^^^^
  File "C:\Users\ASUS\Documents\Kuliah\Semester 5\Workshop AI\Bab_3\pycaret_env\Lib\site-packages\sklearn\metrics\_ranking.py", line 634, in roc_auc_score
    return _multiclass_roc_auc_score(
           ^^^^^^^^^^^^^^^^^^^^^^^^^^
  File "C:\Users\ASUS\Documents\Kuliah\Semester 5\Workshop AI\Bab_3\pycaret_env\Lib\site-packages\sklearn\metrics\_ranking.py", line 707, in _multiclass_roc_auc_score
    raise ValueError(
ValueError: Target scores need to be probabilities for multiclass roc_auc, i.e. they should sum up to 1.0 over classes

  warnings.warn(

2026-09-16 15:41:48,178:WARNING:C:\Users\ASUS\Documents\Kuliah\Semester 5\Workshop AI\Bab_3\pycaret_env\Lib\site-packages\pycaret\internal\metrics.py:204: FitFailedWarning: Metric 'make_scorer(roc_auc_score, response_method=('decision_function', 'predict_proba'), average=weighted, multi_class=ovr)' failed and error score 0.0 has been returned instead. If this is a custom metric, this usually means that the error is in the metric code. Full exception below:
Traceback (most recent call last):
  File "C:\Users\ASUS\Documents\Kuliah\Semester 5\Workshop AI\Bab_3\pycaret_env\Lib\site-packages\pycaret\internal\metrics.py", line 196, in _score
    return super()._score(
           ^^^^^^^^^^^^^^^
  File "C:\Users\ASUS\Documents\Kuliah\Semester 5\Workshop AI\Bab_3\pycaret_env\Lib\site-packages\sklearn\metrics\_scorer.py", line 350, in _score
    return self._sign * self._score_func(y_true, y_pred, **scoring_kwargs)
                        ^^^^^^^^^^^^^^^^^^^^^^^^^^^^^^^^^^^^^^^^^^^^^^^^^^
  File "C:\Users\ASUS\Documents\Kuliah\Semester 5\Workshop AI\Bab_3\pycaret_env\Lib\site-packages\pycaret\internal\metrics.py", line 144, in __call__
    return self.score_func(y_true, y_pred, **kwargs)
           ^^^^^^^^^^^^^^^^^^^^^^^^^^^^^^^^^^^^^^^^^
  File "C:\Users\ASUS\Documents\Kuliah\Semester 5\Workshop AI\Bab_3\pycaret_env\Lib\site-packages\sklearn\utils\_param_validation.py", line 213, in wrapper
    return func(*args, **kwargs)
           ^^^^^^^^^^^^^^^^^^^^^
  File "C:\Users\ASUS\Documents\Kuliah\Semester 5\Workshop AI\Bab_3\pycaret_env\Lib\site-packages\sklearn\metrics\_ranking.py", line 634, in roc_auc_score
    return _multiclass_roc_auc_score(
           ^^^^^^^^^^^^^^^^^^^^^^^^^^
  File "C:\Users\ASUS\Documents\Kuliah\Semester 5\Workshop AI\Bab_3\pycaret_env\Lib\site-packages\sklearn\metrics\_ranking.py", line 707, in _multiclass_roc_auc_score
    raise ValueError(
ValueError: Target scores need to be probabilities for multiclass roc_auc, i.e. they should sum up to 1.0 over classes

  warnings.warn(

2026-09-16 15:41:48,181:WARNING:C:\Users\ASUS\Documents\Kuliah\Semester 5\Workshop AI\Bab_3\pycaret_env\Lib\site-packages\pycaret\internal\metrics.py:204: FitFailedWarning: Metric 'make_scorer(roc_auc_score, response_method=('decision_function', 'predict_proba'), average=weighted, multi_class=ovr)' failed and error score 0.0 has been returned instead. If this is a custom metric, this usually means that the error is in the metric code. Full exception below:
Traceback (most recent call last):
  File "C:\Users\ASUS\Documents\Kuliah\Semester 5\Workshop AI\Bab_3\pycaret_env\Lib\site-packages\pycaret\internal\metrics.py", line 196, in _score
    return super()._score(
           ^^^^^^^^^^^^^^^
  File "C:\Users\ASUS\Documents\Kuliah\Semester 5\Workshop AI\Bab_3\pycaret_env\Lib\site-packages\sklearn\metrics\_scorer.py", line 350, in _score
    return self._sign * self._score_func(y_true, y_pred, **scoring_kwargs)
                        ^^^^^^^^^^^^^^^^^^^^^^^^^^^^^^^^^^^^^^^^^^^^^^^^^^
  File "C:\Users\ASUS\Documents\Kuliah\Semester 5\Workshop AI\Bab_3\pycaret_env\Lib\site-packages\pycaret\internal\metrics.py", line 144, in __call__
    return self.score_func(y_true, y_pred, **kwargs)
           ^^^^^^^^^^^^^^^^^^^^^^^^^^^^^^^^^^^^^^^^^
  File "C:\Users\ASUS\Documents\Kuliah\Semester 5\Workshop AI\Bab_3\pycaret_env\Lib\site-packages\sklearn\utils\_param_validation.py", line 213, in wrapper
    return func(*args, **kwargs)
           ^^^^^^^^^^^^^^^^^^^^^
  File "C:\Users\ASUS\Documents\Kuliah\Semester 5\Workshop AI\Bab_3\pycaret_env\Lib\site-packages\sklearn\metrics\_ranking.py", line 634, in roc_auc_score
    return _multiclass_roc_auc_score(
           ^^^^^^^^^^^^^^^^^^^^^^^^^^
  File "C:\Users\ASUS\Documents\Kuliah\Semester 5\Workshop AI\Bab_3\pycaret_env\Lib\site-packages\sklearn\metrics\_ranking.py", line 707, in _multiclass_roc_auc_score
    raise ValueError(
ValueError: Target scores need to be probabilities for multiclass roc_auc, i.e. they should sum up to 1.0 over classes

  warnings.warn(

2026-09-16 15:41:48,181:WARNING:C:\Users\ASUS\Documents\Kuliah\Semester 5\Workshop AI\Bab_3\pycaret_env\Lib\site-packages\pycaret\internal\metrics.py:204: FitFailedWarning: Metric 'make_scorer(roc_auc_score, response_method=('decision_function', 'predict_proba'), average=weighted, multi_class=ovr)' failed and error score 0.0 has been returned instead. If this is a custom metric, this usually means that the error is in the metric code. Full exception below:
Traceback (most recent call last):
  File "C:\Users\ASUS\Documents\Kuliah\Semester 5\Workshop AI\Bab_3\pycaret_env\Lib\site-packages\pycaret\internal\metrics.py", line 196, in _score
    return super()._score(
           ^^^^^^^^^^^^^^^
  File "C:\Users\ASUS\Documents\Kuliah\Semester 5\Workshop AI\Bab_3\pycaret_env\Lib\site-packages\sklearn\metrics\_scorer.py", line 350, in _score
    return self._sign * self._score_func(y_true, y_pred, **scoring_kwargs)
                        ^^^^^^^^^^^^^^^^^^^^^^^^^^^^^^^^^^^^^^^^^^^^^^^^^^
  File "C:\Users\ASUS\Documents\Kuliah\Semester 5\Workshop AI\Bab_3\pycaret_env\Lib\site-packages\pycaret\internal\metrics.py", line 144, in __call__
    return self.score_func(y_true, y_pred, **kwargs)
           ^^^^^^^^^^^^^^^^^^^^^^^^^^^^^^^^^^^^^^^^^
  File "C:\Users\ASUS\Documents\Kuliah\Semester 5\Workshop AI\Bab_3\pycaret_env\Lib\site-packages\sklearn\utils\_param_validation.py", line 213, in wrapper
    return func(*args, **kwargs)
           ^^^^^^^^^^^^^^^^^^^^^
  File "C:\Users\ASUS\Documents\Kuliah\Semester 5\Workshop AI\Bab_3\pycaret_env\Lib\site-packages\sklearn\metrics\_ranking.py", line 634, in roc_auc_score
    return _multiclass_roc_auc_score(
           ^^^^^^^^^^^^^^^^^^^^^^^^^^
  File "C:\Users\ASUS\Documents\Kuliah\Semester 5\Workshop AI\Bab_3\pycaret_env\Lib\site-packages\sklearn\metrics\_ranking.py", line 707, in _multiclass_roc_auc_score
    raise ValueError(
ValueError: Target scores need to be probabilities for multiclass roc_auc, i.e. they should sum up to 1.0 over classes

  warnings.warn(

2026-09-16 15:41:48,208:INFO:Calculating mean and std
2026-09-16 15:41:48,209:INFO:Creating metrics dataframe
2026-09-16 15:41:48,214:INFO:Uploading results into container
2026-09-16 15:41:48,215:INFO:Uploading model into container now
2026-09-16 15:41:48,215:INFO:_master_model_container: 6
2026-09-16 15:41:48,215:INFO:_display_container: 2
2026-09-16 15:41:48,216:INFO:RidgeClassifier(alpha=1.0, class_weight=None, copy_X=True, fit_intercept=True,
                max_iter=None, positive=False, random_state=3519, solver='auto',
                tol=0.0001)
2026-09-16 15:41:48,216:INFO:create_model() successfully completed......................................
2026-09-16 15:41:48,319:INFO:SubProcess create_model() end ==================================
2026-09-16 15:41:48,319:INFO:Creating metrics dataframe
2026-09-16 15:41:48,327:INFO:Initializing Random Forest Classifier
2026-09-16 15:41:48,327:INFO:Total runtime is 0.5433213075002035 minutes
2026-09-16 15:41:48,327:INFO:SubProcess create_model() called ==================================
2026-09-16 15:41:48,327:INFO:Initializing create_model()
2026-09-16 15:41:48,327:INFO:create_model(self=<pycaret.classification.oop.ClassificationExperiment object at 0x00000183F9EE6CD0>, estimator=rf, fold=StratifiedKFold(n_splits=10, random_state=None, shuffle=False), round=4, cross_validation=True, predict=True, fit_kwargs={}, groups=None, refit=False, probability_threshold=None, experiment_custom_tags=None, verbose=False, system=False, add_to_model_list=True, metrics=None, display=<pycaret.internal.display.display.CommonDisplay object at 0x00000183FFA4EE90>, model_only=True, return_train_score=False, error_score=0.0, kwargs={})
2026-09-16 15:41:48,328:INFO:Checking exceptions
2026-09-16 15:41:48,328:INFO:Importing libraries
2026-09-16 15:41:48,328:INFO:Copying training dataset
2026-09-16 15:41:48,331:INFO:Defining folds
2026-09-16 15:41:48,332:INFO:Declaring metric variables
2026-09-16 15:41:48,332:INFO:Importing untrained model
2026-09-16 15:41:48,333:INFO:Random Forest Classifier Imported successfully
2026-09-16 15:41:48,333:INFO:Starting cross validation
2026-09-16 15:41:48,334:INFO:Cross validating with StratifiedKFold(n_splits=10, random_state=None, shuffle=False), n_jobs=-1
2026-09-16 15:41:48,822:INFO:Calculating mean and std
2026-09-16 15:41:48,823:INFO:Creating metrics dataframe
2026-09-16 15:41:48,827:INFO:Uploading results into container
2026-09-16 15:41:48,828:INFO:Uploading model into container now
2026-09-16 15:41:48,828:INFO:_master_model_container: 7
2026-09-16 15:41:48,828:INFO:_display_container: 2
2026-09-16 15:41:48,829:INFO:RandomForestClassifier(bootstrap=True, ccp_alpha=0.0, class_weight=None,
                       criterion='gini', max_depth=None, max_features='sqrt',
                       max_leaf_nodes=None, max_samples=None,
                       min_impurity_decrease=0.0, min_samples_leaf=1,
                       min_samples_split=2, min_weight_fraction_leaf=0.0,
                       monotonic_cst=None, n_estimators=100, n_jobs=-1,
                       oob_score=False, random_state=3519, verbose=0,
                       warm_start=False)
2026-09-16 15:41:48,829:INFO:create_model() successfully completed......................................
2026-09-16 15:41:48,929:INFO:SubProcess create_model() end ==================================
2026-09-16 15:41:48,929:INFO:Creating metrics dataframe
2026-09-16 15:41:48,932:INFO:Initializing Quadratic Discriminant Analysis
2026-09-16 15:41:48,932:INFO:Total runtime is 0.5534075419108073 minutes
2026-09-16 15:41:48,933:INFO:SubProcess create_model() called ==================================
2026-09-16 15:41:48,933:INFO:Initializing create_model()
2026-09-16 15:41:48,933:INFO:create_model(self=<pycaret.classification.oop.ClassificationExperiment object at 0x00000183F9EE6CD0>, estimator=qda, fold=StratifiedKFold(n_splits=10, random_state=None, shuffle=False), round=4, cross_validation=True, predict=True, fit_kwargs={}, groups=None, refit=False, probability_threshold=None, experiment_custom_tags=None, verbose=False, system=False, add_to_model_list=True, metrics=None, display=<pycaret.internal.display.display.CommonDisplay object at 0x00000183FFA4EE90>, model_only=True, return_train_score=False, error_score=0.0, kwargs={})
2026-09-16 15:41:48,933:INFO:Checking exceptions
2026-09-16 15:41:48,933:INFO:Importing libraries
2026-09-16 15:41:48,933:INFO:Copying training dataset
2026-09-16 15:41:48,938:INFO:Defining folds
2026-09-16 15:41:48,938:INFO:Declaring metric variables
2026-09-16 15:41:48,938:INFO:Importing untrained model
2026-09-16 15:41:48,939:INFO:Quadratic Discriminant Analysis Imported successfully
2026-09-16 15:41:48,939:INFO:Starting cross validation
2026-09-16 15:41:48,940:INFO:Cross validating with StratifiedKFold(n_splits=10, random_state=None, shuffle=False), n_jobs=-1
2026-09-16 15:41:49,027:WARNING:C:\Users\ASUS\Documents\Kuliah\Semester 5\Workshop AI\Bab_3\pycaret_env\Lib\site-packages\pycaret\internal\metrics.py:204: FitFailedWarning: Metric 'make_scorer(roc_auc_score, response_method=('decision_function', 'predict_proba'), average=weighted, multi_class=ovr)' failed and error score 0.0 has been returned instead. If this is a custom metric, this usually means that the error is in the metric code. Full exception below:
Traceback (most recent call last):
  File "C:\Users\ASUS\Documents\Kuliah\Semester 5\Workshop AI\Bab_3\pycaret_env\Lib\site-packages\pycaret\internal\metrics.py", line 196, in _score
    return super()._score(
           ^^^^^^^^^^^^^^^
  File "C:\Users\ASUS\Documents\Kuliah\Semester 5\Workshop AI\Bab_3\pycaret_env\Lib\site-packages\sklearn\metrics\_scorer.py", line 350, in _score
    return self._sign * self._score_func(y_true, y_pred, **scoring_kwargs)
                        ^^^^^^^^^^^^^^^^^^^^^^^^^^^^^^^^^^^^^^^^^^^^^^^^^^
  File "C:\Users\ASUS\Documents\Kuliah\Semester 5\Workshop AI\Bab_3\pycaret_env\Lib\site-packages\pycaret\internal\metrics.py", line 144, in __call__
    return self.score_func(y_true, y_pred, **kwargs)
           ^^^^^^^^^^^^^^^^^^^^^^^^^^^^^^^^^^^^^^^^^
  File "C:\Users\ASUS\Documents\Kuliah\Semester 5\Workshop AI\Bab_3\pycaret_env\Lib\site-packages\sklearn\utils\_param_validation.py", line 213, in wrapper
    return func(*args, **kwargs)
           ^^^^^^^^^^^^^^^^^^^^^
  File "C:\Users\ASUS\Documents\Kuliah\Semester 5\Workshop AI\Bab_3\pycaret_env\Lib\site-packages\sklearn\metrics\_ranking.py", line 634, in roc_auc_score
    return _multiclass_roc_auc_score(
           ^^^^^^^^^^^^^^^^^^^^^^^^^^
  File "C:\Users\ASUS\Documents\Kuliah\Semester 5\Workshop AI\Bab_3\pycaret_env\Lib\site-packages\sklearn\metrics\_ranking.py", line 707, in _multiclass_roc_auc_score
    raise ValueError(
ValueError: Target scores need to be probabilities for multiclass roc_auc, i.e. they should sum up to 1.0 over classes

  warnings.warn(

2026-09-16 15:41:49,027:WARNING:C:\Users\ASUS\Documents\Kuliah\Semester 5\Workshop AI\Bab_3\pycaret_env\Lib\site-packages\pycaret\internal\metrics.py:204: FitFailedWarning: Metric 'make_scorer(roc_auc_score, response_method=('decision_function', 'predict_proba'), average=weighted, multi_class=ovr)' failed and error score 0.0 has been returned instead. If this is a custom metric, this usually means that the error is in the metric code. Full exception below:
Traceback (most recent call last):
  File "C:\Users\ASUS\Documents\Kuliah\Semester 5\Workshop AI\Bab_3\pycaret_env\Lib\site-packages\pycaret\internal\metrics.py", line 196, in _score
    return super()._score(
           ^^^^^^^^^^^^^^^
  File "C:\Users\ASUS\Documents\Kuliah\Semester 5\Workshop AI\Bab_3\pycaret_env\Lib\site-packages\sklearn\metrics\_scorer.py", line 350, in _score
    return self._sign * self._score_func(y_true, y_pred, **scoring_kwargs)
                        ^^^^^^^^^^^^^^^^^^^^^^^^^^^^^^^^^^^^^^^^^^^^^^^^^^
  File "C:\Users\ASUS\Documents\Kuliah\Semester 5\Workshop AI\Bab_3\pycaret_env\Lib\site-packages\pycaret\internal\metrics.py", line 144, in __call__
    return self.score_func(y_true, y_pred, **kwargs)
           ^^^^^^^^^^^^^^^^^^^^^^^^^^^^^^^^^^^^^^^^^
  File "C:\Users\ASUS\Documents\Kuliah\Semester 5\Workshop AI\Bab_3\pycaret_env\Lib\site-packages\sklearn\utils\_param_validation.py", line 213, in wrapper
    return func(*args, **kwargs)
           ^^^^^^^^^^^^^^^^^^^^^
  File "C:\Users\ASUS\Documents\Kuliah\Semester 5\Workshop AI\Bab_3\pycaret_env\Lib\site-packages\sklearn\metrics\_ranking.py", line 634, in roc_auc_score
    return _multiclass_roc_auc_score(
           ^^^^^^^^^^^^^^^^^^^^^^^^^^
  File "C:\Users\ASUS\Documents\Kuliah\Semester 5\Workshop AI\Bab_3\pycaret_env\Lib\site-packages\sklearn\metrics\_ranking.py", line 707, in _multiclass_roc_auc_score
    raise ValueError(
ValueError: Target scores need to be probabilities for multiclass roc_auc, i.e. they should sum up to 1.0 over classes

  warnings.warn(

2026-09-16 15:41:49,028:WARNING:C:\Users\ASUS\Documents\Kuliah\Semester 5\Workshop AI\Bab_3\pycaret_env\Lib\site-packages\pycaret\internal\metrics.py:204: FitFailedWarning: Metric 'make_scorer(roc_auc_score, response_method=('decision_function', 'predict_proba'), average=weighted, multi_class=ovr)' failed and error score 0.0 has been returned instead. If this is a custom metric, this usually means that the error is in the metric code. Full exception below:
Traceback (most recent call last):
  File "C:\Users\ASUS\Documents\Kuliah\Semester 5\Workshop AI\Bab_3\pycaret_env\Lib\site-packages\pycaret\internal\metrics.py", line 196, in _score
    return super()._score(
           ^^^^^^^^^^^^^^^
  File "C:\Users\ASUS\Documents\Kuliah\Semester 5\Workshop AI\Bab_3\pycaret_env\Lib\site-packages\sklearn\metrics\_scorer.py", line 350, in _score
    return self._sign * self._score_func(y_true, y_pred, **scoring_kwargs)
                        ^^^^^^^^^^^^^^^^^^^^^^^^^^^^^^^^^^^^^^^^^^^^^^^^^^
  File "C:\Users\ASUS\Documents\Kuliah\Semester 5\Workshop AI\Bab_3\pycaret_env\Lib\site-packages\pycaret\internal\metrics.py", line 144, in __call__
    return self.score_func(y_true, y_pred, **kwargs)
           ^^^^^^^^^^^^^^^^^^^^^^^^^^^^^^^^^^^^^^^^^
  File "C:\Users\ASUS\Documents\Kuliah\Semester 5\Workshop AI\Bab_3\pycaret_env\Lib\site-packages\sklearn\utils\_param_validation.py", line 213, in wrapper
    return func(*args, **kwargs)
           ^^^^^^^^^^^^^^^^^^^^^
  File "C:\Users\ASUS\Documents\Kuliah\Semester 5\Workshop AI\Bab_3\pycaret_env\Lib\site-packages\sklearn\metrics\_ranking.py", line 634, in roc_auc_score
    return _multiclass_roc_auc_score(
           ^^^^^^^^^^^^^^^^^^^^^^^^^^
  File "C:\Users\ASUS\Documents\Kuliah\Semester 5\Workshop AI\Bab_3\pycaret_env\Lib\site-packages\sklearn\metrics\_ranking.py", line 707, in _multiclass_roc_auc_score
    raise ValueError(
ValueError: Target scores need to be probabilities for multiclass roc_auc, i.e. they should sum up to 1.0 over classes

  warnings.warn(

2026-09-16 15:41:49,028:WARNING:C:\Users\ASUS\Documents\Kuliah\Semester 5\Workshop AI\Bab_3\pycaret_env\Lib\site-packages\pycaret\internal\metrics.py:204: FitFailedWarning: Metric 'make_scorer(roc_auc_score, response_method=('decision_function', 'predict_proba'), average=weighted, multi_class=ovr)' failed and error score 0.0 has been returned instead. If this is a custom metric, this usually means that the error is in the metric code. Full exception below:
Traceback (most recent call last):
  File "C:\Users\ASUS\Documents\Kuliah\Semester 5\Workshop AI\Bab_3\pycaret_env\Lib\site-packages\pycaret\internal\metrics.py", line 196, in _score
    return super()._score(
           ^^^^^^^^^^^^^^^
  File "C:\Users\ASUS\Documents\Kuliah\Semester 5\Workshop AI\Bab_3\pycaret_env\Lib\site-packages\sklearn\metrics\_scorer.py", line 350, in _score
    return self._sign * self._score_func(y_true, y_pred, **scoring_kwargs)
                        ^^^^^^^^^^^^^^^^^^^^^^^^^^^^^^^^^^^^^^^^^^^^^^^^^^
  File "C:\Users\ASUS\Documents\Kuliah\Semester 5\Workshop AI\Bab_3\pycaret_env\Lib\site-packages\pycaret\internal\metrics.py", line 144, in __call__
    return self.score_func(y_true, y_pred, **kwargs)
           ^^^^^^^^^^^^^^^^^^^^^^^^^^^^^^^^^^^^^^^^^
  File "C:\Users\ASUS\Documents\Kuliah\Semester 5\Workshop AI\Bab_3\pycaret_env\Lib\site-packages\sklearn\utils\_param_validation.py", line 213, in wrapper
    return func(*args, **kwargs)
           ^^^^^^^^^^^^^^^^^^^^^
  File "C:\Users\ASUS\Documents\Kuliah\Semester 5\Workshop AI\Bab_3\pycaret_env\Lib\site-packages\sklearn\metrics\_ranking.py", line 634, in roc_auc_score
    return _multiclass_roc_auc_score(
           ^^^^^^^^^^^^^^^^^^^^^^^^^^
  File "C:\Users\ASUS\Documents\Kuliah\Semester 5\Workshop AI\Bab_3\pycaret_env\Lib\site-packages\sklearn\metrics\_ranking.py", line 707, in _multiclass_roc_auc_score
    raise ValueError(
ValueError: Target scores need to be probabilities for multiclass roc_auc, i.e. they should sum up to 1.0 over classes

  warnings.warn(

2026-09-16 15:41:49,028:WARNING:C:\Users\ASUS\Documents\Kuliah\Semester 5\Workshop AI\Bab_3\pycaret_env\Lib\site-packages\pycaret\internal\metrics.py:204: FitFailedWarning: Metric 'make_scorer(roc_auc_score, response_method=('decision_function', 'predict_proba'), average=weighted, multi_class=ovr)' failed and error score 0.0 has been returned instead. If this is a custom metric, this usually means that the error is in the metric code. Full exception below:
Traceback (most recent call last):
  File "C:\Users\ASUS\Documents\Kuliah\Semester 5\Workshop AI\Bab_3\pycaret_env\Lib\site-packages\pycaret\internal\metrics.py", line 196, in _score
    return super()._score(
           ^^^^^^^^^^^^^^^
  File "C:\Users\ASUS\Documents\Kuliah\Semester 5\Workshop AI\Bab_3\pycaret_env\Lib\site-packages\sklearn\metrics\_scorer.py", line 350, in _score
    return self._sign * self._score_func(y_true, y_pred, **scoring_kwargs)
                        ^^^^^^^^^^^^^^^^^^^^^^^^^^^^^^^^^^^^^^^^^^^^^^^^^^
  File "C:\Users\ASUS\Documents\Kuliah\Semester 5\Workshop AI\Bab_3\pycaret_env\Lib\site-packages\pycaret\internal\metrics.py", line 144, in __call__
    return self.score_func(y_true, y_pred, **kwargs)
           ^^^^^^^^^^^^^^^^^^^^^^^^^^^^^^^^^^^^^^^^^
  File "C:\Users\ASUS\Documents\Kuliah\Semester 5\Workshop AI\Bab_3\pycaret_env\Lib\site-packages\sklearn\utils\_param_validation.py", line 213, in wrapper
    return func(*args, **kwargs)
           ^^^^^^^^^^^^^^^^^^^^^
  File "C:\Users\ASUS\Documents\Kuliah\Semester 5\Workshop AI\Bab_3\pycaret_env\Lib\site-packages\sklearn\metrics\_ranking.py", line 634, in roc_auc_score
    return _multiclass_roc_auc_score(
           ^^^^^^^^^^^^^^^^^^^^^^^^^^
  File "C:\Users\ASUS\Documents\Kuliah\Semester 5\Workshop AI\Bab_3\pycaret_env\Lib\site-packages\sklearn\metrics\_ranking.py", line 707, in _multiclass_roc_auc_score
    raise ValueError(
ValueError: Target scores need to be probabilities for multiclass roc_auc, i.e. they should sum up to 1.0 over classes

  warnings.warn(

2026-09-16 15:41:49,028:WARNING:C:\Users\ASUS\Documents\Kuliah\Semester 5\Workshop AI\Bab_3\pycaret_env\Lib\site-packages\pycaret\internal\metrics.py:204: FitFailedWarning: Metric 'make_scorer(roc_auc_score, response_method=('decision_function', 'predict_proba'), average=weighted, multi_class=ovr)' failed and error score 0.0 has been returned instead. If this is a custom metric, this usually means that the error is in the metric code. Full exception below:
Traceback (most recent call last):
  File "C:\Users\ASUS\Documents\Kuliah\Semester 5\Workshop AI\Bab_3\pycaret_env\Lib\site-packages\pycaret\internal\metrics.py", line 196, in _score
    return super()._score(
           ^^^^^^^^^^^^^^^
  File "C:\Users\ASUS\Documents\Kuliah\Semester 5\Workshop AI\Bab_3\pycaret_env\Lib\site-packages\sklearn\metrics\_scorer.py", line 350, in _score
    return self._sign * self._score_func(y_true, y_pred, **scoring_kwargs)
                        ^^^^^^^^^^^^^^^^^^^^^^^^^^^^^^^^^^^^^^^^^^^^^^^^^^
  File "C:\Users\ASUS\Documents\Kuliah\Semester 5\Workshop AI\Bab_3\pycaret_env\Lib\site-packages\pycaret\internal\metrics.py", line 144, in __call__
    return self.score_func(y_true, y_pred, **kwargs)
           ^^^^^^^^^^^^^^^^^^^^^^^^^^^^^^^^^^^^^^^^^
  File "C:\Users\ASUS\Documents\Kuliah\Semester 5\Workshop AI\Bab_3\pycaret_env\Lib\site-packages\sklearn\utils\_param_validation.py", line 213, in wrapper
    return func(*args, **kwargs)
           ^^^^^^^^^^^^^^^^^^^^^
  File "C:\Users\ASUS\Documents\Kuliah\Semester 5\Workshop AI\Bab_3\pycaret_env\Lib\site-packages\sklearn\metrics\_ranking.py", line 634, in roc_auc_score
    return _multiclass_roc_auc_score(
           ^^^^^^^^^^^^^^^^^^^^^^^^^^
  File "C:\Users\ASUS\Documents\Kuliah\Semester 5\Workshop AI\Bab_3\pycaret_env\Lib\site-packages\sklearn\metrics\_ranking.py", line 707, in _multiclass_roc_auc_score
    raise ValueError(
ValueError: Target scores need to be probabilities for multiclass roc_auc, i.e. they should sum up to 1.0 over classes

  warnings.warn(

2026-09-16 15:41:49,029:WARNING:C:\Users\ASUS\Documents\Kuliah\Semester 5\Workshop AI\Bab_3\pycaret_env\Lib\site-packages\pycaret\internal\metrics.py:204: FitFailedWarning: Metric 'make_scorer(roc_auc_score, response_method=('decision_function', 'predict_proba'), average=weighted, multi_class=ovr)' failed and error score 0.0 has been returned instead. If this is a custom metric, this usually means that the error is in the metric code. Full exception below:
Traceback (most recent call last):
  File "C:\Users\ASUS\Documents\Kuliah\Semester 5\Workshop AI\Bab_3\pycaret_env\Lib\site-packages\pycaret\internal\metrics.py", line 196, in _score
    return super()._score(
           ^^^^^^^^^^^^^^^
  File "C:\Users\ASUS\Documents\Kuliah\Semester 5\Workshop AI\Bab_3\pycaret_env\Lib\site-packages\sklearn\metrics\_scorer.py", line 350, in _score
    return self._sign * self._score_func(y_true, y_pred, **scoring_kwargs)
                        ^^^^^^^^^^^^^^^^^^^^^^^^^^^^^^^^^^^^^^^^^^^^^^^^^^
  File "C:\Users\ASUS\Documents\Kuliah\Semester 5\Workshop AI\Bab_3\pycaret_env\Lib\site-packages\pycaret\internal\metrics.py", line 144, in __call__
    return self.score_func(y_true, y_pred, **kwargs)
           ^^^^^^^^^^^^^^^^^^^^^^^^^^^^^^^^^^^^^^^^^
  File "C:\Users\ASUS\Documents\Kuliah\Semester 5\Workshop AI\Bab_3\pycaret_env\Lib\site-packages\sklearn\utils\_param_validation.py", line 213, in wrapper
    return func(*args, **kwargs)
           ^^^^^^^^^^^^^^^^^^^^^
  File "C:\Users\ASUS\Documents\Kuliah\Semester 5\Workshop AI\Bab_3\pycaret_env\Lib\site-packages\sklearn\metrics\_ranking.py", line 634, in roc_auc_score
    return _multiclass_roc_auc_score(
           ^^^^^^^^^^^^^^^^^^^^^^^^^^
  File "C:\Users\ASUS\Documents\Kuliah\Semester 5\Workshop AI\Bab_3\pycaret_env\Lib\site-packages\sklearn\metrics\_ranking.py", line 707, in _multiclass_roc_auc_score
    raise ValueError(
ValueError: Target scores need to be probabilities for multiclass roc_auc, i.e. they should sum up to 1.0 over classes

  warnings.warn(

2026-09-16 15:41:49,058:INFO:Calculating mean and std
2026-09-16 15:41:49,058:INFO:Creating metrics dataframe
2026-09-16 15:41:49,063:INFO:Uploading results into container
2026-09-16 15:41:49,064:INFO:Uploading model into container now
2026-09-16 15:41:49,065:INFO:_master_model_container: 8
2026-09-16 15:41:49,065:INFO:_display_container: 2
2026-09-16 15:41:49,065:INFO:QuadraticDiscriminantAnalysis(priors=None, reg_param=0.0,
                              store_covariance=False, tol=0.0001)
2026-09-16 15:41:49,065:INFO:create_model() successfully completed......................................
2026-09-16 15:41:49,179:INFO:SubProcess create_model() end ==================================
2026-09-16 15:41:49,179:INFO:Creating metrics dataframe
2026-09-16 15:41:49,185:INFO:Initializing Ada Boost Classifier
2026-09-16 15:41:49,185:INFO:Total runtime is 0.5576192180315653 minutes
2026-09-16 15:41:49,185:INFO:SubProcess create_model() called ==================================
2026-09-16 15:41:49,186:INFO:Initializing create_model()
2026-09-16 15:41:49,186:INFO:create_model(self=<pycaret.classification.oop.ClassificationExperiment object at 0x00000183F9EE6CD0>, estimator=ada, fold=StratifiedKFold(n_splits=10, random_state=None, shuffle=False), round=4, cross_validation=True, predict=True, fit_kwargs={}, groups=None, refit=False, probability_threshold=None, experiment_custom_tags=None, verbose=False, system=False, add_to_model_list=True, metrics=None, display=<pycaret.internal.display.display.CommonDisplay object at 0x00000183FFA4EE90>, model_only=True, return_train_score=False, error_score=0.0, kwargs={})
2026-09-16 15:41:49,186:INFO:Checking exceptions
2026-09-16 15:41:49,186:INFO:Importing libraries
2026-09-16 15:41:49,186:INFO:Copying training dataset
2026-09-16 15:41:49,190:INFO:Defining folds
2026-09-16 15:41:49,191:INFO:Declaring metric variables
2026-09-16 15:41:49,191:INFO:Importing untrained model
2026-09-16 15:41:49,191:INFO:Ada Boost Classifier Imported successfully
2026-09-16 15:41:49,192:INFO:Starting cross validation
2026-09-16 15:41:49,194:INFO:Cross validating with StratifiedKFold(n_splits=10, random_state=None, shuffle=False), n_jobs=-1
2026-09-16 15:41:49,234:WARNING:C:\Users\ASUS\Documents\Kuliah\Semester 5\Workshop AI\Bab_3\pycaret_env\Lib\site-packages\sklearn\ensemble\_weight_boosting.py:519: FutureWarning: The SAMME.R algorithm (the default) is deprecated and will be removed in 1.6. Use the SAMME algorithm to circumvent this warning.
  warnings.warn(

2026-09-16 15:41:49,236:WARNING:C:\Users\ASUS\Documents\Kuliah\Semester 5\Workshop AI\Bab_3\pycaret_env\Lib\site-packages\sklearn\ensemble\_weight_boosting.py:519: FutureWarning: The SAMME.R algorithm (the default) is deprecated and will be removed in 1.6. Use the SAMME algorithm to circumvent this warning.
  warnings.warn(

2026-09-16 15:41:49,237:WARNING:C:\Users\ASUS\Documents\Kuliah\Semester 5\Workshop AI\Bab_3\pycaret_env\Lib\site-packages\sklearn\ensemble\_weight_boosting.py:519: FutureWarning: The SAMME.R algorithm (the default) is deprecated and will be removed in 1.6. Use the SAMME algorithm to circumvent this warning.
  warnings.warn(

2026-09-16 15:41:49,237:WARNING:C:\Users\ASUS\Documents\Kuliah\Semester 5\Workshop AI\Bab_3\pycaret_env\Lib\site-packages\sklearn\ensemble\_weight_boosting.py:519: FutureWarning: The SAMME.R algorithm (the default) is deprecated and will be removed in 1.6. Use the SAMME algorithm to circumvent this warning.
  warnings.warn(

2026-09-16 15:41:49,239:WARNING:C:\Users\ASUS\Documents\Kuliah\Semester 5\Workshop AI\Bab_3\pycaret_env\Lib\site-packages\sklearn\ensemble\_weight_boosting.py:519: FutureWarning: The SAMME.R algorithm (the default) is deprecated and will be removed in 1.6. Use the SAMME algorithm to circumvent this warning.
  warnings.warn(

2026-09-16 15:41:49,240:WARNING:C:\Users\ASUS\Documents\Kuliah\Semester 5\Workshop AI\Bab_3\pycaret_env\Lib\site-packages\sklearn\ensemble\_weight_boosting.py:519: FutureWarning: The SAMME.R algorithm (the default) is deprecated and will be removed in 1.6. Use the SAMME algorithm to circumvent this warning.
  warnings.warn(

2026-09-16 15:41:49,240:WARNING:C:\Users\ASUS\Documents\Kuliah\Semester 5\Workshop AI\Bab_3\pycaret_env\Lib\site-packages\sklearn\ensemble\_weight_boosting.py:519: FutureWarning: The SAMME.R algorithm (the default) is deprecated and will be removed in 1.6. Use the SAMME algorithm to circumvent this warning.
  warnings.warn(

2026-09-16 15:41:49,244:WARNING:C:\Users\ASUS\Documents\Kuliah\Semester 5\Workshop AI\Bab_3\pycaret_env\Lib\site-packages\sklearn\ensemble\_weight_boosting.py:519: FutureWarning: The SAMME.R algorithm (the default) is deprecated and will be removed in 1.6. Use the SAMME algorithm to circumvent this warning.
  warnings.warn(

2026-09-16 15:41:49,246:WARNING:C:\Users\ASUS\Documents\Kuliah\Semester 5\Workshop AI\Bab_3\pycaret_env\Lib\site-packages\sklearn\ensemble\_weight_boosting.py:519: FutureWarning: The SAMME.R algorithm (the default) is deprecated and will be removed in 1.6. Use the SAMME algorithm to circumvent this warning.
  warnings.warn(

2026-09-16 15:41:49,246:WARNING:C:\Users\ASUS\Documents\Kuliah\Semester 5\Workshop AI\Bab_3\pycaret_env\Lib\site-packages\sklearn\ensemble\_weight_boosting.py:519: FutureWarning: The SAMME.R algorithm (the default) is deprecated and will be removed in 1.6. Use the SAMME algorithm to circumvent this warning.
  warnings.warn(

2026-09-16 15:41:49,408:WARNING:C:\Users\ASUS\Documents\Kuliah\Semester 5\Workshop AI\Bab_3\pycaret_env\Lib\site-packages\pycaret\internal\metrics.py:204: FitFailedWarning: Metric 'make_scorer(roc_auc_score, response_method=('decision_function', 'predict_proba'), average=weighted, multi_class=ovr)' failed and error score 0.0 has been returned instead. If this is a custom metric, this usually means that the error is in the metric code. Full exception below:
Traceback (most recent call last):
  File "C:\Users\ASUS\Documents\Kuliah\Semester 5\Workshop AI\Bab_3\pycaret_env\Lib\site-packages\pycaret\internal\metrics.py", line 196, in _score
    return super()._score(
           ^^^^^^^^^^^^^^^
  File "C:\Users\ASUS\Documents\Kuliah\Semester 5\Workshop AI\Bab_3\pycaret_env\Lib\site-packages\sklearn\metrics\_scorer.py", line 350, in _score
    return self._sign * self._score_func(y_true, y_pred, **scoring_kwargs)
                        ^^^^^^^^^^^^^^^^^^^^^^^^^^^^^^^^^^^^^^^^^^^^^^^^^^
  File "C:\Users\ASUS\Documents\Kuliah\Semester 5\Workshop AI\Bab_3\pycaret_env\Lib\site-packages\pycaret\internal\metrics.py", line 144, in __call__
    return self.score_func(y_true, y_pred, **kwargs)
           ^^^^^^^^^^^^^^^^^^^^^^^^^^^^^^^^^^^^^^^^^
  File "C:\Users\ASUS\Documents\Kuliah\Semester 5\Workshop AI\Bab_3\pycaret_env\Lib\site-packages\sklearn\utils\_param_validation.py", line 213, in wrapper
    return func(*args, **kwargs)
           ^^^^^^^^^^^^^^^^^^^^^
  File "C:\Users\ASUS\Documents\Kuliah\Semester 5\Workshop AI\Bab_3\pycaret_env\Lib\site-packages\sklearn\metrics\_ranking.py", line 634, in roc_auc_score
    return _multiclass_roc_auc_score(
           ^^^^^^^^^^^^^^^^^^^^^^^^^^
  File "C:\Users\ASUS\Documents\Kuliah\Semester 5\Workshop AI\Bab_3\pycaret_env\Lib\site-packages\sklearn\metrics\_ranking.py", line 707, in _multiclass_roc_auc_score
    raise ValueError(
ValueError: Target scores need to be probabilities for multiclass roc_auc, i.e. they should sum up to 1.0 over classes

  warnings.warn(

2026-09-16 15:41:49,410:WARNING:C:\Users\ASUS\Documents\Kuliah\Semester 5\Workshop AI\Bab_3\pycaret_env\Lib\site-packages\pycaret\internal\metrics.py:204: FitFailedWarning: Metric 'make_scorer(roc_auc_score, response_method=('decision_function', 'predict_proba'), average=weighted, multi_class=ovr)' failed and error score 0.0 has been returned instead. If this is a custom metric, this usually means that the error is in the metric code. Full exception below:
Traceback (most recent call last):
  File "C:\Users\ASUS\Documents\Kuliah\Semester 5\Workshop AI\Bab_3\pycaret_env\Lib\site-packages\pycaret\internal\metrics.py", line 196, in _score
    return super()._score(
           ^^^^^^^^^^^^^^^
  File "C:\Users\ASUS\Documents\Kuliah\Semester 5\Workshop AI\Bab_3\pycaret_env\Lib\site-packages\sklearn\metrics\_scorer.py", line 350, in _score
    return self._sign * self._score_func(y_true, y_pred, **scoring_kwargs)
                        ^^^^^^^^^^^^^^^^^^^^^^^^^^^^^^^^^^^^^^^^^^^^^^^^^^
  File "C:\Users\ASUS\Documents\Kuliah\Semester 5\Workshop AI\Bab_3\pycaret_env\Lib\site-packages\pycaret\internal\metrics.py", line 144, in __call__
    return self.score_func(y_true, y_pred, **kwargs)
           ^^^^^^^^^^^^^^^^^^^^^^^^^^^^^^^^^^^^^^^^^
  File "C:\Users\ASUS\Documents\Kuliah\Semester 5\Workshop AI\Bab_3\pycaret_env\Lib\site-packages\sklearn\utils\_param_validation.py", line 213, in wrapper
    return func(*args, **kwargs)
           ^^^^^^^^^^^^^^^^^^^^^
  File "C:\Users\ASUS\Documents\Kuliah\Semester 5\Workshop AI\Bab_3\pycaret_env\Lib\site-packages\sklearn\metrics\_ranking.py", line 634, in roc_auc_score
    return _multiclass_roc_auc_score(
           ^^^^^^^^^^^^^^^^^^^^^^^^^^
  File "C:\Users\ASUS\Documents\Kuliah\Semester 5\Workshop AI\Bab_3\pycaret_env\Lib\site-packages\sklearn\metrics\_ranking.py", line 707, in _multiclass_roc_auc_score
    raise ValueError(
ValueError: Target scores need to be probabilities for multiclass roc_auc, i.e. they should sum up to 1.0 over classes

  warnings.warn(

2026-09-16 15:41:49,411:WARNING:C:\Users\ASUS\Documents\Kuliah\Semester 5\Workshop AI\Bab_3\pycaret_env\Lib\site-packages\pycaret\internal\metrics.py:204: FitFailedWarning: Metric 'make_scorer(roc_auc_score, response_method=('decision_function', 'predict_proba'), average=weighted, multi_class=ovr)' failed and error score 0.0 has been returned instead. If this is a custom metric, this usually means that the error is in the metric code. Full exception below:
Traceback (most recent call last):
  File "C:\Users\ASUS\Documents\Kuliah\Semester 5\Workshop AI\Bab_3\pycaret_env\Lib\site-packages\pycaret\internal\metrics.py", line 196, in _score
    return super()._score(
           ^^^^^^^^^^^^^^^
  File "C:\Users\ASUS\Documents\Kuliah\Semester 5\Workshop AI\Bab_3\pycaret_env\Lib\site-packages\sklearn\metrics\_scorer.py", line 350, in _score
    return self._sign * self._score_func(y_true, y_pred, **scoring_kwargs)
                        ^^^^^^^^^^^^^^^^^^^^^^^^^^^^^^^^^^^^^^^^^^^^^^^^^^
  File "C:\Users\ASUS\Documents\Kuliah\Semester 5\Workshop AI\Bab_3\pycaret_env\Lib\site-packages\pycaret\internal\metrics.py", line 144, in __call__
    return self.score_func(y_true, y_pred, **kwargs)
           ^^^^^^^^^^^^^^^^^^^^^^^^^^^^^^^^^^^^^^^^^
  File "C:\Users\ASUS\Documents\Kuliah\Semester 5\Workshop AI\Bab_3\pycaret_env\Lib\site-packages\sklearn\utils\_param_validation.py", line 213, in wrapper
    return func(*args, **kwargs)
           ^^^^^^^^^^^^^^^^^^^^^
  File "C:\Users\ASUS\Documents\Kuliah\Semester 5\Workshop AI\Bab_3\pycaret_env\Lib\site-packages\sklearn\metrics\_ranking.py", line 634, in roc_auc_score
    return _multiclass_roc_auc_score(
           ^^^^^^^^^^^^^^^^^^^^^^^^^^
  File "C:\Users\ASUS\Documents\Kuliah\Semester 5\Workshop AI\Bab_3\pycaret_env\Lib\site-packages\sklearn\metrics\_ranking.py", line 707, in _multiclass_roc_auc_score
    raise ValueError(
ValueError: Target scores need to be probabilities for multiclass roc_auc, i.e. they should sum up to 1.0 over classes

  warnings.warn(

2026-09-16 15:41:49,413:WARNING:C:\Users\ASUS\Documents\Kuliah\Semester 5\Workshop AI\Bab_3\pycaret_env\Lib\site-packages\pycaret\internal\metrics.py:204: FitFailedWarning: Metric 'make_scorer(roc_auc_score, response_method=('decision_function', 'predict_proba'), average=weighted, multi_class=ovr)' failed and error score 0.0 has been returned instead. If this is a custom metric, this usually means that the error is in the metric code. Full exception below:
Traceback (most recent call last):
  File "C:\Users\ASUS\Documents\Kuliah\Semester 5\Workshop AI\Bab_3\pycaret_env\Lib\site-packages\pycaret\internal\metrics.py", line 196, in _score
    return super()._score(
           ^^^^^^^^^^^^^^^
  File "C:\Users\ASUS\Documents\Kuliah\Semester 5\Workshop AI\Bab_3\pycaret_env\Lib\site-packages\sklearn\metrics\_scorer.py", line 350, in _score
    return self._sign * self._score_func(y_true, y_pred, **scoring_kwargs)
                        ^^^^^^^^^^^^^^^^^^^^^^^^^^^^^^^^^^^^^^^^^^^^^^^^^^
  File "C:\Users\ASUS\Documents\Kuliah\Semester 5\Workshop AI\Bab_3\pycaret_env\Lib\site-packages\pycaret\internal\metrics.py", line 144, in __call__
    return self.score_func(y_true, y_pred, **kwargs)
           ^^^^^^^^^^^^^^^^^^^^^^^^^^^^^^^^^^^^^^^^^
  File "C:\Users\ASUS\Documents\Kuliah\Semester 5\Workshop AI\Bab_3\pycaret_env\Lib\site-packages\sklearn\utils\_param_validation.py", line 213, in wrapper
    return func(*args, **kwargs)
           ^^^^^^^^^^^^^^^^^^^^^
  File "C:\Users\ASUS\Documents\Kuliah\Semester 5\Workshop AI\Bab_3\pycaret_env\Lib\site-packages\sklearn\metrics\_ranking.py", line 634, in roc_auc_score
    return _multiclass_roc_auc_score(
           ^^^^^^^^^^^^^^^^^^^^^^^^^^
  File "C:\Users\ASUS\Documents\Kuliah\Semester 5\Workshop AI\Bab_3\pycaret_env\Lib\site-packages\sklearn\metrics\_ranking.py", line 707, in _multiclass_roc_auc_score
    raise ValueError(
ValueError: Target scores need to be probabilities for multiclass roc_auc, i.e. they should sum up to 1.0 over classes

  warnings.warn(

2026-09-16 15:41:49,414:WARNING:C:\Users\ASUS\Documents\Kuliah\Semester 5\Workshop AI\Bab_3\pycaret_env\Lib\site-packages\pycaret\internal\metrics.py:204: FitFailedWarning: Metric 'make_scorer(roc_auc_score, response_method=('decision_function', 'predict_proba'), average=weighted, multi_class=ovr)' failed and error score 0.0 has been returned instead. If this is a custom metric, this usually means that the error is in the metric code. Full exception below:
Traceback (most recent call last):
  File "C:\Users\ASUS\Documents\Kuliah\Semester 5\Workshop AI\Bab_3\pycaret_env\Lib\site-packages\pycaret\internal\metrics.py", line 196, in _score
    return super()._score(
           ^^^^^^^^^^^^^^^
  File "C:\Users\ASUS\Documents\Kuliah\Semester 5\Workshop AI\Bab_3\pycaret_env\Lib\site-packages\sklearn\metrics\_scorer.py", line 350, in _score
    return self._sign * self._score_func(y_true, y_pred, **scoring_kwargs)
                        ^^^^^^^^^^^^^^^^^^^^^^^^^^^^^^^^^^^^^^^^^^^^^^^^^^
  File "C:\Users\ASUS\Documents\Kuliah\Semester 5\Workshop AI\Bab_3\pycaret_env\Lib\site-packages\pycaret\internal\metrics.py", line 144, in __call__
    return self.score_func(y_true, y_pred, **kwargs)
           ^^^^^^^^^^^^^^^^^^^^^^^^^^^^^^^^^^^^^^^^^
  File "C:\Users\ASUS\Documents\Kuliah\Semester 5\Workshop AI\Bab_3\pycaret_env\Lib\site-packages\sklearn\utils\_param_validation.py", line 213, in wrapper
    return func(*args, **kwargs)
           ^^^^^^^^^^^^^^^^^^^^^
  File "C:\Users\ASUS\Documents\Kuliah\Semester 5\Workshop AI\Bab_3\pycaret_env\Lib\site-packages\sklearn\metrics\_ranking.py", line 634, in roc_auc_score
    return _multiclass_roc_auc_score(
           ^^^^^^^^^^^^^^^^^^^^^^^^^^
  File "C:\Users\ASUS\Documents\Kuliah\Semester 5\Workshop AI\Bab_3\pycaret_env\Lib\site-packages\sklearn\metrics\_ranking.py", line 707, in _multiclass_roc_auc_score
    raise ValueError(
ValueError: Target scores need to be probabilities for multiclass roc_auc, i.e. they should sum up to 1.0 over classes

  warnings.warn(

2026-09-16 15:41:49,414:WARNING:C:\Users\ASUS\Documents\Kuliah\Semester 5\Workshop AI\Bab_3\pycaret_env\Lib\site-packages\pycaret\internal\metrics.py:204: FitFailedWarning: Metric 'make_scorer(roc_auc_score, response_method=('decision_function', 'predict_proba'), average=weighted, multi_class=ovr)' failed and error score 0.0 has been returned instead. If this is a custom metric, this usually means that the error is in the metric code. Full exception below:
Traceback (most recent call last):
  File "C:\Users\ASUS\Documents\Kuliah\Semester 5\Workshop AI\Bab_3\pycaret_env\Lib\site-packages\pycaret\internal\metrics.py", line 196, in _score
    return super()._score(
           ^^^^^^^^^^^^^^^
  File "C:\Users\ASUS\Documents\Kuliah\Semester 5\Workshop AI\Bab_3\pycaret_env\Lib\site-packages\sklearn\metrics\_scorer.py", line 350, in _score
    return self._sign * self._score_func(y_true, y_pred, **scoring_kwargs)
                        ^^^^^^^^^^^^^^^^^^^^^^^^^^^^^^^^^^^^^^^^^^^^^^^^^^
  File "C:\Users\ASUS\Documents\Kuliah\Semester 5\Workshop AI\Bab_3\pycaret_env\Lib\site-packages\pycaret\internal\metrics.py", line 144, in __call__
    return self.score_func(y_true, y_pred, **kwargs)
           ^^^^^^^^^^^^^^^^^^^^^^^^^^^^^^^^^^^^^^^^^
  File "C:\Users\ASUS\Documents\Kuliah\Semester 5\Workshop AI\Bab_3\pycaret_env\Lib\site-packages\sklearn\utils\_param_validation.py", line 213, in wrapper
    return func(*args, **kwargs)
           ^^^^^^^^^^^^^^^^^^^^^
  File "C:\Users\ASUS\Documents\Kuliah\Semester 5\Workshop AI\Bab_3\pycaret_env\Lib\site-packages\sklearn\metrics\_ranking.py", line 634, in roc_auc_score
    return _multiclass_roc_auc_score(
           ^^^^^^^^^^^^^^^^^^^^^^^^^^
  File "C:\Users\ASUS\Documents\Kuliah\Semester 5\Workshop AI\Bab_3\pycaret_env\Lib\site-packages\sklearn\metrics\_ranking.py", line 707, in _multiclass_roc_auc_score
    raise ValueError(
ValueError: Target scores need to be probabilities for multiclass roc_auc, i.e. they should sum up to 1.0 over classes

  warnings.warn(

2026-09-16 15:41:49,415:WARNING:C:\Users\ASUS\Documents\Kuliah\Semester 5\Workshop AI\Bab_3\pycaret_env\Lib\site-packages\pycaret\internal\metrics.py:204: FitFailedWarning: Metric 'make_scorer(roc_auc_score, response_method=('decision_function', 'predict_proba'), average=weighted, multi_class=ovr)' failed and error score 0.0 has been returned instead. If this is a custom metric, this usually means that the error is in the metric code. Full exception below:
Traceback (most recent call last):
  File "C:\Users\ASUS\Documents\Kuliah\Semester 5\Workshop AI\Bab_3\pycaret_env\Lib\site-packages\pycaret\internal\metrics.py", line 196, in _score
    return super()._score(
           ^^^^^^^^^^^^^^^
  File "C:\Users\ASUS\Documents\Kuliah\Semester 5\Workshop AI\Bab_3\pycaret_env\Lib\site-packages\sklearn\metrics\_scorer.py", line 350, in _score
    return self._sign * self._score_func(y_true, y_pred, **scoring_kwargs)
                        ^^^^^^^^^^^^^^^^^^^^^^^^^^^^^^^^^^^^^^^^^^^^^^^^^^
  File "C:\Users\ASUS\Documents\Kuliah\Semester 5\Workshop AI\Bab_3\pycaret_env\Lib\site-packages\pycaret\internal\metrics.py", line 144, in __call__
    return self.score_func(y_true, y_pred, **kwargs)
           ^^^^^^^^^^^^^^^^^^^^^^^^^^^^^^^^^^^^^^^^^
  File "C:\Users\ASUS\Documents\Kuliah\Semester 5\Workshop AI\Bab_3\pycaret_env\Lib\site-packages\sklearn\utils\_param_validation.py", line 213, in wrapper
    return func(*args, **kwargs)
           ^^^^^^^^^^^^^^^^^^^^^
  File "C:\Users\ASUS\Documents\Kuliah\Semester 5\Workshop AI\Bab_3\pycaret_env\Lib\site-packages\sklearn\metrics\_ranking.py", line 634, in roc_auc_score
    return _multiclass_roc_auc_score(
           ^^^^^^^^^^^^^^^^^^^^^^^^^^
  File "C:\Users\ASUS\Documents\Kuliah\Semester 5\Workshop AI\Bab_3\pycaret_env\Lib\site-packages\sklearn\metrics\_ranking.py", line 707, in _multiclass_roc_auc_score
    raise ValueError(
ValueError: Target scores need to be probabilities for multiclass roc_auc, i.e. they should sum up to 1.0 over classes

  warnings.warn(

2026-09-16 15:41:49,416:WARNING:C:\Users\ASUS\Documents\Kuliah\Semester 5\Workshop AI\Bab_3\pycaret_env\Lib\site-packages\pycaret\internal\metrics.py:204: FitFailedWarning: Metric 'make_scorer(roc_auc_score, response_method=('decision_function', 'predict_proba'), average=weighted, multi_class=ovr)' failed and error score 0.0 has been returned instead. If this is a custom metric, this usually means that the error is in the metric code. Full exception below:
Traceback (most recent call last):
  File "C:\Users\ASUS\Documents\Kuliah\Semester 5\Workshop AI\Bab_3\pycaret_env\Lib\site-packages\pycaret\internal\metrics.py", line 196, in _score
    return super()._score(
           ^^^^^^^^^^^^^^^
  File "C:\Users\ASUS\Documents\Kuliah\Semester 5\Workshop AI\Bab_3\pycaret_env\Lib\site-packages\sklearn\metrics\_scorer.py", line 350, in _score
    return self._sign * self._score_func(y_true, y_pred, **scoring_kwargs)
                        ^^^^^^^^^^^^^^^^^^^^^^^^^^^^^^^^^^^^^^^^^^^^^^^^^^
  File "C:\Users\ASUS\Documents\Kuliah\Semester 5\Workshop AI\Bab_3\pycaret_env\Lib\site-packages\pycaret\internal\metrics.py", line 144, in __call__
    return self.score_func(y_true, y_pred, **kwargs)
           ^^^^^^^^^^^^^^^^^^^^^^^^^^^^^^^^^^^^^^^^^
  File "C:\Users\ASUS\Documents\Kuliah\Semester 5\Workshop AI\Bab_3\pycaret_env\Lib\site-packages\sklearn\utils\_param_validation.py", line 213, in wrapper
    return func(*args, **kwargs)
           ^^^^^^^^^^^^^^^^^^^^^
  File "C:\Users\ASUS\Documents\Kuliah\Semester 5\Workshop AI\Bab_3\pycaret_env\Lib\site-packages\sklearn\metrics\_ranking.py", line 634, in roc_auc_score
    return _multiclass_roc_auc_score(
           ^^^^^^^^^^^^^^^^^^^^^^^^^^
  File "C:\Users\ASUS\Documents\Kuliah\Semester 5\Workshop AI\Bab_3\pycaret_env\Lib\site-packages\sklearn\metrics\_ranking.py", line 707, in _multiclass_roc_auc_score
    raise ValueError(
ValueError: Target scores need to be probabilities for multiclass roc_auc, i.e. they should sum up to 1.0 over classes

  warnings.warn(

2026-09-16 15:41:49,425:WARNING:C:\Users\ASUS\Documents\Kuliah\Semester 5\Workshop AI\Bab_3\pycaret_env\Lib\site-packages\pycaret\internal\metrics.py:204: FitFailedWarning: Metric 'make_scorer(roc_auc_score, response_method=('decision_function', 'predict_proba'), average=weighted, multi_class=ovr)' failed and error score 0.0 has been returned instead. If this is a custom metric, this usually means that the error is in the metric code. Full exception below:
Traceback (most recent call last):
  File "C:\Users\ASUS\Documents\Kuliah\Semester 5\Workshop AI\Bab_3\pycaret_env\Lib\site-packages\pycaret\internal\metrics.py", line 196, in _score
    return super()._score(
           ^^^^^^^^^^^^^^^
  File "C:\Users\ASUS\Documents\Kuliah\Semester 5\Workshop AI\Bab_3\pycaret_env\Lib\site-packages\sklearn\metrics\_scorer.py", line 350, in _score
    return self._sign * self._score_func(y_true, y_pred, **scoring_kwargs)
                        ^^^^^^^^^^^^^^^^^^^^^^^^^^^^^^^^^^^^^^^^^^^^^^^^^^
  File "C:\Users\ASUS\Documents\Kuliah\Semester 5\Workshop AI\Bab_3\pycaret_env\Lib\site-packages\pycaret\internal\metrics.py", line 144, in __call__
    return self.score_func(y_true, y_pred, **kwargs)
           ^^^^^^^^^^^^^^^^^^^^^^^^^^^^^^^^^^^^^^^^^
  File "C:\Users\ASUS\Documents\Kuliah\Semester 5\Workshop AI\Bab_3\pycaret_env\Lib\site-packages\sklearn\utils\_param_validation.py", line 213, in wrapper
    return func(*args, **kwargs)
           ^^^^^^^^^^^^^^^^^^^^^
  File "C:\Users\ASUS\Documents\Kuliah\Semester 5\Workshop AI\Bab_3\pycaret_env\Lib\site-packages\sklearn\metrics\_ranking.py", line 634, in roc_auc_score
    return _multiclass_roc_auc_score(
           ^^^^^^^^^^^^^^^^^^^^^^^^^^
  File "C:\Users\ASUS\Documents\Kuliah\Semester 5\Workshop AI\Bab_3\pycaret_env\Lib\site-packages\sklearn\metrics\_ranking.py", line 707, in _multiclass_roc_auc_score
    raise ValueError(
ValueError: Target scores need to be probabilities for multiclass roc_auc, i.e. they should sum up to 1.0 over classes

  warnings.warn(

2026-09-16 15:41:49,430:WARNING:C:\Users\ASUS\Documents\Kuliah\Semester 5\Workshop AI\Bab_3\pycaret_env\Lib\site-packages\pycaret\internal\metrics.py:204: FitFailedWarning: Metric 'make_scorer(roc_auc_score, response_method=('decision_function', 'predict_proba'), average=weighted, multi_class=ovr)' failed and error score 0.0 has been returned instead. If this is a custom metric, this usually means that the error is in the metric code. Full exception below:
Traceback (most recent call last):
  File "C:\Users\ASUS\Documents\Kuliah\Semester 5\Workshop AI\Bab_3\pycaret_env\Lib\site-packages\pycaret\internal\metrics.py", line 196, in _score
    return super()._score(
           ^^^^^^^^^^^^^^^
  File "C:\Users\ASUS\Documents\Kuliah\Semester 5\Workshop AI\Bab_3\pycaret_env\Lib\site-packages\sklearn\metrics\_scorer.py", line 350, in _score
    return self._sign * self._score_func(y_true, y_pred, **scoring_kwargs)
                        ^^^^^^^^^^^^^^^^^^^^^^^^^^^^^^^^^^^^^^^^^^^^^^^^^^
  File "C:\Users\ASUS\Documents\Kuliah\Semester 5\Workshop AI\Bab_3\pycaret_env\Lib\site-packages\pycaret\internal\metrics.py", line 144, in __call__
    return self.score_func(y_true, y_pred, **kwargs)
           ^^^^^^^^^^^^^^^^^^^^^^^^^^^^^^^^^^^^^^^^^
  File "C:\Users\ASUS\Documents\Kuliah\Semester 5\Workshop AI\Bab_3\pycaret_env\Lib\site-packages\sklearn\utils\_param_validation.py", line 213, in wrapper
    return func(*args, **kwargs)
           ^^^^^^^^^^^^^^^^^^^^^
  File "C:\Users\ASUS\Documents\Kuliah\Semester 5\Workshop AI\Bab_3\pycaret_env\Lib\site-packages\sklearn\metrics\_ranking.py", line 634, in roc_auc_score
    return _multiclass_roc_auc_score(
           ^^^^^^^^^^^^^^^^^^^^^^^^^^
  File "C:\Users\ASUS\Documents\Kuliah\Semester 5\Workshop AI\Bab_3\pycaret_env\Lib\site-packages\sklearn\metrics\_ranking.py", line 707, in _multiclass_roc_auc_score
    raise ValueError(
ValueError: Target scores need to be probabilities for multiclass roc_auc, i.e. they should sum up to 1.0 over classes

  warnings.warn(

2026-09-16 15:41:49,450:INFO:Calculating mean and std
2026-09-16 15:41:49,451:INFO:Creating metrics dataframe
2026-09-16 15:41:49,454:INFO:Uploading results into container
2026-09-16 15:41:49,455:INFO:Uploading model into container now
2026-09-16 15:41:49,456:INFO:_master_model_container: 9
2026-09-16 15:41:49,456:INFO:_display_container: 2
2026-09-16 15:41:49,457:INFO:AdaBoostClassifier(algorithm='SAMME.R', estimator=None, learning_rate=1.0,
                   n_estimators=50, random_state=3519)
2026-09-16 15:41:49,457:INFO:create_model() successfully completed......................................
2026-09-16 15:41:49,572:INFO:SubProcess create_model() end ==================================
2026-09-16 15:41:49,573:INFO:Creating metrics dataframe
2026-09-16 15:41:49,577:INFO:Initializing Gradient Boosting Classifier
2026-09-16 15:41:49,577:INFO:Total runtime is 0.5641500115394592 minutes
2026-09-16 15:41:49,577:INFO:SubProcess create_model() called ==================================
2026-09-16 15:41:49,578:INFO:Initializing create_model()
2026-09-16 15:41:49,578:INFO:create_model(self=<pycaret.classification.oop.ClassificationExperiment object at 0x00000183F9EE6CD0>, estimator=gbc, fold=StratifiedKFold(n_splits=10, random_state=None, shuffle=False), round=4, cross_validation=True, predict=True, fit_kwargs={}, groups=None, refit=False, probability_threshold=None, experiment_custom_tags=None, verbose=False, system=False, add_to_model_list=True, metrics=None, display=<pycaret.internal.display.display.CommonDisplay object at 0x00000183FFA4EE90>, model_only=True, return_train_score=False, error_score=0.0, kwargs={})
2026-09-16 15:41:49,578:INFO:Checking exceptions
2026-09-16 15:41:49,578:INFO:Importing libraries
2026-09-16 15:41:49,578:INFO:Copying training dataset
2026-09-16 15:41:49,582:INFO:Defining folds
2026-09-16 15:41:49,583:INFO:Declaring metric variables
2026-09-16 15:41:49,583:INFO:Importing untrained model
2026-09-16 15:41:49,583:INFO:Gradient Boosting Classifier Imported successfully
2026-09-16 15:41:49,584:INFO:Starting cross validation
2026-09-16 15:41:49,585:INFO:Cross validating with StratifiedKFold(n_splits=10, random_state=None, shuffle=False), n_jobs=-1
2026-09-16 15:41:50,184:WARNING:C:\Users\ASUS\Documents\Kuliah\Semester 5\Workshop AI\Bab_3\pycaret_env\Lib\site-packages\pycaret\internal\metrics.py:204: FitFailedWarning: Metric 'make_scorer(roc_auc_score, response_method=('decision_function', 'predict_proba'), average=weighted, multi_class=ovr)' failed and error score 0.0 has been returned instead. If this is a custom metric, this usually means that the error is in the metric code. Full exception below:
Traceback (most recent call last):
  File "C:\Users\ASUS\Documents\Kuliah\Semester 5\Workshop AI\Bab_3\pycaret_env\Lib\site-packages\pycaret\internal\metrics.py", line 196, in _score
    return super()._score(
           ^^^^^^^^^^^^^^^
  File "C:\Users\ASUS\Documents\Kuliah\Semester 5\Workshop AI\Bab_3\pycaret_env\Lib\site-packages\sklearn\metrics\_scorer.py", line 350, in _score
    return self._sign * self._score_func(y_true, y_pred, **scoring_kwargs)
                        ^^^^^^^^^^^^^^^^^^^^^^^^^^^^^^^^^^^^^^^^^^^^^^^^^^
  File "C:\Users\ASUS\Documents\Kuliah\Semester 5\Workshop AI\Bab_3\pycaret_env\Lib\site-packages\pycaret\internal\metrics.py", line 144, in __call__
    return self.score_func(y_true, y_pred, **kwargs)
           ^^^^^^^^^^^^^^^^^^^^^^^^^^^^^^^^^^^^^^^^^
  File "C:\Users\ASUS\Documents\Kuliah\Semester 5\Workshop AI\Bab_3\pycaret_env\Lib\site-packages\sklearn\utils\_param_validation.py", line 213, in wrapper
    return func(*args, **kwargs)
           ^^^^^^^^^^^^^^^^^^^^^
  File "C:\Users\ASUS\Documents\Kuliah\Semester 5\Workshop AI\Bab_3\pycaret_env\Lib\site-packages\sklearn\metrics\_ranking.py", line 634, in roc_auc_score
    return _multiclass_roc_auc_score(
           ^^^^^^^^^^^^^^^^^^^^^^^^^^
  File "C:\Users\ASUS\Documents\Kuliah\Semester 5\Workshop AI\Bab_3\pycaret_env\Lib\site-packages\sklearn\metrics\_ranking.py", line 707, in _multiclass_roc_auc_score
    raise ValueError(
ValueError: Target scores need to be probabilities for multiclass roc_auc, i.e. they should sum up to 1.0 over classes

  warnings.warn(

2026-09-16 15:41:50,187:WARNING:C:\Users\ASUS\Documents\Kuliah\Semester 5\Workshop AI\Bab_3\pycaret_env\Lib\site-packages\pycaret\internal\metrics.py:204: FitFailedWarning: Metric 'make_scorer(roc_auc_score, response_method=('decision_function', 'predict_proba'), average=weighted, multi_class=ovr)' failed and error score 0.0 has been returned instead. If this is a custom metric, this usually means that the error is in the metric code. Full exception below:
Traceback (most recent call last):
  File "C:\Users\ASUS\Documents\Kuliah\Semester 5\Workshop AI\Bab_3\pycaret_env\Lib\site-packages\pycaret\internal\metrics.py", line 196, in _score
    return super()._score(
           ^^^^^^^^^^^^^^^
  File "C:\Users\ASUS\Documents\Kuliah\Semester 5\Workshop AI\Bab_3\pycaret_env\Lib\site-packages\sklearn\metrics\_scorer.py", line 350, in _score
    return self._sign * self._score_func(y_true, y_pred, **scoring_kwargs)
                        ^^^^^^^^^^^^^^^^^^^^^^^^^^^^^^^^^^^^^^^^^^^^^^^^^^
  File "C:\Users\ASUS\Documents\Kuliah\Semester 5\Workshop AI\Bab_3\pycaret_env\Lib\site-packages\pycaret\internal\metrics.py", line 144, in __call__
    return self.score_func(y_true, y_pred, **kwargs)
           ^^^^^^^^^^^^^^^^^^^^^^^^^^^^^^^^^^^^^^^^^
  File "C:\Users\ASUS\Documents\Kuliah\Semester 5\Workshop AI\Bab_3\pycaret_env\Lib\site-packages\sklearn\utils\_param_validation.py", line 213, in wrapper
    return func(*args, **kwargs)
           ^^^^^^^^^^^^^^^^^^^^^
  File "C:\Users\ASUS\Documents\Kuliah\Semester 5\Workshop AI\Bab_3\pycaret_env\Lib\site-packages\sklearn\metrics\_ranking.py", line 634, in roc_auc_score
    return _multiclass_roc_auc_score(
           ^^^^^^^^^^^^^^^^^^^^^^^^^^
  File "C:\Users\ASUS\Documents\Kuliah\Semester 5\Workshop AI\Bab_3\pycaret_env\Lib\site-packages\sklearn\metrics\_ranking.py", line 707, in _multiclass_roc_auc_score
    raise ValueError(
ValueError: Target scores need to be probabilities for multiclass roc_auc, i.e. they should sum up to 1.0 over classes

  warnings.warn(

2026-09-16 15:41:50,189:WARNING:C:\Users\ASUS\Documents\Kuliah\Semester 5\Workshop AI\Bab_3\pycaret_env\Lib\site-packages\pycaret\internal\metrics.py:204: FitFailedWarning: Metric 'make_scorer(roc_auc_score, response_method=('decision_function', 'predict_proba'), average=weighted, multi_class=ovr)' failed and error score 0.0 has been returned instead. If this is a custom metric, this usually means that the error is in the metric code. Full exception below:
Traceback (most recent call last):
  File "C:\Users\ASUS\Documents\Kuliah\Semester 5\Workshop AI\Bab_3\pycaret_env\Lib\site-packages\pycaret\internal\metrics.py", line 196, in _score
    return super()._score(
           ^^^^^^^^^^^^^^^
  File "C:\Users\ASUS\Documents\Kuliah\Semester 5\Workshop AI\Bab_3\pycaret_env\Lib\site-packages\sklearn\metrics\_scorer.py", line 350, in _score
    return self._sign * self._score_func(y_true, y_pred, **scoring_kwargs)
                        ^^^^^^^^^^^^^^^^^^^^^^^^^^^^^^^^^^^^^^^^^^^^^^^^^^
  File "C:\Users\ASUS\Documents\Kuliah\Semester 5\Workshop AI\Bab_3\pycaret_env\Lib\site-packages\pycaret\internal\metrics.py", line 144, in __call__
    return self.score_func(y_true, y_pred, **kwargs)
           ^^^^^^^^^^^^^^^^^^^^^^^^^^^^^^^^^^^^^^^^^
  File "C:\Users\ASUS\Documents\Kuliah\Semester 5\Workshop AI\Bab_3\pycaret_env\Lib\site-packages\sklearn\utils\_param_validation.py", line 213, in wrapper
    return func(*args, **kwargs)
           ^^^^^^^^^^^^^^^^^^^^^
  File "C:\Users\ASUS\Documents\Kuliah\Semester 5\Workshop AI\Bab_3\pycaret_env\Lib\site-packages\sklearn\metrics\_ranking.py", line 634, in roc_auc_score
    return _multiclass_roc_auc_score(
           ^^^^^^^^^^^^^^^^^^^^^^^^^^
  File "C:\Users\ASUS\Documents\Kuliah\Semester 5\Workshop AI\Bab_3\pycaret_env\Lib\site-packages\sklearn\metrics\_ranking.py", line 707, in _multiclass_roc_auc_score
    raise ValueError(
ValueError: Target scores need to be probabilities for multiclass roc_auc, i.e. they should sum up to 1.0 over classes

  warnings.warn(

2026-09-16 15:41:50,189:WARNING:C:\Users\ASUS\Documents\Kuliah\Semester 5\Workshop AI\Bab_3\pycaret_env\Lib\site-packages\pycaret\internal\metrics.py:204: FitFailedWarning: Metric 'make_scorer(roc_auc_score, response_method=('decision_function', 'predict_proba'), average=weighted, multi_class=ovr)' failed and error score 0.0 has been returned instead. If this is a custom metric, this usually means that the error is in the metric code. Full exception below:
Traceback (most recent call last):
  File "C:\Users\ASUS\Documents\Kuliah\Semester 5\Workshop AI\Bab_3\pycaret_env\Lib\site-packages\pycaret\internal\metrics.py", line 196, in _score
    return super()._score(
           ^^^^^^^^^^^^^^^
  File "C:\Users\ASUS\Documents\Kuliah\Semester 5\Workshop AI\Bab_3\pycaret_env\Lib\site-packages\sklearn\metrics\_scorer.py", line 350, in _score
    return self._sign * self._score_func(y_true, y_pred, **scoring_kwargs)
                        ^^^^^^^^^^^^^^^^^^^^^^^^^^^^^^^^^^^^^^^^^^^^^^^^^^
  File "C:\Users\ASUS\Documents\Kuliah\Semester 5\Workshop AI\Bab_3\pycaret_env\Lib\site-packages\pycaret\internal\metrics.py", line 144, in __call__
    return self.score_func(y_true, y_pred, **kwargs)
           ^^^^^^^^^^^^^^^^^^^^^^^^^^^^^^^^^^^^^^^^^
  File "C:\Users\ASUS\Documents\Kuliah\Semester 5\Workshop AI\Bab_3\pycaret_env\Lib\site-packages\sklearn\utils\_param_validation.py", line 213, in wrapper
    return func(*args, **kwargs)
           ^^^^^^^^^^^^^^^^^^^^^
  File "C:\Users\ASUS\Documents\Kuliah\Semester 5\Workshop AI\Bab_3\pycaret_env\Lib\site-packages\sklearn\metrics\_ranking.py", line 634, in roc_auc_score
    return _multiclass_roc_auc_score(
           ^^^^^^^^^^^^^^^^^^^^^^^^^^
  File "C:\Users\ASUS\Documents\Kuliah\Semester 5\Workshop AI\Bab_3\pycaret_env\Lib\site-packages\sklearn\metrics\_ranking.py", line 707, in _multiclass_roc_auc_score
    raise ValueError(
ValueError: Target scores need to be probabilities for multiclass roc_auc, i.e. they should sum up to 1.0 over classes

  warnings.warn(

2026-09-16 15:41:50,194:WARNING:C:\Users\ASUS\Documents\Kuliah\Semester 5\Workshop AI\Bab_3\pycaret_env\Lib\site-packages\pycaret\internal\metrics.py:204: FitFailedWarning: Metric 'make_scorer(roc_auc_score, response_method=('decision_function', 'predict_proba'), average=weighted, multi_class=ovr)' failed and error score 0.0 has been returned instead. If this is a custom metric, this usually means that the error is in the metric code. Full exception below:
Traceback (most recent call last):
  File "C:\Users\ASUS\Documents\Kuliah\Semester 5\Workshop AI\Bab_3\pycaret_env\Lib\site-packages\pycaret\internal\metrics.py", line 196, in _score
    return super()._score(
           ^^^^^^^^^^^^^^^
  File "C:\Users\ASUS\Documents\Kuliah\Semester 5\Workshop AI\Bab_3\pycaret_env\Lib\site-packages\sklearn\metrics\_scorer.py", line 350, in _score
    return self._sign * self._score_func(y_true, y_pred, **scoring_kwargs)
                        ^^^^^^^^^^^^^^^^^^^^^^^^^^^^^^^^^^^^^^^^^^^^^^^^^^
  File "C:\Users\ASUS\Documents\Kuliah\Semester 5\Workshop AI\Bab_3\pycaret_env\Lib\site-packages\pycaret\internal\metrics.py", line 144, in __call__
    return self.score_func(y_true, y_pred, **kwargs)
           ^^^^^^^^^^^^^^^^^^^^^^^^^^^^^^^^^^^^^^^^^
  File "C:\Users\ASUS\Documents\Kuliah\Semester 5\Workshop AI\Bab_3\pycaret_env\Lib\site-packages\sklearn\utils\_param_validation.py", line 213, in wrapper
    return func(*args, **kwargs)
           ^^^^^^^^^^^^^^^^^^^^^
  File "C:\Users\ASUS\Documents\Kuliah\Semester 5\Workshop AI\Bab_3\pycaret_env\Lib\site-packages\sklearn\metrics\_ranking.py", line 634, in roc_auc_score
    return _multiclass_roc_auc_score(
           ^^^^^^^^^^^^^^^^^^^^^^^^^^
  File "C:\Users\ASUS\Documents\Kuliah\Semester 5\Workshop AI\Bab_3\pycaret_env\Lib\site-packages\sklearn\metrics\_ranking.py", line 707, in _multiclass_roc_auc_score
    raise ValueError(
ValueError: Target scores need to be probabilities for multiclass roc_auc, i.e. they should sum up to 1.0 over classes

  warnings.warn(

2026-09-16 15:41:50,203:WARNING:C:\Users\ASUS\Documents\Kuliah\Semester 5\Workshop AI\Bab_3\pycaret_env\Lib\site-packages\pycaret\internal\metrics.py:204: FitFailedWarning: Metric 'make_scorer(roc_auc_score, response_method=('decision_function', 'predict_proba'), average=weighted, multi_class=ovr)' failed and error score 0.0 has been returned instead. If this is a custom metric, this usually means that the error is in the metric code. Full exception below:
Traceback (most recent call last):
  File "C:\Users\ASUS\Documents\Kuliah\Semester 5\Workshop AI\Bab_3\pycaret_env\Lib\site-packages\pycaret\internal\metrics.py", line 196, in _score
    return super()._score(
           ^^^^^^^^^^^^^^^
  File "C:\Users\ASUS\Documents\Kuliah\Semester 5\Workshop AI\Bab_3\pycaret_env\Lib\site-packages\sklearn\metrics\_scorer.py", line 350, in _score
    return self._sign * self._score_func(y_true, y_pred, **scoring_kwargs)
                        ^^^^^^^^^^^^^^^^^^^^^^^^^^^^^^^^^^^^^^^^^^^^^^^^^^
  File "C:\Users\ASUS\Documents\Kuliah\Semester 5\Workshop AI\Bab_3\pycaret_env\Lib\site-packages\pycaret\internal\metrics.py", line 144, in __call__
    return self.score_func(y_true, y_pred, **kwargs)
           ^^^^^^^^^^^^^^^^^^^^^^^^^^^^^^^^^^^^^^^^^
  File "C:\Users\ASUS\Documents\Kuliah\Semester 5\Workshop AI\Bab_3\pycaret_env\Lib\site-packages\sklearn\utils\_param_validation.py", line 213, in wrapper
    return func(*args, **kwargs)
           ^^^^^^^^^^^^^^^^^^^^^
  File "C:\Users\ASUS\Documents\Kuliah\Semester 5\Workshop AI\Bab_3\pycaret_env\Lib\site-packages\sklearn\metrics\_ranking.py", line 634, in roc_auc_score
    return _multiclass_roc_auc_score(
           ^^^^^^^^^^^^^^^^^^^^^^^^^^
  File "C:\Users\ASUS\Documents\Kuliah\Semester 5\Workshop AI\Bab_3\pycaret_env\Lib\site-packages\sklearn\metrics\_ranking.py", line 707, in _multiclass_roc_auc_score
    raise ValueError(
ValueError: Target scores need to be probabilities for multiclass roc_auc, i.e. they should sum up to 1.0 over classes

  warnings.warn(

2026-09-16 15:41:50,206:WARNING:C:\Users\ASUS\Documents\Kuliah\Semester 5\Workshop AI\Bab_3\pycaret_env\Lib\site-packages\pycaret\internal\metrics.py:204: FitFailedWarning: Metric 'make_scorer(roc_auc_score, response_method=('decision_function', 'predict_proba'), average=weighted, multi_class=ovr)' failed and error score 0.0 has been returned instead. If this is a custom metric, this usually means that the error is in the metric code. Full exception below:
Traceback (most recent call last):
  File "C:\Users\ASUS\Documents\Kuliah\Semester 5\Workshop AI\Bab_3\pycaret_env\Lib\site-packages\pycaret\internal\metrics.py", line 196, in _score
    return super()._score(
           ^^^^^^^^^^^^^^^
  File "C:\Users\ASUS\Documents\Kuliah\Semester 5\Workshop AI\Bab_3\pycaret_env\Lib\site-packages\sklearn\metrics\_scorer.py", line 350, in _score
    return self._sign * self._score_func(y_true, y_pred, **scoring_kwargs)
                        ^^^^^^^^^^^^^^^^^^^^^^^^^^^^^^^^^^^^^^^^^^^^^^^^^^
  File "C:\Users\ASUS\Documents\Kuliah\Semester 5\Workshop AI\Bab_3\pycaret_env\Lib\site-packages\pycaret\internal\metrics.py", line 144, in __call__
    return self.score_func(y_true, y_pred, **kwargs)
           ^^^^^^^^^^^^^^^^^^^^^^^^^^^^^^^^^^^^^^^^^
  File "C:\Users\ASUS\Documents\Kuliah\Semester 5\Workshop AI\Bab_3\pycaret_env\Lib\site-packages\sklearn\utils\_param_validation.py", line 213, in wrapper
    return func(*args, **kwargs)
           ^^^^^^^^^^^^^^^^^^^^^
  File "C:\Users\ASUS\Documents\Kuliah\Semester 5\Workshop AI\Bab_3\pycaret_env\Lib\site-packages\sklearn\metrics\_ranking.py", line 634, in roc_auc_score
    return _multiclass_roc_auc_score(
           ^^^^^^^^^^^^^^^^^^^^^^^^^^
  File "C:\Users\ASUS\Documents\Kuliah\Semester 5\Workshop AI\Bab_3\pycaret_env\Lib\site-packages\sklearn\metrics\_ranking.py", line 707, in _multiclass_roc_auc_score
    raise ValueError(
ValueError: Target scores need to be probabilities for multiclass roc_auc, i.e. they should sum up to 1.0 over classes

  warnings.warn(

2026-09-16 15:41:50,207:WARNING:C:\Users\ASUS\Documents\Kuliah\Semester 5\Workshop AI\Bab_3\pycaret_env\Lib\site-packages\pycaret\internal\metrics.py:204: FitFailedWarning: Metric 'make_scorer(roc_auc_score, response_method=('decision_function', 'predict_proba'), average=weighted, multi_class=ovr)' failed and error score 0.0 has been returned instead. If this is a custom metric, this usually means that the error is in the metric code. Full exception below:
Traceback (most recent call last):
  File "C:\Users\ASUS\Documents\Kuliah\Semester 5\Workshop AI\Bab_3\pycaret_env\Lib\site-packages\pycaret\internal\metrics.py", line 196, in _score
    return super()._score(
           ^^^^^^^^^^^^^^^
  File "C:\Users\ASUS\Documents\Kuliah\Semester 5\Workshop AI\Bab_3\pycaret_env\Lib\site-packages\sklearn\metrics\_scorer.py", line 350, in _score
    return self._sign * self._score_func(y_true, y_pred, **scoring_kwargs)
                        ^^^^^^^^^^^^^^^^^^^^^^^^^^^^^^^^^^^^^^^^^^^^^^^^^^
  File "C:\Users\ASUS\Documents\Kuliah\Semester 5\Workshop AI\Bab_3\pycaret_env\Lib\site-packages\pycaret\internal\metrics.py", line 144, in __call__
    return self.score_func(y_true, y_pred, **kwargs)
           ^^^^^^^^^^^^^^^^^^^^^^^^^^^^^^^^^^^^^^^^^
  File "C:\Users\ASUS\Documents\Kuliah\Semester 5\Workshop AI\Bab_3\pycaret_env\Lib\site-packages\sklearn\utils\_param_validation.py", line 213, in wrapper
    return func(*args, **kwargs)
           ^^^^^^^^^^^^^^^^^^^^^
  File "C:\Users\ASUS\Documents\Kuliah\Semester 5\Workshop AI\Bab_3\pycaret_env\Lib\site-packages\sklearn\metrics\_ranking.py", line 634, in roc_auc_score
    return _multiclass_roc_auc_score(
           ^^^^^^^^^^^^^^^^^^^^^^^^^^
  File "C:\Users\ASUS\Documents\Kuliah\Semester 5\Workshop AI\Bab_3\pycaret_env\Lib\site-packages\sklearn\metrics\_ranking.py", line 707, in _multiclass_roc_auc_score
    raise ValueError(
ValueError: Target scores need to be probabilities for multiclass roc_auc, i.e. they should sum up to 1.0 over classes

  warnings.warn(

2026-09-16 15:41:50,213:WARNING:C:\Users\ASUS\Documents\Kuliah\Semester 5\Workshop AI\Bab_3\pycaret_env\Lib\site-packages\pycaret\internal\metrics.py:204: FitFailedWarning: Metric 'make_scorer(roc_auc_score, response_method=('decision_function', 'predict_proba'), average=weighted, multi_class=ovr)' failed and error score 0.0 has been returned instead. If this is a custom metric, this usually means that the error is in the metric code. Full exception below:
Traceback (most recent call last):
  File "C:\Users\ASUS\Documents\Kuliah\Semester 5\Workshop AI\Bab_3\pycaret_env\Lib\site-packages\pycaret\internal\metrics.py", line 196, in _score
    return super()._score(
           ^^^^^^^^^^^^^^^
  File "C:\Users\ASUS\Documents\Kuliah\Semester 5\Workshop AI\Bab_3\pycaret_env\Lib\site-packages\sklearn\metrics\_scorer.py", line 350, in _score
    return self._sign * self._score_func(y_true, y_pred, **scoring_kwargs)
                        ^^^^^^^^^^^^^^^^^^^^^^^^^^^^^^^^^^^^^^^^^^^^^^^^^^
  File "C:\Users\ASUS\Documents\Kuliah\Semester 5\Workshop AI\Bab_3\pycaret_env\Lib\site-packages\pycaret\internal\metrics.py", line 144, in __call__
    return self.score_func(y_true, y_pred, **kwargs)
           ^^^^^^^^^^^^^^^^^^^^^^^^^^^^^^^^^^^^^^^^^
  File "C:\Users\ASUS\Documents\Kuliah\Semester 5\Workshop AI\Bab_3\pycaret_env\Lib\site-packages\sklearn\utils\_param_validation.py", line 213, in wrapper
    return func(*args, **kwargs)
           ^^^^^^^^^^^^^^^^^^^^^
  File "C:\Users\ASUS\Documents\Kuliah\Semester 5\Workshop AI\Bab_3\pycaret_env\Lib\site-packages\sklearn\metrics\_ranking.py", line 634, in roc_auc_score
    return _multiclass_roc_auc_score(
           ^^^^^^^^^^^^^^^^^^^^^^^^^^
  File "C:\Users\ASUS\Documents\Kuliah\Semester 5\Workshop AI\Bab_3\pycaret_env\Lib\site-packages\sklearn\metrics\_ranking.py", line 707, in _multiclass_roc_auc_score
    raise ValueError(
ValueError: Target scores need to be probabilities for multiclass roc_auc, i.e. they should sum up to 1.0 over classes

  warnings.warn(

2026-09-16 15:41:50,228:WARNING:C:\Users\ASUS\Documents\Kuliah\Semester 5\Workshop AI\Bab_3\pycaret_env\Lib\site-packages\pycaret\internal\metrics.py:204: FitFailedWarning: Metric 'make_scorer(roc_auc_score, response_method=('decision_function', 'predict_proba'), average=weighted, multi_class=ovr)' failed and error score 0.0 has been returned instead. If this is a custom metric, this usually means that the error is in the metric code. Full exception below:
Traceback (most recent call last):
  File "C:\Users\ASUS\Documents\Kuliah\Semester 5\Workshop AI\Bab_3\pycaret_env\Lib\site-packages\pycaret\internal\metrics.py", line 196, in _score
    return super()._score(
           ^^^^^^^^^^^^^^^
  File "C:\Users\ASUS\Documents\Kuliah\Semester 5\Workshop AI\Bab_3\pycaret_env\Lib\site-packages\sklearn\metrics\_scorer.py", line 350, in _score
    return self._sign * self._score_func(y_true, y_pred, **scoring_kwargs)
                        ^^^^^^^^^^^^^^^^^^^^^^^^^^^^^^^^^^^^^^^^^^^^^^^^^^
  File "C:\Users\ASUS\Documents\Kuliah\Semester 5\Workshop AI\Bab_3\pycaret_env\Lib\site-packages\pycaret\internal\metrics.py", line 144, in __call__
    return self.score_func(y_true, y_pred, **kwargs)
           ^^^^^^^^^^^^^^^^^^^^^^^^^^^^^^^^^^^^^^^^^
  File "C:\Users\ASUS\Documents\Kuliah\Semester 5\Workshop AI\Bab_3\pycaret_env\Lib\site-packages\sklearn\utils\_param_validation.py", line 213, in wrapper
    return func(*args, **kwargs)
           ^^^^^^^^^^^^^^^^^^^^^
  File "C:\Users\ASUS\Documents\Kuliah\Semester 5\Workshop AI\Bab_3\pycaret_env\Lib\site-packages\sklearn\metrics\_ranking.py", line 634, in roc_auc_score
    return _multiclass_roc_auc_score(
           ^^^^^^^^^^^^^^^^^^^^^^^^^^
  File "C:\Users\ASUS\Documents\Kuliah\Semester 5\Workshop AI\Bab_3\pycaret_env\Lib\site-packages\sklearn\metrics\_ranking.py", line 707, in _multiclass_roc_auc_score
    raise ValueError(
ValueError: Target scores need to be probabilities for multiclass roc_auc, i.e. they should sum up to 1.0 over classes

  warnings.warn(

2026-09-16 15:41:50,248:INFO:Calculating mean and std
2026-09-16 15:41:50,249:INFO:Creating metrics dataframe
2026-09-16 15:41:50,253:INFO:Uploading results into container
2026-09-16 15:41:50,254:INFO:Uploading model into container now
2026-09-16 15:41:50,254:INFO:_master_model_container: 10
2026-09-16 15:41:50,255:INFO:_display_container: 2
2026-09-16 15:41:50,255:INFO:GradientBoostingClassifier(ccp_alpha=0.0, criterion='friedman_mse', init=None,
                           learning_rate=0.1, loss='log_loss', max_depth=3,
                           max_features=None, max_leaf_nodes=None,
                           min_impurity_decrease=0.0, min_samples_leaf=1,
                           min_samples_split=2, min_weight_fraction_leaf=0.0,
                           n_estimators=100, n_iter_no_change=None,
                           random_state=3519, subsample=1.0, tol=0.0001,
                           validation_fraction=0.1, verbose=0,
                           warm_start=False)
2026-09-16 15:41:50,256:INFO:create_model() successfully completed......................................
2026-09-16 15:41:50,362:INFO:SubProcess create_model() end ==================================
2026-09-16 15:41:50,362:INFO:Creating metrics dataframe
2026-09-16 15:41:50,367:INFO:Initializing Linear Discriminant Analysis
2026-09-16 15:41:50,367:INFO:Total runtime is 0.5773171067237853 minutes
2026-09-16 15:41:50,367:INFO:SubProcess create_model() called ==================================
2026-09-16 15:41:50,367:INFO:Initializing create_model()
2026-09-16 15:41:50,367:INFO:create_model(self=<pycaret.classification.oop.ClassificationExperiment object at 0x00000183F9EE6CD0>, estimator=lda, fold=StratifiedKFold(n_splits=10, random_state=None, shuffle=False), round=4, cross_validation=True, predict=True, fit_kwargs={}, groups=None, refit=False, probability_threshold=None, experiment_custom_tags=None, verbose=False, system=False, add_to_model_list=True, metrics=None, display=<pycaret.internal.display.display.CommonDisplay object at 0x00000183FFA4EE90>, model_only=True, return_train_score=False, error_score=0.0, kwargs={})
2026-09-16 15:41:50,368:INFO:Checking exceptions
2026-09-16 15:41:50,368:INFO:Importing libraries
2026-09-16 15:41:50,368:INFO:Copying training dataset
2026-09-16 15:41:50,371:INFO:Defining folds
2026-09-16 15:41:50,371:INFO:Declaring metric variables
2026-09-16 15:41:50,372:INFO:Importing untrained model
2026-09-16 15:41:50,372:INFO:Linear Discriminant Analysis Imported successfully
2026-09-16 15:41:50,372:INFO:Starting cross validation
2026-09-16 15:41:50,374:INFO:Cross validating with StratifiedKFold(n_splits=10, random_state=None, shuffle=False), n_jobs=-1
2026-09-16 15:41:50,435:WARNING:C:\Users\ASUS\Documents\Kuliah\Semester 5\Workshop AI\Bab_3\pycaret_env\Lib\site-packages\pycaret\internal\metrics.py:204: FitFailedWarning: Metric 'make_scorer(roc_auc_score, response_method=('decision_function', 'predict_proba'), average=weighted, multi_class=ovr)' failed and error score 0.0 has been returned instead. If this is a custom metric, this usually means that the error is in the metric code. Full exception below:
Traceback (most recent call last):
  File "C:\Users\ASUS\Documents\Kuliah\Semester 5\Workshop AI\Bab_3\pycaret_env\Lib\site-packages\pycaret\internal\metrics.py", line 196, in _score
    return super()._score(
           ^^^^^^^^^^^^^^^
  File "C:\Users\ASUS\Documents\Kuliah\Semester 5\Workshop AI\Bab_3\pycaret_env\Lib\site-packages\sklearn\metrics\_scorer.py", line 350, in _score
    return self._sign * self._score_func(y_true, y_pred, **scoring_kwargs)
                        ^^^^^^^^^^^^^^^^^^^^^^^^^^^^^^^^^^^^^^^^^^^^^^^^^^
  File "C:\Users\ASUS\Documents\Kuliah\Semester 5\Workshop AI\Bab_3\pycaret_env\Lib\site-packages\pycaret\internal\metrics.py", line 144, in __call__
    return self.score_func(y_true, y_pred, **kwargs)
           ^^^^^^^^^^^^^^^^^^^^^^^^^^^^^^^^^^^^^^^^^
  File "C:\Users\ASUS\Documents\Kuliah\Semester 5\Workshop AI\Bab_3\pycaret_env\Lib\site-packages\sklearn\utils\_param_validation.py", line 213, in wrapper
    return func(*args, **kwargs)
           ^^^^^^^^^^^^^^^^^^^^^
  File "C:\Users\ASUS\Documents\Kuliah\Semester 5\Workshop AI\Bab_3\pycaret_env\Lib\site-packages\sklearn\metrics\_ranking.py", line 634, in roc_auc_score
    return _multiclass_roc_auc_score(
           ^^^^^^^^^^^^^^^^^^^^^^^^^^
  File "C:\Users\ASUS\Documents\Kuliah\Semester 5\Workshop AI\Bab_3\pycaret_env\Lib\site-packages\sklearn\metrics\_ranking.py", line 707, in _multiclass_roc_auc_score
    raise ValueError(
ValueError: Target scores need to be probabilities for multiclass roc_auc, i.e. they should sum up to 1.0 over classes

  warnings.warn(

2026-09-16 15:41:50,435:WARNING:C:\Users\ASUS\Documents\Kuliah\Semester 5\Workshop AI\Bab_3\pycaret_env\Lib\site-packages\pycaret\internal\metrics.py:204: FitFailedWarning: Metric 'make_scorer(roc_auc_score, response_method=('decision_function', 'predict_proba'), average=weighted, multi_class=ovr)' failed and error score 0.0 has been returned instead. If this is a custom metric, this usually means that the error is in the metric code. Full exception below:
Traceback (most recent call last):
  File "C:\Users\ASUS\Documents\Kuliah\Semester 5\Workshop AI\Bab_3\pycaret_env\Lib\site-packages\pycaret\internal\metrics.py", line 196, in _score
    return super()._score(
           ^^^^^^^^^^^^^^^
  File "C:\Users\ASUS\Documents\Kuliah\Semester 5\Workshop AI\Bab_3\pycaret_env\Lib\site-packages\sklearn\metrics\_scorer.py", line 350, in _score
    return self._sign * self._score_func(y_true, y_pred, **scoring_kwargs)
                        ^^^^^^^^^^^^^^^^^^^^^^^^^^^^^^^^^^^^^^^^^^^^^^^^^^
  File "C:\Users\ASUS\Documents\Kuliah\Semester 5\Workshop AI\Bab_3\pycaret_env\Lib\site-packages\pycaret\internal\metrics.py", line 144, in __call__
    return self.score_func(y_true, y_pred, **kwargs)
           ^^^^^^^^^^^^^^^^^^^^^^^^^^^^^^^^^^^^^^^^^
  File "C:\Users\ASUS\Documents\Kuliah\Semester 5\Workshop AI\Bab_3\pycaret_env\Lib\site-packages\sklearn\utils\_param_validation.py", line 213, in wrapper
    return func(*args, **kwargs)
           ^^^^^^^^^^^^^^^^^^^^^
  File "C:\Users\ASUS\Documents\Kuliah\Semester 5\Workshop AI\Bab_3\pycaret_env\Lib\site-packages\sklearn\metrics\_ranking.py", line 634, in roc_auc_score
    return _multiclass_roc_auc_score(
           ^^^^^^^^^^^^^^^^^^^^^^^^^^
  File "C:\Users\ASUS\Documents\Kuliah\Semester 5\Workshop AI\Bab_3\pycaret_env\Lib\site-packages\sklearn\metrics\_ranking.py", line 707, in _multiclass_roc_auc_score
    raise ValueError(
ValueError: Target scores need to be probabilities for multiclass roc_auc, i.e. they should sum up to 1.0 over classes

  warnings.warn(

2026-09-16 15:41:50,435:WARNING:C:\Users\ASUS\Documents\Kuliah\Semester 5\Workshop AI\Bab_3\pycaret_env\Lib\site-packages\pycaret\internal\metrics.py:204: FitFailedWarning: Metric 'make_scorer(roc_auc_score, response_method=('decision_function', 'predict_proba'), average=weighted, multi_class=ovr)' failed and error score 0.0 has been returned instead. If this is a custom metric, this usually means that the error is in the metric code. Full exception below:
Traceback (most recent call last):
  File "C:\Users\ASUS\Documents\Kuliah\Semester 5\Workshop AI\Bab_3\pycaret_env\Lib\site-packages\pycaret\internal\metrics.py", line 196, in _score
    return super()._score(
           ^^^^^^^^^^^^^^^
  File "C:\Users\ASUS\Documents\Kuliah\Semester 5\Workshop AI\Bab_3\pycaret_env\Lib\site-packages\sklearn\metrics\_scorer.py", line 350, in _score
    return self._sign * self._score_func(y_true, y_pred, **scoring_kwargs)
                        ^^^^^^^^^^^^^^^^^^^^^^^^^^^^^^^^^^^^^^^^^^^^^^^^^^
  File "C:\Users\ASUS\Documents\Kuliah\Semester 5\Workshop AI\Bab_3\pycaret_env\Lib\site-packages\pycaret\internal\metrics.py", line 144, in __call__
    return self.score_func(y_true, y_pred, **kwargs)
           ^^^^^^^^^^^^^^^^^^^^^^^^^^^^^^^^^^^^^^^^^
  File "C:\Users\ASUS\Documents\Kuliah\Semester 5\Workshop AI\Bab_3\pycaret_env\Lib\site-packages\sklearn\utils\_param_validation.py", line 213, in wrapper
    return func(*args, **kwargs)
           ^^^^^^^^^^^^^^^^^^^^^
  File "C:\Users\ASUS\Documents\Kuliah\Semester 5\Workshop AI\Bab_3\pycaret_env\Lib\site-packages\sklearn\metrics\_ranking.py", line 634, in roc_auc_score
    return _multiclass_roc_auc_score(
           ^^^^^^^^^^^^^^^^^^^^^^^^^^
  File "C:\Users\ASUS\Documents\Kuliah\Semester 5\Workshop AI\Bab_3\pycaret_env\Lib\site-packages\sklearn\metrics\_ranking.py", line 707, in _multiclass_roc_auc_score
    raise ValueError(
ValueError: Target scores need to be probabilities for multiclass roc_auc, i.e. they should sum up to 1.0 over classes

  warnings.warn(

2026-09-16 15:41:50,435:WARNING:C:\Users\ASUS\Documents\Kuliah\Semester 5\Workshop AI\Bab_3\pycaret_env\Lib\site-packages\pycaret\internal\metrics.py:204: FitFailedWarning: Metric 'make_scorer(roc_auc_score, response_method=('decision_function', 'predict_proba'), average=weighted, multi_class=ovr)' failed and error score 0.0 has been returned instead. If this is a custom metric, this usually means that the error is in the metric code. Full exception below:
Traceback (most recent call last):
  File "C:\Users\ASUS\Documents\Kuliah\Semester 5\Workshop AI\Bab_3\pycaret_env\Lib\site-packages\pycaret\internal\metrics.py", line 196, in _score
    return super()._score(
           ^^^^^^^^^^^^^^^
  File "C:\Users\ASUS\Documents\Kuliah\Semester 5\Workshop AI\Bab_3\pycaret_env\Lib\site-packages\sklearn\metrics\_scorer.py", line 350, in _score
    return self._sign * self._score_func(y_true, y_pred, **scoring_kwargs)
                        ^^^^^^^^^^^^^^^^^^^^^^^^^^^^^^^^^^^^^^^^^^^^^^^^^^
  File "C:\Users\ASUS\Documents\Kuliah\Semester 5\Workshop AI\Bab_3\pycaret_env\Lib\site-packages\pycaret\internal\metrics.py", line 144, in __call__
    return self.score_func(y_true, y_pred, **kwargs)
           ^^^^^^^^^^^^^^^^^^^^^^^^^^^^^^^^^^^^^^^^^
  File "C:\Users\ASUS\Documents\Kuliah\Semester 5\Workshop AI\Bab_3\pycaret_env\Lib\site-packages\sklearn\utils\_param_validation.py", line 213, in wrapper
    return func(*args, **kwargs)
           ^^^^^^^^^^^^^^^^^^^^^
  File "C:\Users\ASUS\Documents\Kuliah\Semester 5\Workshop AI\Bab_3\pycaret_env\Lib\site-packages\sklearn\metrics\_ranking.py", line 634, in roc_auc_score
    return _multiclass_roc_auc_score(
           ^^^^^^^^^^^^^^^^^^^^^^^^^^
  File "C:\Users\ASUS\Documents\Kuliah\Semester 5\Workshop AI\Bab_3\pycaret_env\Lib\site-packages\sklearn\metrics\_ranking.py", line 707, in _multiclass_roc_auc_score
    raise ValueError(
ValueError: Target scores need to be probabilities for multiclass roc_auc, i.e. they should sum up to 1.0 over classes

  warnings.warn(

2026-09-16 15:41:50,436:WARNING:C:\Users\ASUS\Documents\Kuliah\Semester 5\Workshop AI\Bab_3\pycaret_env\Lib\site-packages\pycaret\internal\metrics.py:204: FitFailedWarning: Metric 'make_scorer(roc_auc_score, response_method=('decision_function', 'predict_proba'), average=weighted, multi_class=ovr)' failed and error score 0.0 has been returned instead. If this is a custom metric, this usually means that the error is in the metric code. Full exception below:
Traceback (most recent call last):
  File "C:\Users\ASUS\Documents\Kuliah\Semester 5\Workshop AI\Bab_3\pycaret_env\Lib\site-packages\pycaret\internal\metrics.py", line 196, in _score
    return super()._score(
           ^^^^^^^^^^^^^^^
  File "C:\Users\ASUS\Documents\Kuliah\Semester 5\Workshop AI\Bab_3\pycaret_env\Lib\site-packages\sklearn\metrics\_scorer.py", line 350, in _score
    return self._sign * self._score_func(y_true, y_pred, **scoring_kwargs)
                        ^^^^^^^^^^^^^^^^^^^^^^^^^^^^^^^^^^^^^^^^^^^^^^^^^^
  File "C:\Users\ASUS\Documents\Kuliah\Semester 5\Workshop AI\Bab_3\pycaret_env\Lib\site-packages\pycaret\internal\metrics.py", line 144, in __call__
    return self.score_func(y_true, y_pred, **kwargs)
           ^^^^^^^^^^^^^^^^^^^^^^^^^^^^^^^^^^^^^^^^^
  File "C:\Users\ASUS\Documents\Kuliah\Semester 5\Workshop AI\Bab_3\pycaret_env\Lib\site-packages\sklearn\utils\_param_validation.py", line 213, in wrapper
    return func(*args, **kwargs)
           ^^^^^^^^^^^^^^^^^^^^^
  File "C:\Users\ASUS\Documents\Kuliah\Semester 5\Workshop AI\Bab_3\pycaret_env\Lib\site-packages\sklearn\metrics\_ranking.py", line 634, in roc_auc_score
    return _multiclass_roc_auc_score(
           ^^^^^^^^^^^^^^^^^^^^^^^^^^
  File "C:\Users\ASUS\Documents\Kuliah\Semester 5\Workshop AI\Bab_3\pycaret_env\Lib\site-packages\sklearn\metrics\_ranking.py", line 707, in _multiclass_roc_auc_score
    raise ValueError(
ValueError: Target scores need to be probabilities for multiclass roc_auc, i.e. they should sum up to 1.0 over classes

  warnings.warn(

2026-09-16 15:41:50,436:WARNING:C:\Users\ASUS\Documents\Kuliah\Semester 5\Workshop AI\Bab_3\pycaret_env\Lib\site-packages\pycaret\internal\metrics.py:204: FitFailedWarning: Metric 'make_scorer(roc_auc_score, response_method=('decision_function', 'predict_proba'), average=weighted, multi_class=ovr)' failed and error score 0.0 has been returned instead. If this is a custom metric, this usually means that the error is in the metric code. Full exception below:
Traceback (most recent call last):
  File "C:\Users\ASUS\Documents\Kuliah\Semester 5\Workshop AI\Bab_3\pycaret_env\Lib\site-packages\pycaret\internal\metrics.py", line 196, in _score
    return super()._score(
           ^^^^^^^^^^^^^^^
  File "C:\Users\ASUS\Documents\Kuliah\Semester 5\Workshop AI\Bab_3\pycaret_env\Lib\site-packages\sklearn\metrics\_scorer.py", line 350, in _score
    return self._sign * self._score_func(y_true, y_pred, **scoring_kwargs)
                        ^^^^^^^^^^^^^^^^^^^^^^^^^^^^^^^^^^^^^^^^^^^^^^^^^^
  File "C:\Users\ASUS\Documents\Kuliah\Semester 5\Workshop AI\Bab_3\pycaret_env\Lib\site-packages\pycaret\internal\metrics.py", line 144, in __call__
    return self.score_func(y_true, y_pred, **kwargs)
           ^^^^^^^^^^^^^^^^^^^^^^^^^^^^^^^^^^^^^^^^^
  File "C:\Users\ASUS\Documents\Kuliah\Semester 5\Workshop AI\Bab_3\pycaret_env\Lib\site-packages\sklearn\utils\_param_validation.py", line 213, in wrapper
    return func(*args, **kwargs)
           ^^^^^^^^^^^^^^^^^^^^^
  File "C:\Users\ASUS\Documents\Kuliah\Semester 5\Workshop AI\Bab_3\pycaret_env\Lib\site-packages\sklearn\metrics\_ranking.py", line 634, in roc_auc_score
    return _multiclass_roc_auc_score(
           ^^^^^^^^^^^^^^^^^^^^^^^^^^
  File "C:\Users\ASUS\Documents\Kuliah\Semester 5\Workshop AI\Bab_3\pycaret_env\Lib\site-packages\sklearn\metrics\_ranking.py", line 707, in _multiclass_roc_auc_score
    raise ValueError(
ValueError: Target scores need to be probabilities for multiclass roc_auc, i.e. they should sum up to 1.0 over classes

  warnings.warn(

2026-09-16 15:41:50,437:WARNING:C:\Users\ASUS\Documents\Kuliah\Semester 5\Workshop AI\Bab_3\pycaret_env\Lib\site-packages\pycaret\internal\metrics.py:204: FitFailedWarning: Metric 'make_scorer(roc_auc_score, response_method=('decision_function', 'predict_proba'), average=weighted, multi_class=ovr)' failed and error score 0.0 has been returned instead. If this is a custom metric, this usually means that the error is in the metric code. Full exception below:
Traceback (most recent call last):
  File "C:\Users\ASUS\Documents\Kuliah\Semester 5\Workshop AI\Bab_3\pycaret_env\Lib\site-packages\pycaret\internal\metrics.py", line 196, in _score
    return super()._score(
           ^^^^^^^^^^^^^^^
  File "C:\Users\ASUS\Documents\Kuliah\Semester 5\Workshop AI\Bab_3\pycaret_env\Lib\site-packages\sklearn\metrics\_scorer.py", line 350, in _score
    return self._sign * self._score_func(y_true, y_pred, **scoring_kwargs)
                        ^^^^^^^^^^^^^^^^^^^^^^^^^^^^^^^^^^^^^^^^^^^^^^^^^^
  File "C:\Users\ASUS\Documents\Kuliah\Semester 5\Workshop AI\Bab_3\pycaret_env\Lib\site-packages\pycaret\internal\metrics.py", line 144, in __call__
    return self.score_func(y_true, y_pred, **kwargs)
           ^^^^^^^^^^^^^^^^^^^^^^^^^^^^^^^^^^^^^^^^^
  File "C:\Users\ASUS\Documents\Kuliah\Semester 5\Workshop AI\Bab_3\pycaret_env\Lib\site-packages\sklearn\utils\_param_validation.py", line 213, in wrapper
    return func(*args, **kwargs)
           ^^^^^^^^^^^^^^^^^^^^^
  File "C:\Users\ASUS\Documents\Kuliah\Semester 5\Workshop AI\Bab_3\pycaret_env\Lib\site-packages\sklearn\metrics\_ranking.py", line 634, in roc_auc_score
    return _multiclass_roc_auc_score(
           ^^^^^^^^^^^^^^^^^^^^^^^^^^
  File "C:\Users\ASUS\Documents\Kuliah\Semester 5\Workshop AI\Bab_3\pycaret_env\Lib\site-packages\sklearn\metrics\_ranking.py", line 707, in _multiclass_roc_auc_score
    raise ValueError(
ValueError: Target scores need to be probabilities for multiclass roc_auc, i.e. they should sum up to 1.0 over classes

  warnings.warn(

2026-09-16 15:41:50,437:WARNING:C:\Users\ASUS\Documents\Kuliah\Semester 5\Workshop AI\Bab_3\pycaret_env\Lib\site-packages\pycaret\internal\metrics.py:204: FitFailedWarning: Metric 'make_scorer(roc_auc_score, response_method=('decision_function', 'predict_proba'), average=weighted, multi_class=ovr)' failed and error score 0.0 has been returned instead. If this is a custom metric, this usually means that the error is in the metric code. Full exception below:
Traceback (most recent call last):
  File "C:\Users\ASUS\Documents\Kuliah\Semester 5\Workshop AI\Bab_3\pycaret_env\Lib\site-packages\pycaret\internal\metrics.py", line 196, in _score
    return super()._score(
           ^^^^^^^^^^^^^^^
  File "C:\Users\ASUS\Documents\Kuliah\Semester 5\Workshop AI\Bab_3\pycaret_env\Lib\site-packages\sklearn\metrics\_scorer.py", line 350, in _score
    return self._sign * self._score_func(y_true, y_pred, **scoring_kwargs)
                        ^^^^^^^^^^^^^^^^^^^^^^^^^^^^^^^^^^^^^^^^^^^^^^^^^^
  File "C:\Users\ASUS\Documents\Kuliah\Semester 5\Workshop AI\Bab_3\pycaret_env\Lib\site-packages\pycaret\internal\metrics.py", line 144, in __call__
    return self.score_func(y_true, y_pred, **kwargs)
           ^^^^^^^^^^^^^^^^^^^^^^^^^^^^^^^^^^^^^^^^^
  File "C:\Users\ASUS\Documents\Kuliah\Semester 5\Workshop AI\Bab_3\pycaret_env\Lib\site-packages\sklearn\utils\_param_validation.py", line 213, in wrapper
    return func(*args, **kwargs)
           ^^^^^^^^^^^^^^^^^^^^^
  File "C:\Users\ASUS\Documents\Kuliah\Semester 5\Workshop AI\Bab_3\pycaret_env\Lib\site-packages\sklearn\metrics\_ranking.py", line 634, in roc_auc_score
    return _multiclass_roc_auc_score(
           ^^^^^^^^^^^^^^^^^^^^^^^^^^
  File "C:\Users\ASUS\Documents\Kuliah\Semester 5\Workshop AI\Bab_3\pycaret_env\Lib\site-packages\sklearn\metrics\_ranking.py", line 707, in _multiclass_roc_auc_score
    raise ValueError(
ValueError: Target scores need to be probabilities for multiclass roc_auc, i.e. they should sum up to 1.0 over classes

  warnings.warn(

2026-09-16 15:41:50,437:WARNING:C:\Users\ASUS\Documents\Kuliah\Semester 5\Workshop AI\Bab_3\pycaret_env\Lib\site-packages\pycaret\internal\metrics.py:204: FitFailedWarning: Metric 'make_scorer(roc_auc_score, response_method=('decision_function', 'predict_proba'), average=weighted, multi_class=ovr)' failed and error score 0.0 has been returned instead. If this is a custom metric, this usually means that the error is in the metric code. Full exception below:
Traceback (most recent call last):
  File "C:\Users\ASUS\Documents\Kuliah\Semester 5\Workshop AI\Bab_3\pycaret_env\Lib\site-packages\pycaret\internal\metrics.py", line 196, in _score
    return super()._score(
           ^^^^^^^^^^^^^^^
  File "C:\Users\ASUS\Documents\Kuliah\Semester 5\Workshop AI\Bab_3\pycaret_env\Lib\site-packages\sklearn\metrics\_scorer.py", line 350, in _score
    return self._sign * self._score_func(y_true, y_pred, **scoring_kwargs)
                        ^^^^^^^^^^^^^^^^^^^^^^^^^^^^^^^^^^^^^^^^^^^^^^^^^^
  File "C:\Users\ASUS\Documents\Kuliah\Semester 5\Workshop AI\Bab_3\pycaret_env\Lib\site-packages\pycaret\internal\metrics.py", line 144, in __call__
    return self.score_func(y_true, y_pred, **kwargs)
           ^^^^^^^^^^^^^^^^^^^^^^^^^^^^^^^^^^^^^^^^^
  File "C:\Users\ASUS\Documents\Kuliah\Semester 5\Workshop AI\Bab_3\pycaret_env\Lib\site-packages\sklearn\utils\_param_validation.py", line 213, in wrapper
    return func(*args, **kwargs)
           ^^^^^^^^^^^^^^^^^^^^^
  File "C:\Users\ASUS\Documents\Kuliah\Semester 5\Workshop AI\Bab_3\pycaret_env\Lib\site-packages\sklearn\metrics\_ranking.py", line 634, in roc_auc_score
    return _multiclass_roc_auc_score(
           ^^^^^^^^^^^^^^^^^^^^^^^^^^
  File "C:\Users\ASUS\Documents\Kuliah\Semester 5\Workshop AI\Bab_3\pycaret_env\Lib\site-packages\sklearn\metrics\_ranking.py", line 707, in _multiclass_roc_auc_score
    raise ValueError(
ValueError: Target scores need to be probabilities for multiclass roc_auc, i.e. they should sum up to 1.0 over classes

  warnings.warn(

2026-09-16 15:41:50,439:WARNING:C:\Users\ASUS\Documents\Kuliah\Semester 5\Workshop AI\Bab_3\pycaret_env\Lib\site-packages\pycaret\internal\metrics.py:204: FitFailedWarning: Metric 'make_scorer(roc_auc_score, response_method=('decision_function', 'predict_proba'), average=weighted, multi_class=ovr)' failed and error score 0.0 has been returned instead. If this is a custom metric, this usually means that the error is in the metric code. Full exception below:
Traceback (most recent call last):
  File "C:\Users\ASUS\Documents\Kuliah\Semester 5\Workshop AI\Bab_3\pycaret_env\Lib\site-packages\pycaret\internal\metrics.py", line 196, in _score
    return super()._score(
           ^^^^^^^^^^^^^^^
  File "C:\Users\ASUS\Documents\Kuliah\Semester 5\Workshop AI\Bab_3\pycaret_env\Lib\site-packages\sklearn\metrics\_scorer.py", line 350, in _score
    return self._sign * self._score_func(y_true, y_pred, **scoring_kwargs)
                        ^^^^^^^^^^^^^^^^^^^^^^^^^^^^^^^^^^^^^^^^^^^^^^^^^^
  File "C:\Users\ASUS\Documents\Kuliah\Semester 5\Workshop AI\Bab_3\pycaret_env\Lib\site-packages\pycaret\internal\metrics.py", line 144, in __call__
    return self.score_func(y_true, y_pred, **kwargs)
           ^^^^^^^^^^^^^^^^^^^^^^^^^^^^^^^^^^^^^^^^^
  File "C:\Users\ASUS\Documents\Kuliah\Semester 5\Workshop AI\Bab_3\pycaret_env\Lib\site-packages\sklearn\utils\_param_validation.py", line 213, in wrapper
    return func(*args, **kwargs)
           ^^^^^^^^^^^^^^^^^^^^^
  File "C:\Users\ASUS\Documents\Kuliah\Semester 5\Workshop AI\Bab_3\pycaret_env\Lib\site-packages\sklearn\metrics\_ranking.py", line 634, in roc_auc_score
    return _multiclass_roc_auc_score(
           ^^^^^^^^^^^^^^^^^^^^^^^^^^
  File "C:\Users\ASUS\Documents\Kuliah\Semester 5\Workshop AI\Bab_3\pycaret_env\Lib\site-packages\sklearn\metrics\_ranking.py", line 707, in _multiclass_roc_auc_score
    raise ValueError(
ValueError: Target scores need to be probabilities for multiclass roc_auc, i.e. they should sum up to 1.0 over classes

  warnings.warn(

2026-09-16 15:41:50,462:INFO:Calculating mean and std
2026-09-16 15:41:50,463:INFO:Creating metrics dataframe
2026-09-16 15:41:50,465:INFO:Uploading results into container
2026-09-16 15:41:50,466:INFO:Uploading model into container now
2026-09-16 15:41:50,467:INFO:_master_model_container: 11
2026-09-16 15:41:50,467:INFO:_display_container: 2
2026-09-16 15:41:50,467:INFO:LinearDiscriminantAnalysis(covariance_estimator=None, n_components=None,
                           priors=None, shrinkage=None, solver='svd',
                           store_covariance=False, tol=0.0001)
2026-09-16 15:41:50,467:INFO:create_model() successfully completed......................................
2026-09-16 15:41:50,556:INFO:SubProcess create_model() end ==================================
2026-09-16 15:41:50,556:INFO:Creating metrics dataframe
2026-09-16 15:41:50,559:INFO:Initializing Extra Trees Classifier
2026-09-16 15:41:50,559:INFO:Total runtime is 0.5805207053820292 minutes
2026-09-16 15:41:50,559:INFO:SubProcess create_model() called ==================================
2026-09-16 15:41:50,559:INFO:Initializing create_model()
2026-09-16 15:41:50,559:INFO:create_model(self=<pycaret.classification.oop.ClassificationExperiment object at 0x00000183F9EE6CD0>, estimator=et, fold=StratifiedKFold(n_splits=10, random_state=None, shuffle=False), round=4, cross_validation=True, predict=True, fit_kwargs={}, groups=None, refit=False, probability_threshold=None, experiment_custom_tags=None, verbose=False, system=False, add_to_model_list=True, metrics=None, display=<pycaret.internal.display.display.CommonDisplay object at 0x00000183FFA4EE90>, model_only=True, return_train_score=False, error_score=0.0, kwargs={})
2026-09-16 15:41:50,559:INFO:Checking exceptions
2026-09-16 15:41:50,559:INFO:Importing libraries
2026-09-16 15:41:50,560:INFO:Copying training dataset
2026-09-16 15:41:50,562:INFO:Defining folds
2026-09-16 15:41:50,563:INFO:Declaring metric variables
2026-09-16 15:41:50,563:INFO:Importing untrained model
2026-09-16 15:41:50,564:INFO:Extra Trees Classifier Imported successfully
2026-09-16 15:41:50,565:INFO:Starting cross validation
2026-09-16 15:41:50,565:INFO:Cross validating with StratifiedKFold(n_splits=10, random_state=None, shuffle=False), n_jobs=-1
2026-09-16 15:41:50,944:INFO:Calculating mean and std
2026-09-16 15:41:50,945:INFO:Creating metrics dataframe
2026-09-16 15:41:50,948:INFO:Uploading results into container
2026-09-16 15:41:50,949:INFO:Uploading model into container now
2026-09-16 15:41:50,949:INFO:_master_model_container: 12
2026-09-16 15:41:50,950:INFO:_display_container: 2
2026-09-16 15:41:50,950:INFO:ExtraTreesClassifier(bootstrap=False, ccp_alpha=0.0, class_weight=None,
                     criterion='gini', max_depth=None, max_features='sqrt',
                     max_leaf_nodes=None, max_samples=None,
                     min_impurity_decrease=0.0, min_samples_leaf=1,
                     min_samples_split=2, min_weight_fraction_leaf=0.0,
                     monotonic_cst=None, n_estimators=100, n_jobs=-1,
                     oob_score=False, random_state=3519, verbose=0,
                     warm_start=False)
2026-09-16 15:41:50,950:INFO:create_model() successfully completed......................................
2026-09-16 15:41:51,041:INFO:SubProcess create_model() end ==================================
2026-09-16 15:41:51,041:INFO:Creating metrics dataframe
2026-09-16 15:41:51,044:INFO:Initializing Light Gradient Boosting Machine
2026-09-16 15:41:51,044:INFO:Total runtime is 0.5886078596115112 minutes
2026-09-16 15:41:51,044:INFO:SubProcess create_model() called ==================================
2026-09-16 15:41:51,044:INFO:Initializing create_model()
2026-09-16 15:41:51,045:INFO:create_model(self=<pycaret.classification.oop.ClassificationExperiment object at 0x00000183F9EE6CD0>, estimator=lightgbm, fold=StratifiedKFold(n_splits=10, random_state=None, shuffle=False), round=4, cross_validation=True, predict=True, fit_kwargs={}, groups=None, refit=False, probability_threshold=None, experiment_custom_tags=None, verbose=False, system=False, add_to_model_list=True, metrics=None, display=<pycaret.internal.display.display.CommonDisplay object at 0x00000183FFA4EE90>, model_only=True, return_train_score=False, error_score=0.0, kwargs={})
2026-09-16 15:41:51,045:INFO:Checking exceptions
2026-09-16 15:41:51,045:INFO:Importing libraries
2026-09-16 15:41:51,045:INFO:Copying training dataset
2026-09-16 15:41:51,049:INFO:Defining folds
2026-09-16 15:41:51,049:INFO:Declaring metric variables
2026-09-16 15:41:51,049:INFO:Importing untrained model
2026-09-16 15:41:51,050:INFO:Light Gradient Boosting Machine Imported successfully
2026-09-16 15:41:51,051:INFO:Starting cross validation
2026-09-16 15:41:51,051:INFO:Cross validating with StratifiedKFold(n_splits=10, random_state=None, shuffle=False), n_jobs=-1
2026-09-16 15:41:52,812:WARNING:create_model() for lightgbm raised an exception or returned all 0.0, trying without fit_kwargs:
2026-09-16 15:41:52,913:WARNING:Traceback (most recent call last):
  File "C:\Users\ASUS\Documents\Kuliah\Semester 5\Workshop AI\Bab_3\pycaret_env\Lib\site-packages\pycaret\internal\pycaret_experiment\supervised_experiment.py", line 794, in compare_models
    model, model_fit_time = self._create_model(**create_model_args)
                            ^^^^^^^^^^^^^^^^^^^^^^^^^^^^^^^^^^^^^^^
  File "C:\Users\ASUS\Documents\Kuliah\Semester 5\Workshop AI\Bab_3\pycaret_env\Lib\site-packages\pycaret\internal\pycaret_experiment\supervised_experiment.py", line 1533, in _create_model
    model, model_fit_time, model_results, _ = self._create_model_with_cv(
                                              ^^^^^^^^^^^^^^^^^^^^^^^^^^^
  File "C:\Users\ASUS\Documents\Kuliah\Semester 5\Workshop AI\Bab_3\pycaret_env\Lib\site-packages\pycaret\internal\pycaret_experiment\supervised_experiment.py", line 1126, in _create_model_with_cv
    scores = cross_validate(
             ^^^^^^^^^^^^^^^
  File "C:\Users\ASUS\Documents\Kuliah\Semester 5\Workshop AI\Bab_3\pycaret_env\Lib\site-packages\sklearn\utils\_param_validation.py", line 213, in wrapper
    return func(*args, **kwargs)
           ^^^^^^^^^^^^^^^^^^^^^
  File "C:\Users\ASUS\Documents\Kuliah\Semester 5\Workshop AI\Bab_3\pycaret_env\Lib\site-packages\sklearn\model_selection\_validation.py", line 450, in cross_validate
    _warn_or_raise_about_fit_failures(results, error_score)
  File "C:\Users\ASUS\Documents\Kuliah\Semester 5\Workshop AI\Bab_3\pycaret_env\Lib\site-packages\sklearn\model_selection\_validation.py", line 536, in _warn_or_raise_about_fit_failures
    raise ValueError(all_fits_failed_message)
ValueError: 
All the 10 fits failed.
It is very likely that your model is misconfigured.
You can try to debug the error by setting error_score='raise'.

Below are more details about the failures:
--------------------------------------------------------------------------------
10 fits failed with the following error:
Traceback (most recent call last):
  File "C:\Users\ASUS\Documents\Kuliah\Semester 5\Workshop AI\Bab_3\pycaret_env\Lib\site-packages\sklearn\model_selection\_validation.py", line 895, in _fit_and_score
    estimator.fit(X_train, y_train, **fit_params)
  File "C:\Users\ASUS\Documents\Kuliah\Semester 5\Workshop AI\Bab_3\pycaret_env\Lib\site-packages\pycaret\internal\pipeline.py", line 278, in fit
    fitted_estimator = self._memory_fit(
                       ^^^^^^^^^^^^^^^^^
  File "C:\Users\ASUS\Documents\Kuliah\Semester 5\Workshop AI\Bab_3\pycaret_env\Lib\site-packages\joblib\memory.py", line 353, in __call__
    return self.func(*args, **kwargs)
           ^^^^^^^^^^^^^^^^^^^^^^^^^^
  File "C:\Users\ASUS\Documents\Kuliah\Semester 5\Workshop AI\Bab_3\pycaret_env\Lib\site-packages\pycaret\internal\pipeline.py", line 69, in _fit_one
    transformer.fit(*args)
  File "C:\Users\ASUS\Documents\Kuliah\Semester 5\Workshop AI\Bab_3\pycaret_env\Lib\site-packages\lightgbm\sklearn.py", line 1704, in fit
    super().fit(
  File "C:\Users\ASUS\Documents\Kuliah\Semester 5\Workshop AI\Bab_3\pycaret_env\Lib\site-packages\lightgbm\sklearn.py", line 1171, in fit
    self._Booster = train(
                    ^^^^^^
  File "C:\Users\ASUS\Documents\Kuliah\Semester 5\Workshop AI\Bab_3\pycaret_env\Lib\site-packages\lightgbm\engine.py", line 296, in train
    booster = Booster(params=params, train_set=train_set)
              ^^^^^^^^^^^^^^^^^^^^^^^^^^^^^^^^^^^^^^^^^^^
  File "C:\Users\ASUS\Documents\Kuliah\Semester 5\Workshop AI\Bab_3\pycaret_env\Lib\site-packages\lightgbm\basic.py", line 3758, in __init__
    train_set.construct()
  File "C:\Users\ASUS\Documents\Kuliah\Semester 5\Workshop AI\Bab_3\pycaret_env\Lib\site-packages\lightgbm\basic.py", line 2574, in construct
    self._lazy_init(
  File "C:\Users\ASUS\Documents\Kuliah\Semester 5\Workshop AI\Bab_3\pycaret_env\Lib\site-packages\lightgbm\basic.py", line 2189, in _lazy_init
    self.set_label(label)
  File "C:\Users\ASUS\Documents\Kuliah\Semester 5\Workshop AI\Bab_3\pycaret_env\Lib\site-packages\lightgbm\basic.py", line 3097, in set_label
    self.set_field("label", label_array)
  File "C:\Users\ASUS\Documents\Kuliah\Semester 5\Workshop AI\Bab_3\pycaret_env\Lib\site-packages\lightgbm\basic.py", line 2860, in set_field
    _LIB.LGBM_DatasetSetField(
OSError: exception: access violation reading 0x0000000000000000


2026-09-16 15:41:52,914:INFO:Initializing create_model()
2026-09-16 15:41:52,914:INFO:create_model(self=<pycaret.classification.oop.ClassificationExperiment object at 0x00000183F9EE6CD0>, estimator=lightgbm, fold=StratifiedKFold(n_splits=10, random_state=None, shuffle=False), round=4, cross_validation=True, predict=True, fit_kwargs={}, groups=None, refit=False, probability_threshold=None, experiment_custom_tags=None, verbose=False, system=False, add_to_model_list=True, metrics=None, display=<pycaret.internal.display.display.CommonDisplay object at 0x00000183FFA4EE90>, model_only=True, return_train_score=False, error_score=0.0, kwargs={})
2026-09-16 15:41:52,914:INFO:Checking exceptions
2026-09-16 15:41:52,914:INFO:Importing libraries
2026-09-16 15:41:52,914:INFO:Copying training dataset
2026-09-16 15:41:52,922:INFO:Defining folds
2026-09-16 15:41:52,922:INFO:Declaring metric variables
2026-09-16 15:41:52,922:INFO:Importing untrained model
2026-09-16 15:41:52,924:INFO:Light Gradient Boosting Machine Imported successfully
2026-09-16 15:41:52,924:INFO:Starting cross validation
2026-09-16 15:41:52,926:INFO:Cross validating with StratifiedKFold(n_splits=10, random_state=None, shuffle=False), n_jobs=-1
2026-09-16 15:41:53,077:ERROR:create_model() for lightgbm raised an exception or returned all 0.0:
2026-09-16 15:41:53,081:ERROR:Traceback (most recent call last):
  File "C:\Users\ASUS\Documents\Kuliah\Semester 5\Workshop AI\Bab_3\pycaret_env\Lib\site-packages\pycaret\internal\pycaret_experiment\supervised_experiment.py", line 794, in compare_models
    model, model_fit_time = self._create_model(**create_model_args)
                            ^^^^^^^^^^^^^^^^^^^^^^^^^^^^^^^^^^^^^^^
  File "C:\Users\ASUS\Documents\Kuliah\Semester 5\Workshop AI\Bab_3\pycaret_env\Lib\site-packages\pycaret\internal\pycaret_experiment\supervised_experiment.py", line 1533, in _create_model
    model, model_fit_time, model_results, _ = self._create_model_with_cv(
                                              ^^^^^^^^^^^^^^^^^^^^^^^^^^^
  File "C:\Users\ASUS\Documents\Kuliah\Semester 5\Workshop AI\Bab_3\pycaret_env\Lib\site-packages\pycaret\internal\pycaret_experiment\supervised_experiment.py", line 1126, in _create_model_with_cv
    scores = cross_validate(
             ^^^^^^^^^^^^^^^
  File "C:\Users\ASUS\Documents\Kuliah\Semester 5\Workshop AI\Bab_3\pycaret_env\Lib\site-packages\sklearn\utils\_param_validation.py", line 213, in wrapper
    return func(*args, **kwargs)
           ^^^^^^^^^^^^^^^^^^^^^
  File "C:\Users\ASUS\Documents\Kuliah\Semester 5\Workshop AI\Bab_3\pycaret_env\Lib\site-packages\sklearn\model_selection\_validation.py", line 450, in cross_validate
    _warn_or_raise_about_fit_failures(results, error_score)
  File "C:\Users\ASUS\Documents\Kuliah\Semester 5\Workshop AI\Bab_3\pycaret_env\Lib\site-packages\sklearn\model_selection\_validation.py", line 536, in _warn_or_raise_about_fit_failures
    raise ValueError(all_fits_failed_message)
ValueError: 
All the 10 fits failed.
It is very likely that your model is misconfigured.
You can try to debug the error by setting error_score='raise'.

Below are more details about the failures:
--------------------------------------------------------------------------------
10 fits failed with the following error:
Traceback (most recent call last):
  File "C:\Users\ASUS\Documents\Kuliah\Semester 5\Workshop AI\Bab_3\pycaret_env\Lib\site-packages\sklearn\model_selection\_validation.py", line 895, in _fit_and_score
    estimator.fit(X_train, y_train, **fit_params)
  File "C:\Users\ASUS\Documents\Kuliah\Semester 5\Workshop AI\Bab_3\pycaret_env\Lib\site-packages\pycaret\internal\pipeline.py", line 278, in fit
    fitted_estimator = self._memory_fit(
                       ^^^^^^^^^^^^^^^^^
  File "C:\Users\ASUS\Documents\Kuliah\Semester 5\Workshop AI\Bab_3\pycaret_env\Lib\site-packages\joblib\memory.py", line 353, in __call__
    return self.func(*args, **kwargs)
           ^^^^^^^^^^^^^^^^^^^^^^^^^^
  File "C:\Users\ASUS\Documents\Kuliah\Semester 5\Workshop AI\Bab_3\pycaret_env\Lib\site-packages\pycaret\internal\pipeline.py", line 69, in _fit_one
    transformer.fit(*args)
  File "C:\Users\ASUS\Documents\Kuliah\Semester 5\Workshop AI\Bab_3\pycaret_env\Lib\site-packages\lightgbm\sklearn.py", line 1704, in fit
    super().fit(
  File "C:\Users\ASUS\Documents\Kuliah\Semester 5\Workshop AI\Bab_3\pycaret_env\Lib\site-packages\lightgbm\sklearn.py", line 1171, in fit
    self._Booster = train(
                    ^^^^^^
  File "C:\Users\ASUS\Documents\Kuliah\Semester 5\Workshop AI\Bab_3\pycaret_env\Lib\site-packages\lightgbm\engine.py", line 296, in train
    booster = Booster(params=params, train_set=train_set)
              ^^^^^^^^^^^^^^^^^^^^^^^^^^^^^^^^^^^^^^^^^^^
  File "C:\Users\ASUS\Documents\Kuliah\Semester 5\Workshop AI\Bab_3\pycaret_env\Lib\site-packages\lightgbm\basic.py", line 3758, in __init__
    train_set.construct()
  File "C:\Users\ASUS\Documents\Kuliah\Semester 5\Workshop AI\Bab_3\pycaret_env\Lib\site-packages\lightgbm\basic.py", line 2574, in construct
    self._lazy_init(
  File "C:\Users\ASUS\Documents\Kuliah\Semester 5\Workshop AI\Bab_3\pycaret_env\Lib\site-packages\lightgbm\basic.py", line 2189, in _lazy_init
    self.set_label(label)
  File "C:\Users\ASUS\Documents\Kuliah\Semester 5\Workshop AI\Bab_3\pycaret_env\Lib\site-packages\lightgbm\basic.py", line 3097, in set_label
    self.set_field("label", label_array)
  File "C:\Users\ASUS\Documents\Kuliah\Semester 5\Workshop AI\Bab_3\pycaret_env\Lib\site-packages\lightgbm\basic.py", line 2860, in set_field
    _LIB.LGBM_DatasetSetField(
OSError: exception: access violation reading 0x0000000000000000


During handling of the above exception, another exception occurred:

Traceback (most recent call last):
  File "C:\Users\ASUS\Documents\Kuliah\Semester 5\Workshop AI\Bab_3\pycaret_env\Lib\site-packages\pycaret\internal\pycaret_experiment\supervised_experiment.py", line 815, in compare_models
    model, model_fit_time = self._create_model(**create_model_args)
                            ^^^^^^^^^^^^^^^^^^^^^^^^^^^^^^^^^^^^^^^
  File "C:\Users\ASUS\Documents\Kuliah\Semester 5\Workshop AI\Bab_3\pycaret_env\Lib\site-packages\pycaret\internal\pycaret_experiment\supervised_experiment.py", line 1533, in _create_model
    model, model_fit_time, model_results, _ = self._create_model_with_cv(
                                              ^^^^^^^^^^^^^^^^^^^^^^^^^^^
  File "C:\Users\ASUS\Documents\Kuliah\Semester 5\Workshop AI\Bab_3\pycaret_env\Lib\site-packages\pycaret\internal\pycaret_experiment\supervised_experiment.py", line 1126, in _create_model_with_cv
    scores = cross_validate(
             ^^^^^^^^^^^^^^^
  File "C:\Users\ASUS\Documents\Kuliah\Semester 5\Workshop AI\Bab_3\pycaret_env\Lib\site-packages\sklearn\utils\_param_validation.py", line 213, in wrapper
    return func(*args, **kwargs)
           ^^^^^^^^^^^^^^^^^^^^^
  File "C:\Users\ASUS\Documents\Kuliah\Semester 5\Workshop AI\Bab_3\pycaret_env\Lib\site-packages\sklearn\model_selection\_validation.py", line 450, in cross_validate
    _warn_or_raise_about_fit_failures(results, error_score)
  File "C:\Users\ASUS\Documents\Kuliah\Semester 5\Workshop AI\Bab_3\pycaret_env\Lib\site-packages\sklearn\model_selection\_validation.py", line 536, in _warn_or_raise_about_fit_failures
    raise ValueError(all_fits_failed_message)
ValueError: 
All the 10 fits failed.
It is very likely that your model is misconfigured.
You can try to debug the error by setting error_score='raise'.

Below are more details about the failures:
--------------------------------------------------------------------------------
10 fits failed with the following error:
Traceback (most recent call last):
  File "C:\Users\ASUS\Documents\Kuliah\Semester 5\Workshop AI\Bab_3\pycaret_env\Lib\site-packages\sklearn\model_selection\_validation.py", line 895, in _fit_and_score
    estimator.fit(X_train, y_train, **fit_params)
  File "C:\Users\ASUS\Documents\Kuliah\Semester 5\Workshop AI\Bab_3\pycaret_env\Lib\site-packages\pycaret\internal\pipeline.py", line 278, in fit
    fitted_estimator = self._memory_fit(
                       ^^^^^^^^^^^^^^^^^
  File "C:\Users\ASUS\Documents\Kuliah\Semester 5\Workshop AI\Bab_3\pycaret_env\Lib\site-packages\joblib\memory.py", line 353, in __call__
    return self.func(*args, **kwargs)
           ^^^^^^^^^^^^^^^^^^^^^^^^^^
  File "C:\Users\ASUS\Documents\Kuliah\Semester 5\Workshop AI\Bab_3\pycaret_env\Lib\site-packages\pycaret\internal\pipeline.py", line 69, in _fit_one
    transformer.fit(*args)
  File "C:\Users\ASUS\Documents\Kuliah\Semester 5\Workshop AI\Bab_3\pycaret_env\Lib\site-packages\lightgbm\sklearn.py", line 1704, in fit
    super().fit(
  File "C:\Users\ASUS\Documents\Kuliah\Semester 5\Workshop AI\Bab_3\pycaret_env\Lib\site-packages\lightgbm\sklearn.py", line 1171, in fit
    self._Booster = train(
                    ^^^^^^
  File "C:\Users\ASUS\Documents\Kuliah\Semester 5\Workshop AI\Bab_3\pycaret_env\Lib\site-packages\lightgbm\engine.py", line 296, in train
    booster = Booster(params=params, train_set=train_set)
              ^^^^^^^^^^^^^^^^^^^^^^^^^^^^^^^^^^^^^^^^^^^
  File "C:\Users\ASUS\Documents\Kuliah\Semester 5\Workshop AI\Bab_3\pycaret_env\Lib\site-packages\lightgbm\basic.py", line 3758, in __init__
    train_set.construct()
  File "C:\Users\ASUS\Documents\Kuliah\Semester 5\Workshop AI\Bab_3\pycaret_env\Lib\site-packages\lightgbm\basic.py", line 2574, in construct
    self._lazy_init(
  File "C:\Users\ASUS\Documents\Kuliah\Semester 5\Workshop AI\Bab_3\pycaret_env\Lib\site-packages\lightgbm\basic.py", line 2189, in _lazy_init
    self.set_label(label)
  File "C:\Users\ASUS\Documents\Kuliah\Semester 5\Workshop AI\Bab_3\pycaret_env\Lib\site-packages\lightgbm\basic.py", line 3097, in set_label
    self.set_field("label", label_array)
  File "C:\Users\ASUS\Documents\Kuliah\Semester 5\Workshop AI\Bab_3\pycaret_env\Lib\site-packages\lightgbm\basic.py", line 2860, in set_field
    _LIB.LGBM_DatasetSetField(
OSError: exception: access violation reading 0x0000000000000000


2026-09-16 15:41:53,086:INFO:Initializing Dummy Classifier
2026-09-16 15:41:53,086:INFO:Total runtime is 0.6226459781328837 minutes
2026-09-16 15:41:53,087:INFO:SubProcess create_model() called ==================================
2026-09-16 15:41:53,087:INFO:Initializing create_model()
2026-09-16 15:41:53,087:INFO:create_model(self=<pycaret.classification.oop.ClassificationExperiment object at 0x00000183F9EE6CD0>, estimator=dummy, fold=StratifiedKFold(n_splits=10, random_state=None, shuffle=False), round=4, cross_validation=True, predict=True, fit_kwargs={}, groups=None, refit=False, probability_threshold=None, experiment_custom_tags=None, verbose=False, system=False, add_to_model_list=True, metrics=None, display=<pycaret.internal.display.display.CommonDisplay object at 0x00000183FFA4EE90>, model_only=True, return_train_score=False, error_score=0.0, kwargs={})
2026-09-16 15:41:53,088:INFO:Checking exceptions
2026-09-16 15:41:53,088:INFO:Importing libraries
2026-09-16 15:41:53,088:INFO:Copying training dataset
2026-09-16 15:41:53,094:INFO:Defining folds
2026-09-16 15:41:53,094:INFO:Declaring metric variables
2026-09-16 15:41:53,094:INFO:Importing untrained model
2026-09-16 15:41:53,095:INFO:Dummy Classifier Imported successfully
2026-09-16 15:41:53,096:INFO:Starting cross validation
2026-09-16 15:41:53,097:INFO:Cross validating with StratifiedKFold(n_splits=10, random_state=None, shuffle=False), n_jobs=-1
2026-09-16 15:41:53,162:WARNING:C:\Users\ASUS\Documents\Kuliah\Semester 5\Workshop AI\Bab_3\pycaret_env\Lib\site-packages\sklearn\metrics\_classification.py:1509: UndefinedMetricWarning: Precision is ill-defined and being set to 0.0 in labels with no predicted samples. Use `zero_division` parameter to control this behavior.
  _warn_prf(average, modifier, f"{metric.capitalize()} is", len(result))

2026-09-16 15:41:53,162:WARNING:C:\Users\ASUS\Documents\Kuliah\Semester 5\Workshop AI\Bab_3\pycaret_env\Lib\site-packages\sklearn\metrics\_classification.py:1509: UndefinedMetricWarning: Precision is ill-defined and being set to 0.0 in labels with no predicted samples. Use `zero_division` parameter to control this behavior.
  _warn_prf(average, modifier, f"{metric.capitalize()} is", len(result))

2026-09-16 15:41:53,162:WARNING:C:\Users\ASUS\Documents\Kuliah\Semester 5\Workshop AI\Bab_3\pycaret_env\Lib\site-packages\sklearn\metrics\_classification.py:1509: UndefinedMetricWarning: Precision is ill-defined and being set to 0.0 in labels with no predicted samples. Use `zero_division` parameter to control this behavior.
  _warn_prf(average, modifier, f"{metric.capitalize()} is", len(result))

2026-09-16 15:41:53,175:WARNING:C:\Users\ASUS\Documents\Kuliah\Semester 5\Workshop AI\Bab_3\pycaret_env\Lib\site-packages\sklearn\metrics\_classification.py:1509: UndefinedMetricWarning: Precision is ill-defined and being set to 0.0 in labels with no predicted samples. Use `zero_division` parameter to control this behavior.
  _warn_prf(average, modifier, f"{metric.capitalize()} is", len(result))

2026-09-16 15:41:53,194:WARNING:C:\Users\ASUS\Documents\Kuliah\Semester 5\Workshop AI\Bab_3\pycaret_env\Lib\site-packages\sklearn\metrics\_classification.py:1509: UndefinedMetricWarning: Precision is ill-defined and being set to 0.0 in labels with no predicted samples. Use `zero_division` parameter to control this behavior.
  _warn_prf(average, modifier, f"{metric.capitalize()} is", len(result))

2026-09-16 15:41:53,195:WARNING:C:\Users\ASUS\Documents\Kuliah\Semester 5\Workshop AI\Bab_3\pycaret_env\Lib\site-packages\sklearn\metrics\_classification.py:1509: UndefinedMetricWarning: Precision is ill-defined and being set to 0.0 in labels with no predicted samples. Use `zero_division` parameter to control this behavior.
  _warn_prf(average, modifier, f"{metric.capitalize()} is", len(result))

2026-09-16 15:41:53,196:WARNING:C:\Users\ASUS\Documents\Kuliah\Semester 5\Workshop AI\Bab_3\pycaret_env\Lib\site-packages\sklearn\metrics\_classification.py:1509: UndefinedMetricWarning: Precision is ill-defined and being set to 0.0 in labels with no predicted samples. Use `zero_division` parameter to control this behavior.
  _warn_prf(average, modifier, f"{metric.capitalize()} is", len(result))

2026-09-16 15:41:53,196:WARNING:C:\Users\ASUS\Documents\Kuliah\Semester 5\Workshop AI\Bab_3\pycaret_env\Lib\site-packages\sklearn\metrics\_classification.py:1509: UndefinedMetricWarning: Precision is ill-defined and being set to 0.0 in labels with no predicted samples. Use `zero_division` parameter to control this behavior.
  _warn_prf(average, modifier, f"{metric.capitalize()} is", len(result))

2026-09-16 15:41:53,198:WARNING:C:\Users\ASUS\Documents\Kuliah\Semester 5\Workshop AI\Bab_3\pycaret_env\Lib\site-packages\sklearn\metrics\_classification.py:1509: UndefinedMetricWarning: Precision is ill-defined and being set to 0.0 in labels with no predicted samples. Use `zero_division` parameter to control this behavior.
  _warn_prf(average, modifier, f"{metric.capitalize()} is", len(result))

2026-09-16 15:41:53,201:WARNING:C:\Users\ASUS\Documents\Kuliah\Semester 5\Workshop AI\Bab_3\pycaret_env\Lib\site-packages\sklearn\metrics\_classification.py:1509: UndefinedMetricWarning: Precision is ill-defined and being set to 0.0 in labels with no predicted samples. Use `zero_division` parameter to control this behavior.
  _warn_prf(average, modifier, f"{metric.capitalize()} is", len(result))

2026-09-16 15:41:53,213:INFO:Calculating mean and std
2026-09-16 15:41:53,214:INFO:Creating metrics dataframe
2026-09-16 15:41:53,217:INFO:Uploading results into container
2026-09-16 15:41:53,217:INFO:Uploading model into container now
2026-09-16 15:41:53,217:INFO:_master_model_container: 13
2026-09-16 15:41:53,218:INFO:_display_container: 2
2026-09-16 15:41:53,218:INFO:DummyClassifier(constant=None, random_state=3519, strategy='prior')
2026-09-16 15:41:53,218:INFO:create_model() successfully completed......................................
2026-09-16 15:41:53,339:INFO:SubProcess create_model() end ==================================
2026-09-16 15:41:53,340:INFO:Creating metrics dataframe
2026-09-16 15:41:53,356:WARNING:C:\Users\ASUS\Documents\Kuliah\Semester 5\Workshop AI\Bab_3\pycaret_env\Lib\site-packages\pycaret\internal\pycaret_experiment\supervised_experiment.py:339: FutureWarning: Styler.applymap has been deprecated. Use Styler.map instead.
  .applymap(highlight_cols, subset=["TT (Sec)"])

2026-09-16 15:41:53,360:INFO:Initializing create_model()
2026-09-16 15:41:53,361:INFO:create_model(self=<pycaret.classification.oop.ClassificationExperiment object at 0x00000183F9EE6CD0>, estimator=KNeighborsClassifier(algorithm='auto', leaf_size=30, metric='minkowski',
                     metric_params=None, n_jobs=-1, n_neighbors=5, p=2,
                     weights='uniform'), fold=StratifiedKFold(n_splits=10, random_state=None, shuffle=False), round=4, cross_validation=False, predict=False, fit_kwargs={}, groups=None, refit=True, probability_threshold=None, experiment_custom_tags=None, verbose=False, system=False, add_to_model_list=True, metrics=None, display=None, model_only=True, return_train_score=False, error_score=0.0, kwargs={})
2026-09-16 15:41:53,361:INFO:Checking exceptions
2026-09-16 15:41:53,373:INFO:Importing libraries
2026-09-16 15:41:53,373:INFO:Copying training dataset
2026-09-16 15:41:53,380:INFO:Defining folds
2026-09-16 15:41:53,380:INFO:Declaring metric variables
2026-09-16 15:41:53,380:INFO:Importing untrained model
2026-09-16 15:41:53,380:INFO:Declaring custom model
2026-09-16 15:41:53,381:INFO:K Neighbors Classifier Imported successfully
2026-09-16 15:41:53,381:INFO:Cross validation set to False
2026-09-16 15:41:53,381:INFO:Fitting Model
2026-09-16 15:41:53,440:INFO:KNeighborsClassifier(algorithm='auto', leaf_size=30, metric='minkowski',
                     metric_params=None, n_jobs=-1, n_neighbors=5, p=2,
                     weights='uniform')
2026-09-16 15:41:53,608:INFO:create_model() successfully completed......................................
2026-09-16 15:41:53,744:INFO:_master_model_container: 13
2026-09-16 15:41:53,744:INFO:_display_container: 2
2026-09-16 15:41:53,744:INFO:KNeighborsClassifier(algorithm='auto', leaf_size=30, metric='minkowski',
                     metric_params=None, n_jobs=-1, n_neighbors=5, p=2,
                     weights='uniform')
2026-09-16 15:41:53,744:INFO:compare_models() successfully completed......................................
2026-09-16 15:43:56,904:WARNING:
'cuml' is a soft dependency and not included in the pycaret installation. Please run: `pip install cuml` to install.
2026-09-16 15:43:56,905:WARNING:
'cuml' is a soft dependency and not included in the pycaret installation. Please run: `pip install cuml` to install.
2026-09-16 15:43:56,905:WARNING:
'cuml' is a soft dependency and not included in the pycaret installation. Please run: `pip install cuml` to install.
2026-09-16 15:43:56,905:WARNING:
'cuml' is a soft dependency and not included in the pycaret installation. Please run: `pip install cuml` to install.
2026-09-16 15:43:58,398:INFO:PyCaret ClassificationExperiment
2026-09-16 15:43:58,399:INFO:Logging name: clf-default-name
2026-09-16 15:43:58,399:INFO:ML Usecase: MLUsecase.CLASSIFICATION
2026-09-16 15:43:58,399:INFO:version 3.3.2
2026-09-16 15:43:58,399:INFO:Initializing setup()
2026-09-16 15:43:58,399:INFO:self.USI: 76c1
2026-09-16 15:43:58,399:INFO:self._variable_keys: {'X_train', 'USI', 'fold_groups_param', 'gpu_n_jobs_param', 'target_param', 'gpu_param', 'y', 'X_test', 'exp_id', 'html_param', 'y_train', 'X', 'fix_imbalance', 'memory', 'seed', 'fold_generator', 'y_test', 'fold_shuffle_param', '_available_plots', 'idx', '_ml_usecase', 'exp_name_log', 'logging_param', 'is_multiclass', 'data', 'log_plots_param', 'pipeline', 'n_jobs_param'}
2026-09-16 15:43:58,399:INFO:Checking environment
2026-09-16 15:43:58,399:INFO:python_version: 3.11.9
2026-09-16 15:43:58,399:INFO:python_build: ('tags/v3.11.9:de54cf5', 'Apr  2 2024 10:12:12')
2026-09-16 15:43:58,399:INFO:machine: AMD64
2026-09-16 15:43:58,425:INFO:platform: Windows-10-10.0.26200-SP0
2026-09-16 15:43:58,425:INFO:Memory: svmem(total=8399802368, available=818872320, percent=90.3, used=7580930048, free=818872320)
2026-09-16 15:43:58,427:INFO:Physical Core: 8
2026-09-16 15:43:58,427:INFO:Logical Core: 16
2026-09-16 15:43:58,427:INFO:Checking libraries
2026-09-16 15:43:58,427:INFO:System:
2026-09-16 15:43:58,427:INFO:    python: 3.11.9 (tags/v3.11.9:de54cf5, Apr  2 2024, 10:12:12) [MSC v.1938 64 bit (AMD64)]
2026-09-16 15:43:58,427:INFO:executable: C:\Users\ASUS\Documents\Kuliah\Semester 5\Workshop AI\Bab_3\pycaret_env\Scripts\python.exe
2026-09-16 15:43:58,427:INFO:   machine: Windows-10-10.0.26200-SP0
2026-09-16 15:43:58,427:INFO:PyCaret required dependencies:
2026-09-16 15:43:58,470:INFO:                 pip: 24.0
2026-09-16 15:43:58,470:INFO:          setuptools: 65.5.0
2026-09-16 15:43:58,470:INFO:             pycaret: 3.3.2
2026-09-16 15:43:58,470:INFO:             IPython: 9.17.1
2026-09-16 15:43:58,470:INFO:          ipywidgets: 8.1.9
2026-09-16 15:43:58,470:INFO:                tqdm: 4.70.1
2026-09-16 15:43:58,470:INFO:               numpy: 1.26.4
2026-09-16 15:43:58,470:INFO:              pandas: 2.1.4
2026-09-16 15:43:58,470:INFO:              jinja2: 3.1.6
2026-09-16 15:43:58,470:INFO:               scipy: 1.11.4
2026-09-16 15:43:58,470:INFO:              joblib: 1.3.2
2026-09-16 15:43:58,470:INFO:             sklearn: 1.4.2
2026-09-16 15:43:58,472:INFO:                pyod: 3.4.0
2026-09-16 15:43:58,472:INFO:            imblearn: 0.14.2
2026-09-16 15:43:58,472:INFO:   category_encoders: 2.7.0
2026-09-16 15:43:58,472:INFO:            lightgbm: 4.7.0
2026-09-16 15:43:58,472:INFO:               numba: 0.67.0
2026-09-16 15:43:58,472:INFO:            requests: 2.34.2
2026-09-16 15:43:58,472:INFO:          matplotlib: 3.7.5
2026-09-16 15:43:58,472:INFO:          scikitplot: 0.3.7
2026-09-16 15:43:58,472:INFO:         yellowbrick: 1.5
2026-09-16 15:43:58,472:INFO:              plotly: 6.9.0
2026-09-16 15:43:58,472:INFO:    plotly-resampler: Not installed
2026-09-16 15:43:58,472:INFO:             kaleido: 1.4.0
2026-09-16 15:43:58,472:INFO:           schemdraw: 0.15
2026-09-16 15:43:58,472:INFO:         statsmodels: 0.15.0
2026-09-16 15:43:58,472:INFO:              sktime: 0.26.0
2026-09-16 15:43:58,472:INFO:               tbats: 1.1.3
2026-09-16 15:43:58,472:INFO:            pmdarima: 2.0.4
2026-09-16 15:43:58,472:INFO:              psutil: 7.2.2
2026-09-16 15:43:58,472:INFO:          markupsafe: 3.0.3
2026-09-16 15:43:58,472:INFO:             pickle5: Not installed
2026-09-16 15:43:58,472:INFO:         cloudpickle: 3.1.2
2026-09-16 15:43:58,472:INFO:         deprecation: 2.1.0
2026-09-16 15:43:58,472:INFO:              xxhash: 4.0.1
2026-09-16 15:43:58,473:INFO:           wurlitzer: Not installed
2026-09-16 15:43:58,473:INFO:PyCaret optional dependencies:
2026-09-16 15:43:58,490:INFO:                shap: Not installed
2026-09-16 15:43:58,490:INFO:           interpret: Not installed
2026-09-16 15:43:58,490:INFO:                umap: Not installed
2026-09-16 15:43:58,490:INFO:     ydata_profiling: Not installed
2026-09-16 15:43:58,490:INFO:  explainerdashboard: Not installed
2026-09-16 15:43:58,490:INFO:             autoviz: Not installed
2026-09-16 15:43:58,490:INFO:           fairlearn: Not installed
2026-09-16 15:43:58,490:INFO:          deepchecks: Not installed
2026-09-16 15:43:58,490:INFO:             xgboost: Not installed
2026-09-16 15:43:58,490:INFO:            catboost: Not installed
2026-09-16 15:43:58,490:INFO:              kmodes: Not installed
2026-09-16 15:43:58,490:INFO:             mlxtend: Not installed
2026-09-16 15:43:58,490:INFO:       statsforecast: Not installed
2026-09-16 15:43:58,490:INFO:        tune_sklearn: Not installed
2026-09-16 15:43:58,491:INFO:                 ray: Not installed
2026-09-16 15:43:58,491:INFO:            hyperopt: Not installed
2026-09-16 15:43:58,491:INFO:              optuna: Not installed
2026-09-16 15:43:58,491:INFO:               skopt: Not installed
2026-09-16 15:43:58,491:INFO:              mlflow: Not installed
2026-09-16 15:43:58,491:INFO:              gradio: Not installed
2026-09-16 15:43:58,491:INFO:             fastapi: Not installed
2026-09-16 15:43:58,491:INFO:             uvicorn: Not installed
2026-09-16 15:43:58,491:INFO:              m2cgen: Not installed
2026-09-16 15:43:58,491:INFO:           evidently: Not installed
2026-09-16 15:43:58,491:INFO:               fugue: Not installed
2026-09-16 15:43:58,491:INFO:           streamlit: Not installed
2026-09-16 15:43:58,491:INFO:             prophet: Not installed
2026-09-16 15:43:58,491:INFO:None
2026-09-16 15:43:58,491:INFO:Set up data.
2026-09-16 15:43:58,501:INFO:Set up folding strategy.
2026-09-16 15:43:58,501:INFO:Set up train/test split.
2026-09-16 15:43:58,510:INFO:Set up index.
2026-09-16 15:43:58,513:INFO:Assigning column types.
2026-09-16 15:43:58,519:INFO:Engine successfully changes for model 'lr' to 'sklearn'.
2026-09-16 15:43:58,590:INFO:Engine for model 'knn' has not been set explicitly, hence returning None.
2026-09-16 15:43:58,597:INFO:Engine for model 'rbfsvm' has not been set explicitly, hence returning None.
2026-09-16 15:43:58,660:WARNING:
'xgboost' is a soft dependency and not included in the pycaret installation. Please run: `pip install xgboost` to install.
Alternately, you can install this by running `pip install pycaret[models]`
2026-09-16 15:43:58,661:WARNING:
'catboost' is a soft dependency and not included in the pycaret installation. Please run: `pip install catboost` to install.
Alternately, you can install this by running `pip install pycaret[models]`
2026-09-16 15:43:58,720:INFO:Engine for model 'knn' has not been set explicitly, hence returning None.
2026-09-16 15:43:58,720:INFO:Engine for model 'rbfsvm' has not been set explicitly, hence returning None.
2026-09-16 15:43:58,768:WARNING:
'xgboost' is a soft dependency and not included in the pycaret installation. Please run: `pip install xgboost` to install.
Alternately, you can install this by running `pip install pycaret[models]`
2026-09-16 15:43:58,769:WARNING:
'catboost' is a soft dependency and not included in the pycaret installation. Please run: `pip install catboost` to install.
Alternately, you can install this by running `pip install pycaret[models]`
2026-09-16 15:43:58,769:INFO:Engine successfully changes for model 'knn' to 'sklearn'.
2026-09-16 15:43:58,827:INFO:Engine for model 'rbfsvm' has not been set explicitly, hence returning None.
2026-09-16 15:43:58,860:WARNING:
'xgboost' is a soft dependency and not included in the pycaret installation. Please run: `pip install xgboost` to install.
Alternately, you can install this by running `pip install pycaret[models]`
2026-09-16 15:43:58,860:WARNING:
'catboost' is a soft dependency and not included in the pycaret installation. Please run: `pip install catboost` to install.
Alternately, you can install this by running `pip install pycaret[models]`
2026-09-16 15:43:58,919:INFO:Engine for model 'rbfsvm' has not been set explicitly, hence returning None.
2026-09-16 15:43:58,961:WARNING:
'xgboost' is a soft dependency and not included in the pycaret installation. Please run: `pip install xgboost` to install.
Alternately, you can install this by running `pip install pycaret[models]`
2026-09-16 15:43:58,961:WARNING:
'catboost' is a soft dependency and not included in the pycaret installation. Please run: `pip install catboost` to install.
Alternately, you can install this by running `pip install pycaret[models]`
2026-09-16 15:43:58,962:INFO:Engine successfully changes for model 'rbfsvm' to 'sklearn'.
2026-09-16 15:43:59,066:WARNING:
'xgboost' is a soft dependency and not included in the pycaret installation. Please run: `pip install xgboost` to install.
Alternately, you can install this by running `pip install pycaret[models]`
2026-09-16 15:43:59,066:WARNING:
'catboost' is a soft dependency and not included in the pycaret installation. Please run: `pip install catboost` to install.
Alternately, you can install this by running `pip install pycaret[models]`
2026-09-16 15:43:59,174:WARNING:
'xgboost' is a soft dependency and not included in the pycaret installation. Please run: `pip install xgboost` to install.
Alternately, you can install this by running `pip install pycaret[models]`
2026-09-16 15:43:59,174:WARNING:
'catboost' is a soft dependency and not included in the pycaret installation. Please run: `pip install catboost` to install.
Alternately, you can install this by running `pip install pycaret[models]`
2026-09-16 15:43:59,177:INFO:Preparing preprocessing pipeline...
2026-09-16 15:43:59,180:INFO:Set up simple imputation.
2026-09-16 15:43:59,182:INFO:Set up column name cleaning.
2026-09-16 15:43:59,240:INFO:Finished creating preprocessing pipeline.
2026-09-16 15:43:59,247:INFO:Pipeline: Pipeline(memory=FastMemory(location=C:\Users\ASUS\AppData\Local\Temp\joblib),
         steps=[('numerical_imputer',
                 TransformerWrapper(exclude=None,
                                    include=['sepal length (cm)',
                                             'sepal width (cm)',
                                             'petal length (cm)',
                                             'petal width (cm)'],
                                    transformer=SimpleImputer(add_indicator=False,
                                                              copy=True,
                                                              fill_value=None,
                                                              keep_empty_features=False,
                                                              missing_values=nan,
                                                              strategy='mean'))),
                ('categorical_imputer',
                 TransformerWrapper(exclude=None, include=[],
                                    transformer=SimpleImputer(add_indicator=False,
                                                              copy=True,
                                                              fill_value=None,
                                                              keep_empty_features=False,
                                                              missing_values=nan,
                                                              strategy='most_frequent'))),
                ('clean_column_names',
                 TransformerWrapper(exclude=None, include=None,
                                    transformer=CleanColumnNames(match='[\\]\\[\\,\\{\\}\\"\\:]+')))],
         verbose=False)
2026-09-16 15:43:59,247:INFO:Creating final display dataframe.
2026-09-16 15:43:59,450:INFO:Setup _display_container:                     Description             Value
0                    Session id              5956
1                        Target            Target
2                   Target type        Multiclass
3           Original data shape          (150, 5)
4        Transformed data shape          (150, 5)
5   Transformed train set shape          (105, 5)
6    Transformed test set shape           (45, 5)
7              Numeric features                 4
8                    Preprocess              True
9               Imputation type            simple
10           Numeric imputation              mean
11       Categorical imputation              mode
12               Fold Generator   StratifiedKFold
13                  Fold Number                10
14                     CPU Jobs                -1
15                      Use GPU             False
16               Log Experiment             False
17              Experiment Name  clf-default-name
18                          USI              76c1
2026-09-16 15:43:59,611:WARNING:
'xgboost' is a soft dependency and not included in the pycaret installation. Please run: `pip install xgboost` to install.
Alternately, you can install this by running `pip install pycaret[models]`
2026-09-16 15:43:59,612:WARNING:
'catboost' is a soft dependency and not included in the pycaret installation. Please run: `pip install catboost` to install.
Alternately, you can install this by running `pip install pycaret[models]`
2026-09-16 15:43:59,719:WARNING:
'xgboost' is a soft dependency and not included in the pycaret installation. Please run: `pip install xgboost` to install.
Alternately, you can install this by running `pip install pycaret[models]`
2026-09-16 15:43:59,720:WARNING:
'catboost' is a soft dependency and not included in the pycaret installation. Please run: `pip install catboost` to install.
Alternately, you can install this by running `pip install pycaret[models]`
2026-09-16 15:43:59,721:INFO:setup() successfully completed in 1.33s...............
2026-09-16 15:43:59,721:INFO:Initializing compare_models()
2026-09-16 15:43:59,721:INFO:compare_models(self=<pycaret.classification.oop.ClassificationExperiment object at 0x000001CFBD82DE90>, include=None, exclude=None, fold=None, round=4, cross_validation=True, sort=Accuracy, n_select=1, budget_time=None, turbo=True, errors=ignore, fit_kwargs=None, groups=None, experiment_custom_tags=None, probability_threshold=None, verbose=True, parallel=None, caller_params={'self': <pycaret.classification.oop.ClassificationExperiment object at 0x000001CFBD82DE90>, 'include': None, 'exclude': None, 'fold': None, 'round': 4, 'cross_validation': True, 'sort': 'Accuracy', 'n_select': 1, 'budget_time': None, 'turbo': True, 'errors': 'ignore', 'fit_kwargs': None, 'groups': None, 'experiment_custom_tags': None, 'probability_threshold': None, 'engine': None, 'verbose': True, 'parallel': None, '__class__': <class 'pycaret.classification.oop.ClassificationExperiment'>})
2026-09-16 15:43:59,721:INFO:Checking exceptions
2026-09-16 15:43:59,752:INFO:Preparing display monitor
2026-09-16 15:43:59,764:INFO:Initializing Logistic Regression
2026-09-16 15:43:59,764:INFO:Total runtime is 0.0 minutes
2026-09-16 15:43:59,764:INFO:SubProcess create_model() called ==================================
2026-09-16 15:43:59,765:INFO:Initializing create_model()
2026-09-16 15:43:59,765:INFO:create_model(self=<pycaret.classification.oop.ClassificationExperiment object at 0x000001CFBD82DE90>, estimator=lr, fold=StratifiedKFold(n_splits=10, random_state=None, shuffle=False), round=4, cross_validation=True, predict=True, fit_kwargs={}, groups=None, refit=False, probability_threshold=None, experiment_custom_tags=None, verbose=False, system=False, add_to_model_list=True, metrics=None, display=<pycaret.internal.display.display.CommonDisplay object at 0x000001CFDD46F010>, model_only=True, return_train_score=False, error_score=0.0, kwargs={})
2026-09-16 15:43:59,765:INFO:Checking exceptions
2026-09-16 15:43:59,765:INFO:Importing libraries
2026-09-16 15:43:59,765:INFO:Copying training dataset
2026-09-16 15:43:59,772:INFO:Defining folds
2026-09-16 15:43:59,772:INFO:Declaring metric variables
2026-09-16 15:43:59,772:INFO:Importing untrained model
2026-09-16 15:43:59,773:INFO:Logistic Regression Imported successfully
2026-09-16 15:43:59,773:INFO:Starting cross validation
2026-09-16 15:43:59,774:INFO:Cross validating with StratifiedKFold(n_splits=10, random_state=None, shuffle=False), n_jobs=-1
2026-09-16 15:44:08,003:WARNING:C:\Users\ASUS\Documents\Kuliah\Semester 5\Workshop AI\Bab_3\pycaret_env\Lib\site-packages\pycaret\internal\metrics.py:204: FitFailedWarning: Metric 'make_scorer(roc_auc_score, response_method=('decision_function', 'predict_proba'), average=weighted, multi_class=ovr)' failed and error score 0.0 has been returned instead. If this is a custom metric, this usually means that the error is in the metric code. Full exception below:
Traceback (most recent call last):
  File "C:\Users\ASUS\Documents\Kuliah\Semester 5\Workshop AI\Bab_3\pycaret_env\Lib\site-packages\pycaret\internal\metrics.py", line 196, in _score
    return super()._score(
           ^^^^^^^^^^^^^^^
  File "C:\Users\ASUS\Documents\Kuliah\Semester 5\Workshop AI\Bab_3\pycaret_env\Lib\site-packages\sklearn\metrics\_scorer.py", line 350, in _score
    return self._sign * self._score_func(y_true, y_pred, **scoring_kwargs)
                        ^^^^^^^^^^^^^^^^^^^^^^^^^^^^^^^^^^^^^^^^^^^^^^^^^^
  File "C:\Users\ASUS\Documents\Kuliah\Semester 5\Workshop AI\Bab_3\pycaret_env\Lib\site-packages\pycaret\internal\metrics.py", line 144, in __call__
    return self.score_func(y_true, y_pred, **kwargs)
           ^^^^^^^^^^^^^^^^^^^^^^^^^^^^^^^^^^^^^^^^^
  File "C:\Users\ASUS\Documents\Kuliah\Semester 5\Workshop AI\Bab_3\pycaret_env\Lib\site-packages\sklearn\utils\_param_validation.py", line 213, in wrapper
    return func(*args, **kwargs)
           ^^^^^^^^^^^^^^^^^^^^^
  File "C:\Users\ASUS\Documents\Kuliah\Semester 5\Workshop AI\Bab_3\pycaret_env\Lib\site-packages\sklearn\metrics\_ranking.py", line 634, in roc_auc_score
    return _multiclass_roc_auc_score(
           ^^^^^^^^^^^^^^^^^^^^^^^^^^
  File "C:\Users\ASUS\Documents\Kuliah\Semester 5\Workshop AI\Bab_3\pycaret_env\Lib\site-packages\sklearn\metrics\_ranking.py", line 707, in _multiclass_roc_auc_score
    raise ValueError(
ValueError: Target scores need to be probabilities for multiclass roc_auc, i.e. they should sum up to 1.0 over classes

  warnings.warn(

2026-09-16 15:44:08,003:WARNING:C:\Users\ASUS\Documents\Kuliah\Semester 5\Workshop AI\Bab_3\pycaret_env\Lib\site-packages\pycaret\internal\metrics.py:204: FitFailedWarning: Metric 'make_scorer(roc_auc_score, response_method=('decision_function', 'predict_proba'), average=weighted, multi_class=ovr)' failed and error score 0.0 has been returned instead. If this is a custom metric, this usually means that the error is in the metric code. Full exception below:
Traceback (most recent call last):
  File "C:\Users\ASUS\Documents\Kuliah\Semester 5\Workshop AI\Bab_3\pycaret_env\Lib\site-packages\pycaret\internal\metrics.py", line 196, in _score
    return super()._score(
           ^^^^^^^^^^^^^^^
  File "C:\Users\ASUS\Documents\Kuliah\Semester 5\Workshop AI\Bab_3\pycaret_env\Lib\site-packages\sklearn\metrics\_scorer.py", line 350, in _score
    return self._sign * self._score_func(y_true, y_pred, **scoring_kwargs)
                        ^^^^^^^^^^^^^^^^^^^^^^^^^^^^^^^^^^^^^^^^^^^^^^^^^^
  File "C:\Users\ASUS\Documents\Kuliah\Semester 5\Workshop AI\Bab_3\pycaret_env\Lib\site-packages\pycaret\internal\metrics.py", line 144, in __call__
    return self.score_func(y_true, y_pred, **kwargs)
           ^^^^^^^^^^^^^^^^^^^^^^^^^^^^^^^^^^^^^^^^^
  File "C:\Users\ASUS\Documents\Kuliah\Semester 5\Workshop AI\Bab_3\pycaret_env\Lib\site-packages\sklearn\utils\_param_validation.py", line 213, in wrapper
    return func(*args, **kwargs)
           ^^^^^^^^^^^^^^^^^^^^^
  File "C:\Users\ASUS\Documents\Kuliah\Semester 5\Workshop AI\Bab_3\pycaret_env\Lib\site-packages\sklearn\metrics\_ranking.py", line 634, in roc_auc_score
    return _multiclass_roc_auc_score(
           ^^^^^^^^^^^^^^^^^^^^^^^^^^
  File "C:\Users\ASUS\Documents\Kuliah\Semester 5\Workshop AI\Bab_3\pycaret_env\Lib\site-packages\sklearn\metrics\_ranking.py", line 707, in _multiclass_roc_auc_score
    raise ValueError(
ValueError: Target scores need to be probabilities for multiclass roc_auc, i.e. they should sum up to 1.0 over classes

  warnings.warn(

2026-09-16 15:44:08,004:WARNING:C:\Users\ASUS\Documents\Kuliah\Semester 5\Workshop AI\Bab_3\pycaret_env\Lib\site-packages\pycaret\internal\metrics.py:204: FitFailedWarning: Metric 'make_scorer(roc_auc_score, response_method=('decision_function', 'predict_proba'), average=weighted, multi_class=ovr)' failed and error score 0.0 has been returned instead. If this is a custom metric, this usually means that the error is in the metric code. Full exception below:
Traceback (most recent call last):
  File "C:\Users\ASUS\Documents\Kuliah\Semester 5\Workshop AI\Bab_3\pycaret_env\Lib\site-packages\pycaret\internal\metrics.py", line 196, in _score
    return super()._score(
           ^^^^^^^^^^^^^^^
  File "C:\Users\ASUS\Documents\Kuliah\Semester 5\Workshop AI\Bab_3\pycaret_env\Lib\site-packages\sklearn\metrics\_scorer.py", line 350, in _score
    return self._sign * self._score_func(y_true, y_pred, **scoring_kwargs)
                        ^^^^^^^^^^^^^^^^^^^^^^^^^^^^^^^^^^^^^^^^^^^^^^^^^^
  File "C:\Users\ASUS\Documents\Kuliah\Semester 5\Workshop AI\Bab_3\pycaret_env\Lib\site-packages\pycaret\internal\metrics.py", line 144, in __call__
    return self.score_func(y_true, y_pred, **kwargs)
           ^^^^^^^^^^^^^^^^^^^^^^^^^^^^^^^^^^^^^^^^^
  File "C:\Users\ASUS\Documents\Kuliah\Semester 5\Workshop AI\Bab_3\pycaret_env\Lib\site-packages\sklearn\utils\_param_validation.py", line 213, in wrapper
    return func(*args, **kwargs)
           ^^^^^^^^^^^^^^^^^^^^^
  File "C:\Users\ASUS\Documents\Kuliah\Semester 5\Workshop AI\Bab_3\pycaret_env\Lib\site-packages\sklearn\metrics\_ranking.py", line 634, in roc_auc_score
    return _multiclass_roc_auc_score(
           ^^^^^^^^^^^^^^^^^^^^^^^^^^
  File "C:\Users\ASUS\Documents\Kuliah\Semester 5\Workshop AI\Bab_3\pycaret_env\Lib\site-packages\sklearn\metrics\_ranking.py", line 707, in _multiclass_roc_auc_score
    raise ValueError(
ValueError: Target scores need to be probabilities for multiclass roc_auc, i.e. they should sum up to 1.0 over classes

  warnings.warn(

2026-09-16 15:44:08,082:INFO:Calculating mean and std
2026-09-16 15:44:08,111:INFO:Creating metrics dataframe
2026-09-16 15:44:08,127:INFO:Uploading results into container
2026-09-16 15:44:08,128:INFO:Uploading model into container now
2026-09-16 15:44:08,130:INFO:_master_model_container: 1
2026-09-16 15:44:08,130:INFO:_display_container: 2
2026-09-16 15:44:08,132:INFO:LogisticRegression(C=1.0, class_weight=None, dual=False, fit_intercept=True,
                   intercept_scaling=1, l1_ratio=None, max_iter=1000,
                   multi_class='auto', n_jobs=None, penalty='l2',
                   random_state=5956, solver='lbfgs', tol=0.0001, verbose=0,
                   warm_start=False)
2026-09-16 15:44:08,132:INFO:create_model() successfully completed......................................
2026-09-16 15:44:08,292:INFO:SubProcess create_model() end ==================================
2026-09-16 15:44:08,293:INFO:Creating metrics dataframe
2026-09-16 15:44:08,329:INFO:Initializing K Neighbors Classifier
2026-09-16 15:44:08,329:INFO:Total runtime is 0.14274393320083617 minutes
2026-09-16 15:44:08,329:INFO:SubProcess create_model() called ==================================
2026-09-16 15:44:08,329:INFO:Initializing create_model()
2026-09-16 15:44:08,329:INFO:create_model(self=<pycaret.classification.oop.ClassificationExperiment object at 0x000001CFBD82DE90>, estimator=knn, fold=StratifiedKFold(n_splits=10, random_state=None, shuffle=False), round=4, cross_validation=True, predict=True, fit_kwargs={}, groups=None, refit=False, probability_threshold=None, experiment_custom_tags=None, verbose=False, system=False, add_to_model_list=True, metrics=None, display=<pycaret.internal.display.display.CommonDisplay object at 0x000001CFDD46F010>, model_only=True, return_train_score=False, error_score=0.0, kwargs={})
2026-09-16 15:44:08,329:INFO:Checking exceptions
2026-09-16 15:44:08,330:INFO:Importing libraries
2026-09-16 15:44:08,330:INFO:Copying training dataset
2026-09-16 15:44:08,333:INFO:Defining folds
2026-09-16 15:44:08,333:INFO:Declaring metric variables
2026-09-16 15:44:08,334:INFO:Importing untrained model
2026-09-16 15:44:08,334:INFO:K Neighbors Classifier Imported successfully
2026-09-16 15:44:08,334:INFO:Starting cross validation
2026-09-16 15:44:08,335:INFO:Cross validating with StratifiedKFold(n_splits=10, random_state=None, shuffle=False), n_jobs=-1
2026-09-16 15:44:18,707:INFO:Calculating mean and std
2026-09-16 15:44:18,709:INFO:Creating metrics dataframe
2026-09-16 15:44:18,711:INFO:Uploading results into container
2026-09-16 15:44:18,713:INFO:Uploading model into container now
2026-09-16 15:44:18,714:INFO:_master_model_container: 2
2026-09-16 15:44:18,714:INFO:_display_container: 2
2026-09-16 15:44:18,714:INFO:KNeighborsClassifier(algorithm='auto', leaf_size=30, metric='minkowski',
                     metric_params=None, n_jobs=-1, n_neighbors=5, p=2,
                     weights='uniform')
2026-09-16 15:44:18,714:INFO:create_model() successfully completed......................................
2026-09-16 15:44:18,880:INFO:SubProcess create_model() end ==================================
2026-09-16 15:44:18,880:INFO:Creating metrics dataframe
2026-09-16 15:44:18,884:INFO:Initializing Naive Bayes
2026-09-16 15:44:18,885:INFO:Total runtime is 0.3186843156814575 minutes
2026-09-16 15:44:18,885:INFO:SubProcess create_model() called ==================================
2026-09-16 15:44:18,885:INFO:Initializing create_model()
2026-09-16 15:44:18,885:INFO:create_model(self=<pycaret.classification.oop.ClassificationExperiment object at 0x000001CFBD82DE90>, estimator=nb, fold=StratifiedKFold(n_splits=10, random_state=None, shuffle=False), round=4, cross_validation=True, predict=True, fit_kwargs={}, groups=None, refit=False, probability_threshold=None, experiment_custom_tags=None, verbose=False, system=False, add_to_model_list=True, metrics=None, display=<pycaret.internal.display.display.CommonDisplay object at 0x000001CFDD46F010>, model_only=True, return_train_score=False, error_score=0.0, kwargs={})
2026-09-16 15:44:18,885:INFO:Checking exceptions
2026-09-16 15:44:18,885:INFO:Importing libraries
2026-09-16 15:44:18,885:INFO:Copying training dataset
2026-09-16 15:44:18,890:INFO:Defining folds
2026-09-16 15:44:18,890:INFO:Declaring metric variables
2026-09-16 15:44:18,890:INFO:Importing untrained model
2026-09-16 15:44:18,891:INFO:Naive Bayes Imported successfully
2026-09-16 15:44:18,891:INFO:Starting cross validation
2026-09-16 15:44:18,892:INFO:Cross validating with StratifiedKFold(n_splits=10, random_state=None, shuffle=False), n_jobs=-1
2026-09-16 15:44:18,980:INFO:Calculating mean and std
2026-09-16 15:44:18,981:INFO:Creating metrics dataframe
2026-09-16 15:44:18,983:INFO:Uploading results into container
2026-09-16 15:44:18,983:INFO:Uploading model into container now
2026-09-16 15:44:18,984:INFO:_master_model_container: 3
2026-09-16 15:44:18,984:INFO:_display_container: 2
2026-09-16 15:44:18,984:INFO:GaussianNB(priors=None, var_smoothing=1e-09)
2026-09-16 15:44:18,984:INFO:create_model() successfully completed......................................
2026-09-16 15:44:19,089:INFO:SubProcess create_model() end ==================================
2026-09-16 15:44:19,089:INFO:Creating metrics dataframe
2026-09-16 15:44:19,093:INFO:Initializing Decision Tree Classifier
2026-09-16 15:44:19,093:INFO:Total runtime is 0.32214626471201574 minutes
2026-09-16 15:44:19,093:INFO:SubProcess create_model() called ==================================
2026-09-16 15:44:19,094:INFO:Initializing create_model()
2026-09-16 15:44:19,094:INFO:create_model(self=<pycaret.classification.oop.ClassificationExperiment object at 0x000001CFBD82DE90>, estimator=dt, fold=StratifiedKFold(n_splits=10, random_state=None, shuffle=False), round=4, cross_validation=True, predict=True, fit_kwargs={}, groups=None, refit=False, probability_threshold=None, experiment_custom_tags=None, verbose=False, system=False, add_to_model_list=True, metrics=None, display=<pycaret.internal.display.display.CommonDisplay object at 0x000001CFDD46F010>, model_only=True, return_train_score=False, error_score=0.0, kwargs={})
2026-09-16 15:44:19,094:INFO:Checking exceptions
2026-09-16 15:44:19,094:INFO:Importing libraries
2026-09-16 15:44:19,094:INFO:Copying training dataset
2026-09-16 15:44:19,098:INFO:Defining folds
2026-09-16 15:44:19,098:INFO:Declaring metric variables
2026-09-16 15:44:19,098:INFO:Importing untrained model
2026-09-16 15:44:19,098:INFO:Decision Tree Classifier Imported successfully
2026-09-16 15:44:19,100:INFO:Starting cross validation
2026-09-16 15:44:19,100:INFO:Cross validating with StratifiedKFold(n_splits=10, random_state=None, shuffle=False), n_jobs=-1
2026-09-16 15:44:19,194:INFO:Calculating mean and std
2026-09-16 15:44:19,195:INFO:Creating metrics dataframe
2026-09-16 15:44:19,197:INFO:Uploading results into container
2026-09-16 15:44:19,198:INFO:Uploading model into container now
2026-09-16 15:44:19,198:INFO:_master_model_container: 4
2026-09-16 15:44:19,198:INFO:_display_container: 2
2026-09-16 15:44:19,200:INFO:DecisionTreeClassifier(ccp_alpha=0.0, class_weight=None, criterion='gini',
                       max_depth=None, max_features=None, max_leaf_nodes=None,
                       min_impurity_decrease=0.0, min_samples_leaf=1,
                       min_samples_split=2, min_weight_fraction_leaf=0.0,
                       monotonic_cst=None, random_state=5956, splitter='best')
2026-09-16 15:44:19,200:INFO:create_model() successfully completed......................................
2026-09-16 15:44:19,306:INFO:SubProcess create_model() end ==================================
2026-09-16 15:44:19,306:INFO:Creating metrics dataframe
2026-09-16 15:44:19,310:INFO:Initializing SVM - Linear Kernel
2026-09-16 15:44:19,310:INFO:Total runtime is 0.32576121489206944 minutes
2026-09-16 15:44:19,311:INFO:SubProcess create_model() called ==================================
2026-09-16 15:44:19,311:INFO:Initializing create_model()
2026-09-16 15:44:19,311:INFO:create_model(self=<pycaret.classification.oop.ClassificationExperiment object at 0x000001CFBD82DE90>, estimator=svm, fold=StratifiedKFold(n_splits=10, random_state=None, shuffle=False), round=4, cross_validation=True, predict=True, fit_kwargs={}, groups=None, refit=False, probability_threshold=None, experiment_custom_tags=None, verbose=False, system=False, add_to_model_list=True, metrics=None, display=<pycaret.internal.display.display.CommonDisplay object at 0x000001CFDD46F010>, model_only=True, return_train_score=False, error_score=0.0, kwargs={})
2026-09-16 15:44:19,311:INFO:Checking exceptions
2026-09-16 15:44:19,311:INFO:Importing libraries
2026-09-16 15:44:19,312:INFO:Copying training dataset
2026-09-16 15:44:19,316:INFO:Defining folds
2026-09-16 15:44:19,316:INFO:Declaring metric variables
2026-09-16 15:44:19,316:INFO:Importing untrained model
2026-09-16 15:44:19,316:INFO:SVM - Linear Kernel Imported successfully
2026-09-16 15:44:19,317:INFO:Starting cross validation
2026-09-16 15:44:19,319:INFO:Cross validating with StratifiedKFold(n_splits=10, random_state=None, shuffle=False), n_jobs=-1
2026-09-16 15:44:19,403:WARNING:C:\Users\ASUS\Documents\Kuliah\Semester 5\Workshop AI\Bab_3\pycaret_env\Lib\site-packages\pycaret\internal\metrics.py:204: FitFailedWarning: Metric 'make_scorer(roc_auc_score, response_method=('decision_function', 'predict_proba'), average=weighted, multi_class=ovr)' failed and error score 0.0 has been returned instead. If this is a custom metric, this usually means that the error is in the metric code. Full exception below:
Traceback (most recent call last):
  File "C:\Users\ASUS\Documents\Kuliah\Semester 5\Workshop AI\Bab_3\pycaret_env\Lib\site-packages\pycaret\internal\metrics.py", line 196, in _score
    return super()._score(
           ^^^^^^^^^^^^^^^
  File "C:\Users\ASUS\Documents\Kuliah\Semester 5\Workshop AI\Bab_3\pycaret_env\Lib\site-packages\sklearn\metrics\_scorer.py", line 350, in _score
    return self._sign * self._score_func(y_true, y_pred, **scoring_kwargs)
                        ^^^^^^^^^^^^^^^^^^^^^^^^^^^^^^^^^^^^^^^^^^^^^^^^^^
  File "C:\Users\ASUS\Documents\Kuliah\Semester 5\Workshop AI\Bab_3\pycaret_env\Lib\site-packages\pycaret\internal\metrics.py", line 144, in __call__
    return self.score_func(y_true, y_pred, **kwargs)
           ^^^^^^^^^^^^^^^^^^^^^^^^^^^^^^^^^^^^^^^^^
  File "C:\Users\ASUS\Documents\Kuliah\Semester 5\Workshop AI\Bab_3\pycaret_env\Lib\site-packages\sklearn\utils\_param_validation.py", line 213, in wrapper
    return func(*args, **kwargs)
           ^^^^^^^^^^^^^^^^^^^^^
  File "C:\Users\ASUS\Documents\Kuliah\Semester 5\Workshop AI\Bab_3\pycaret_env\Lib\site-packages\sklearn\metrics\_ranking.py", line 634, in roc_auc_score
    return _multiclass_roc_auc_score(
           ^^^^^^^^^^^^^^^^^^^^^^^^^^
  File "C:\Users\ASUS\Documents\Kuliah\Semester 5\Workshop AI\Bab_3\pycaret_env\Lib\site-packages\sklearn\metrics\_ranking.py", line 707, in _multiclass_roc_auc_score
    raise ValueError(
ValueError: Target scores need to be probabilities for multiclass roc_auc, i.e. they should sum up to 1.0 over classes

  warnings.warn(

2026-09-16 15:44:19,403:WARNING:C:\Users\ASUS\Documents\Kuliah\Semester 5\Workshop AI\Bab_3\pycaret_env\Lib\site-packages\pycaret\internal\metrics.py:204: FitFailedWarning: Metric 'make_scorer(roc_auc_score, response_method=('decision_function', 'predict_proba'), average=weighted, multi_class=ovr)' failed and error score 0.0 has been returned instead. If this is a custom metric, this usually means that the error is in the metric code. Full exception below:
Traceback (most recent call last):
  File "C:\Users\ASUS\Documents\Kuliah\Semester 5\Workshop AI\Bab_3\pycaret_env\Lib\site-packages\pycaret\internal\metrics.py", line 196, in _score
    return super()._score(
           ^^^^^^^^^^^^^^^
  File "C:\Users\ASUS\Documents\Kuliah\Semester 5\Workshop AI\Bab_3\pycaret_env\Lib\site-packages\sklearn\metrics\_scorer.py", line 350, in _score
    return self._sign * self._score_func(y_true, y_pred, **scoring_kwargs)
                        ^^^^^^^^^^^^^^^^^^^^^^^^^^^^^^^^^^^^^^^^^^^^^^^^^^
  File "C:\Users\ASUS\Documents\Kuliah\Semester 5\Workshop AI\Bab_3\pycaret_env\Lib\site-packages\pycaret\internal\metrics.py", line 144, in __call__
    return self.score_func(y_true, y_pred, **kwargs)
           ^^^^^^^^^^^^^^^^^^^^^^^^^^^^^^^^^^^^^^^^^
  File "C:\Users\ASUS\Documents\Kuliah\Semester 5\Workshop AI\Bab_3\pycaret_env\Lib\site-packages\sklearn\utils\_param_validation.py", line 213, in wrapper
    return func(*args, **kwargs)
           ^^^^^^^^^^^^^^^^^^^^^
  File "C:\Users\ASUS\Documents\Kuliah\Semester 5\Workshop AI\Bab_3\pycaret_env\Lib\site-packages\sklearn\metrics\_ranking.py", line 634, in roc_auc_score
    return _multiclass_roc_auc_score(
           ^^^^^^^^^^^^^^^^^^^^^^^^^^
  File "C:\Users\ASUS\Documents\Kuliah\Semester 5\Workshop AI\Bab_3\pycaret_env\Lib\site-packages\sklearn\metrics\_ranking.py", line 707, in _multiclass_roc_auc_score
    raise ValueError(
ValueError: Target scores need to be probabilities for multiclass roc_auc, i.e. they should sum up to 1.0 over classes

  warnings.warn(

2026-09-16 15:44:19,404:WARNING:C:\Users\ASUS\Documents\Kuliah\Semester 5\Workshop AI\Bab_3\pycaret_env\Lib\site-packages\pycaret\internal\metrics.py:204: FitFailedWarning: Metric 'make_scorer(roc_auc_score, response_method=('decision_function', 'predict_proba'), average=weighted, multi_class=ovr)' failed and error score 0.0 has been returned instead. If this is a custom metric, this usually means that the error is in the metric code. Full exception below:
Traceback (most recent call last):
  File "C:\Users\ASUS\Documents\Kuliah\Semester 5\Workshop AI\Bab_3\pycaret_env\Lib\site-packages\pycaret\internal\metrics.py", line 196, in _score
    return super()._score(
           ^^^^^^^^^^^^^^^
  File "C:\Users\ASUS\Documents\Kuliah\Semester 5\Workshop AI\Bab_3\pycaret_env\Lib\site-packages\sklearn\metrics\_scorer.py", line 350, in _score
    return self._sign * self._score_func(y_true, y_pred, **scoring_kwargs)
                        ^^^^^^^^^^^^^^^^^^^^^^^^^^^^^^^^^^^^^^^^^^^^^^^^^^
  File "C:\Users\ASUS\Documents\Kuliah\Semester 5\Workshop AI\Bab_3\pycaret_env\Lib\site-packages\pycaret\internal\metrics.py", line 144, in __call__
    return self.score_func(y_true, y_pred, **kwargs)
           ^^^^^^^^^^^^^^^^^^^^^^^^^^^^^^^^^^^^^^^^^
  File "C:\Users\ASUS\Documents\Kuliah\Semester 5\Workshop AI\Bab_3\pycaret_env\Lib\site-packages\sklearn\utils\_param_validation.py", line 213, in wrapper
    return func(*args, **kwargs)
           ^^^^^^^^^^^^^^^^^^^^^
  File "C:\Users\ASUS\Documents\Kuliah\Semester 5\Workshop AI\Bab_3\pycaret_env\Lib\site-packages\sklearn\metrics\_ranking.py", line 634, in roc_auc_score
    return _multiclass_roc_auc_score(
           ^^^^^^^^^^^^^^^^^^^^^^^^^^
  File "C:\Users\ASUS\Documents\Kuliah\Semester 5\Workshop AI\Bab_3\pycaret_env\Lib\site-packages\sklearn\metrics\_ranking.py", line 707, in _multiclass_roc_auc_score
    raise ValueError(
ValueError: Target scores need to be probabilities for multiclass roc_auc, i.e. they should sum up to 1.0 over classes

  warnings.warn(

2026-09-16 15:44:19,404:WARNING:C:\Users\ASUS\Documents\Kuliah\Semester 5\Workshop AI\Bab_3\pycaret_env\Lib\site-packages\pycaret\internal\metrics.py:204: FitFailedWarning: Metric 'make_scorer(roc_auc_score, response_method=('decision_function', 'predict_proba'), average=weighted, multi_class=ovr)' failed and error score 0.0 has been returned instead. If this is a custom metric, this usually means that the error is in the metric code. Full exception below:
Traceback (most recent call last):
  File "C:\Users\ASUS\Documents\Kuliah\Semester 5\Workshop AI\Bab_3\pycaret_env\Lib\site-packages\pycaret\internal\metrics.py", line 196, in _score
    return super()._score(
           ^^^^^^^^^^^^^^^
  File "C:\Users\ASUS\Documents\Kuliah\Semester 5\Workshop AI\Bab_3\pycaret_env\Lib\site-packages\sklearn\metrics\_scorer.py", line 350, in _score
    return self._sign * self._score_func(y_true, y_pred, **scoring_kwargs)
                        ^^^^^^^^^^^^^^^^^^^^^^^^^^^^^^^^^^^^^^^^^^^^^^^^^^
  File "C:\Users\ASUS\Documents\Kuliah\Semester 5\Workshop AI\Bab_3\pycaret_env\Lib\site-packages\pycaret\internal\metrics.py", line 144, in __call__
    return self.score_func(y_true, y_pred, **kwargs)
           ^^^^^^^^^^^^^^^^^^^^^^^^^^^^^^^^^^^^^^^^^
  File "C:\Users\ASUS\Documents\Kuliah\Semester 5\Workshop AI\Bab_3\pycaret_env\Lib\site-packages\sklearn\utils\_param_validation.py", line 213, in wrapper
    return func(*args, **kwargs)
           ^^^^^^^^^^^^^^^^^^^^^
  File "C:\Users\ASUS\Documents\Kuliah\Semester 5\Workshop AI\Bab_3\pycaret_env\Lib\site-packages\sklearn\metrics\_ranking.py", line 634, in roc_auc_score
    return _multiclass_roc_auc_score(
           ^^^^^^^^^^^^^^^^^^^^^^^^^^
  File "C:\Users\ASUS\Documents\Kuliah\Semester 5\Workshop AI\Bab_3\pycaret_env\Lib\site-packages\sklearn\metrics\_ranking.py", line 707, in _multiclass_roc_auc_score
    raise ValueError(
ValueError: Target scores need to be probabilities for multiclass roc_auc, i.e. they should sum up to 1.0 over classes

  warnings.warn(

2026-09-16 15:44:19,416:WARNING:C:\Users\ASUS\Documents\Kuliah\Semester 5\Workshop AI\Bab_3\pycaret_env\Lib\site-packages\sklearn\metrics\_classification.py:1509: UndefinedMetricWarning: Precision is ill-defined and being set to 0.0 in labels with no predicted samples. Use `zero_division` parameter to control this behavior.
  _warn_prf(average, modifier, f"{metric.capitalize()} is", len(result))

2026-09-16 15:44:19,417:WARNING:C:\Users\ASUS\Documents\Kuliah\Semester 5\Workshop AI\Bab_3\pycaret_env\Lib\site-packages\pycaret\internal\metrics.py:204: FitFailedWarning: Metric 'make_scorer(roc_auc_score, response_method=('decision_function', 'predict_proba'), average=weighted, multi_class=ovr)' failed and error score 0.0 has been returned instead. If this is a custom metric, this usually means that the error is in the metric code. Full exception below:
Traceback (most recent call last):
  File "C:\Users\ASUS\Documents\Kuliah\Semester 5\Workshop AI\Bab_3\pycaret_env\Lib\site-packages\pycaret\internal\metrics.py", line 196, in _score
    return super()._score(
           ^^^^^^^^^^^^^^^
  File "C:\Users\ASUS\Documents\Kuliah\Semester 5\Workshop AI\Bab_3\pycaret_env\Lib\site-packages\sklearn\metrics\_scorer.py", line 350, in _score
    return self._sign * self._score_func(y_true, y_pred, **scoring_kwargs)
                        ^^^^^^^^^^^^^^^^^^^^^^^^^^^^^^^^^^^^^^^^^^^^^^^^^^
  File "C:\Users\ASUS\Documents\Kuliah\Semester 5\Workshop AI\Bab_3\pycaret_env\Lib\site-packages\pycaret\internal\metrics.py", line 144, in __call__
    return self.score_func(y_true, y_pred, **kwargs)
           ^^^^^^^^^^^^^^^^^^^^^^^^^^^^^^^^^^^^^^^^^
  File "C:\Users\ASUS\Documents\Kuliah\Semester 5\Workshop AI\Bab_3\pycaret_env\Lib\site-packages\sklearn\utils\_param_validation.py", line 213, in wrapper
    return func(*args, **kwargs)
           ^^^^^^^^^^^^^^^^^^^^^
  File "C:\Users\ASUS\Documents\Kuliah\Semester 5\Workshop AI\Bab_3\pycaret_env\Lib\site-packages\sklearn\metrics\_ranking.py", line 634, in roc_auc_score
    return _multiclass_roc_auc_score(
           ^^^^^^^^^^^^^^^^^^^^^^^^^^
  File "C:\Users\ASUS\Documents\Kuliah\Semester 5\Workshop AI\Bab_3\pycaret_env\Lib\site-packages\sklearn\metrics\_ranking.py", line 707, in _multiclass_roc_auc_score
    raise ValueError(
ValueError: Target scores need to be probabilities for multiclass roc_auc, i.e. they should sum up to 1.0 over classes

  warnings.warn(

2026-09-16 15:44:19,418:WARNING:C:\Users\ASUS\Documents\Kuliah\Semester 5\Workshop AI\Bab_3\pycaret_env\Lib\site-packages\sklearn\metrics\_classification.py:1509: UndefinedMetricWarning: Precision is ill-defined and being set to 0.0 in labels with no predicted samples. Use `zero_division` parameter to control this behavior.
  _warn_prf(average, modifier, f"{metric.capitalize()} is", len(result))

2026-09-16 15:44:19,418:WARNING:C:\Users\ASUS\Documents\Kuliah\Semester 5\Workshop AI\Bab_3\pycaret_env\Lib\site-packages\pycaret\internal\metrics.py:204: FitFailedWarning: Metric 'make_scorer(roc_auc_score, response_method=('decision_function', 'predict_proba'), average=weighted, multi_class=ovr)' failed and error score 0.0 has been returned instead. If this is a custom metric, this usually means that the error is in the metric code. Full exception below:
Traceback (most recent call last):
  File "C:\Users\ASUS\Documents\Kuliah\Semester 5\Workshop AI\Bab_3\pycaret_env\Lib\site-packages\pycaret\internal\metrics.py", line 196, in _score
    return super()._score(
           ^^^^^^^^^^^^^^^
  File "C:\Users\ASUS\Documents\Kuliah\Semester 5\Workshop AI\Bab_3\pycaret_env\Lib\site-packages\sklearn\metrics\_scorer.py", line 350, in _score
    return self._sign * self._score_func(y_true, y_pred, **scoring_kwargs)
                        ^^^^^^^^^^^^^^^^^^^^^^^^^^^^^^^^^^^^^^^^^^^^^^^^^^
  File "C:\Users\ASUS\Documents\Kuliah\Semester 5\Workshop AI\Bab_3\pycaret_env\Lib\site-packages\pycaret\internal\metrics.py", line 144, in __call__
    return self.score_func(y_true, y_pred, **kwargs)
           ^^^^^^^^^^^^^^^^^^^^^^^^^^^^^^^^^^^^^^^^^
  File "C:\Users\ASUS\Documents\Kuliah\Semester 5\Workshop AI\Bab_3\pycaret_env\Lib\site-packages\sklearn\utils\_param_validation.py", line 213, in wrapper
    return func(*args, **kwargs)
           ^^^^^^^^^^^^^^^^^^^^^
  File "C:\Users\ASUS\Documents\Kuliah\Semester 5\Workshop AI\Bab_3\pycaret_env\Lib\site-packages\sklearn\metrics\_ranking.py", line 634, in roc_auc_score
    return _multiclass_roc_auc_score(
           ^^^^^^^^^^^^^^^^^^^^^^^^^^
  File "C:\Users\ASUS\Documents\Kuliah\Semester 5\Workshop AI\Bab_3\pycaret_env\Lib\site-packages\sklearn\metrics\_ranking.py", line 707, in _multiclass_roc_auc_score
    raise ValueError(
ValueError: Target scores need to be probabilities for multiclass roc_auc, i.e. they should sum up to 1.0 over classes

  warnings.warn(

2026-09-16 15:44:19,422:WARNING:C:\Users\ASUS\Documents\Kuliah\Semester 5\Workshop AI\Bab_3\pycaret_env\Lib\site-packages\pycaret\internal\metrics.py:204: FitFailedWarning: Metric 'make_scorer(roc_auc_score, response_method=('decision_function', 'predict_proba'), average=weighted, multi_class=ovr)' failed and error score 0.0 has been returned instead. If this is a custom metric, this usually means that the error is in the metric code. Full exception below:
Traceback (most recent call last):
  File "C:\Users\ASUS\Documents\Kuliah\Semester 5\Workshop AI\Bab_3\pycaret_env\Lib\site-packages\pycaret\internal\metrics.py", line 196, in _score
    return super()._score(
           ^^^^^^^^^^^^^^^
  File "C:\Users\ASUS\Documents\Kuliah\Semester 5\Workshop AI\Bab_3\pycaret_env\Lib\site-packages\sklearn\metrics\_scorer.py", line 350, in _score
    return self._sign * self._score_func(y_true, y_pred, **scoring_kwargs)
                        ^^^^^^^^^^^^^^^^^^^^^^^^^^^^^^^^^^^^^^^^^^^^^^^^^^
  File "C:\Users\ASUS\Documents\Kuliah\Semester 5\Workshop AI\Bab_3\pycaret_env\Lib\site-packages\pycaret\internal\metrics.py", line 144, in __call__
    return self.score_func(y_true, y_pred, **kwargs)
           ^^^^^^^^^^^^^^^^^^^^^^^^^^^^^^^^^^^^^^^^^
  File "C:\Users\ASUS\Documents\Kuliah\Semester 5\Workshop AI\Bab_3\pycaret_env\Lib\site-packages\sklearn\utils\_param_validation.py", line 213, in wrapper
    return func(*args, **kwargs)
           ^^^^^^^^^^^^^^^^^^^^^
  File "C:\Users\ASUS\Documents\Kuliah\Semester 5\Workshop AI\Bab_3\pycaret_env\Lib\site-packages\sklearn\metrics\_ranking.py", line 634, in roc_auc_score
    return _multiclass_roc_auc_score(
           ^^^^^^^^^^^^^^^^^^^^^^^^^^
  File "C:\Users\ASUS\Documents\Kuliah\Semester 5\Workshop AI\Bab_3\pycaret_env\Lib\site-packages\sklearn\metrics\_ranking.py", line 707, in _multiclass_roc_auc_score
    raise ValueError(
ValueError: Target scores need to be probabilities for multiclass roc_auc, i.e. they should sum up to 1.0 over classes

  warnings.warn(

2026-09-16 15:44:19,426:WARNING:C:\Users\ASUS\Documents\Kuliah\Semester 5\Workshop AI\Bab_3\pycaret_env\Lib\site-packages\sklearn\metrics\_classification.py:1509: UndefinedMetricWarning: Precision is ill-defined and being set to 0.0 in labels with no predicted samples. Use `zero_division` parameter to control this behavior.
  _warn_prf(average, modifier, f"{metric.capitalize()} is", len(result))

2026-09-16 15:44:19,430:WARNING:C:\Users\ASUS\Documents\Kuliah\Semester 5\Workshop AI\Bab_3\pycaret_env\Lib\site-packages\pycaret\internal\metrics.py:204: FitFailedWarning: Metric 'make_scorer(roc_auc_score, response_method=('decision_function', 'predict_proba'), average=weighted, multi_class=ovr)' failed and error score 0.0 has been returned instead. If this is a custom metric, this usually means that the error is in the metric code. Full exception below:
Traceback (most recent call last):
  File "C:\Users\ASUS\Documents\Kuliah\Semester 5\Workshop AI\Bab_3\pycaret_env\Lib\site-packages\pycaret\internal\metrics.py", line 196, in _score
    return super()._score(
           ^^^^^^^^^^^^^^^
  File "C:\Users\ASUS\Documents\Kuliah\Semester 5\Workshop AI\Bab_3\pycaret_env\Lib\site-packages\sklearn\metrics\_scorer.py", line 350, in _score
    return self._sign * self._score_func(y_true, y_pred, **scoring_kwargs)
                        ^^^^^^^^^^^^^^^^^^^^^^^^^^^^^^^^^^^^^^^^^^^^^^^^^^
  File "C:\Users\ASUS\Documents\Kuliah\Semester 5\Workshop AI\Bab_3\pycaret_env\Lib\site-packages\pycaret\internal\metrics.py", line 144, in __call__
    return self.score_func(y_true, y_pred, **kwargs)
           ^^^^^^^^^^^^^^^^^^^^^^^^^^^^^^^^^^^^^^^^^
  File "C:\Users\ASUS\Documents\Kuliah\Semester 5\Workshop AI\Bab_3\pycaret_env\Lib\site-packages\sklearn\utils\_param_validation.py", line 213, in wrapper
    return func(*args, **kwargs)
           ^^^^^^^^^^^^^^^^^^^^^
  File "C:\Users\ASUS\Documents\Kuliah\Semester 5\Workshop AI\Bab_3\pycaret_env\Lib\site-packages\sklearn\metrics\_ranking.py", line 634, in roc_auc_score
    return _multiclass_roc_auc_score(
           ^^^^^^^^^^^^^^^^^^^^^^^^^^
  File "C:\Users\ASUS\Documents\Kuliah\Semester 5\Workshop AI\Bab_3\pycaret_env\Lib\site-packages\sklearn\metrics\_ranking.py", line 707, in _multiclass_roc_auc_score
    raise ValueError(
ValueError: Target scores need to be probabilities for multiclass roc_auc, i.e. they should sum up to 1.0 over classes

  warnings.warn(

2026-09-16 15:44:19,451:INFO:Calculating mean and std
2026-09-16 15:44:19,452:INFO:Creating metrics dataframe
2026-09-16 15:44:19,454:INFO:Uploading results into container
2026-09-16 15:44:19,455:INFO:Uploading model into container now
2026-09-16 15:44:19,455:INFO:_master_model_container: 5
2026-09-16 15:44:19,455:INFO:_display_container: 2
2026-09-16 15:44:19,456:INFO:SGDClassifier(alpha=0.0001, average=False, class_weight=None,
              early_stopping=False, epsilon=0.1, eta0=0.001, fit_intercept=True,
              l1_ratio=0.15, learning_rate='optimal', loss='hinge',
              max_iter=1000, n_iter_no_change=5, n_jobs=-1, penalty='l2',
              power_t=0.5, random_state=5956, shuffle=True, tol=0.001,
              validation_fraction=0.1, verbose=0, warm_start=False)
2026-09-16 15:44:19,456:INFO:create_model() successfully completed......................................
2026-09-16 15:44:19,560:INFO:SubProcess create_model() end ==================================
2026-09-16 15:44:19,562:INFO:Creating metrics dataframe
2026-09-16 15:44:19,564:INFO:Initializing Ridge Classifier
2026-09-16 15:44:19,564:INFO:Total runtime is 0.33000172773996983 minutes
2026-09-16 15:44:19,564:INFO:SubProcess create_model() called ==================================
2026-09-16 15:44:19,565:INFO:Initializing create_model()
2026-09-16 15:44:19,565:INFO:create_model(self=<pycaret.classification.oop.ClassificationExperiment object at 0x000001CFBD82DE90>, estimator=ridge, fold=StratifiedKFold(n_splits=10, random_state=None, shuffle=False), round=4, cross_validation=True, predict=True, fit_kwargs={}, groups=None, refit=False, probability_threshold=None, experiment_custom_tags=None, verbose=False, system=False, add_to_model_list=True, metrics=None, display=<pycaret.internal.display.display.CommonDisplay object at 0x000001CFDD46F010>, model_only=True, return_train_score=False, error_score=0.0, kwargs={})
2026-09-16 15:44:19,565:INFO:Checking exceptions
2026-09-16 15:44:19,565:INFO:Importing libraries
2026-09-16 15:44:19,565:INFO:Copying training dataset
2026-09-16 15:44:19,568:INFO:Defining folds
2026-09-16 15:44:19,568:INFO:Declaring metric variables
2026-09-16 15:44:19,568:INFO:Importing untrained model
2026-09-16 15:44:19,568:INFO:Ridge Classifier Imported successfully
2026-09-16 15:44:19,569:INFO:Starting cross validation
2026-09-16 15:44:19,571:INFO:Cross validating with StratifiedKFold(n_splits=10, random_state=None, shuffle=False), n_jobs=-1
2026-09-16 15:44:19,624:WARNING:C:\Users\ASUS\Documents\Kuliah\Semester 5\Workshop AI\Bab_3\pycaret_env\Lib\site-packages\pycaret\internal\metrics.py:204: FitFailedWarning: Metric 'make_scorer(roc_auc_score, response_method=('decision_function', 'predict_proba'), average=weighted, multi_class=ovr)' failed and error score 0.0 has been returned instead. If this is a custom metric, this usually means that the error is in the metric code. Full exception below:
Traceback (most recent call last):
  File "C:\Users\ASUS\Documents\Kuliah\Semester 5\Workshop AI\Bab_3\pycaret_env\Lib\site-packages\pycaret\internal\metrics.py", line 196, in _score
    return super()._score(
           ^^^^^^^^^^^^^^^
  File "C:\Users\ASUS\Documents\Kuliah\Semester 5\Workshop AI\Bab_3\pycaret_env\Lib\site-packages\sklearn\metrics\_scorer.py", line 350, in _score
    return self._sign * self._score_func(y_true, y_pred, **scoring_kwargs)
                        ^^^^^^^^^^^^^^^^^^^^^^^^^^^^^^^^^^^^^^^^^^^^^^^^^^
  File "C:\Users\ASUS\Documents\Kuliah\Semester 5\Workshop AI\Bab_3\pycaret_env\Lib\site-packages\pycaret\internal\metrics.py", line 144, in __call__
    return self.score_func(y_true, y_pred, **kwargs)
           ^^^^^^^^^^^^^^^^^^^^^^^^^^^^^^^^^^^^^^^^^
  File "C:\Users\ASUS\Documents\Kuliah\Semester 5\Workshop AI\Bab_3\pycaret_env\Lib\site-packages\sklearn\utils\_param_validation.py", line 213, in wrapper
    return func(*args, **kwargs)
           ^^^^^^^^^^^^^^^^^^^^^
  File "C:\Users\ASUS\Documents\Kuliah\Semester 5\Workshop AI\Bab_3\pycaret_env\Lib\site-packages\sklearn\metrics\_ranking.py", line 634, in roc_auc_score
    return _multiclass_roc_auc_score(
           ^^^^^^^^^^^^^^^^^^^^^^^^^^
  File "C:\Users\ASUS\Documents\Kuliah\Semester 5\Workshop AI\Bab_3\pycaret_env\Lib\site-packages\sklearn\metrics\_ranking.py", line 707, in _multiclass_roc_auc_score
    raise ValueError(
ValueError: Target scores need to be probabilities for multiclass roc_auc, i.e. they should sum up to 1.0 over classes

  warnings.warn(

2026-09-16 15:44:19,624:WARNING:C:\Users\ASUS\Documents\Kuliah\Semester 5\Workshop AI\Bab_3\pycaret_env\Lib\site-packages\pycaret\internal\metrics.py:204: FitFailedWarning: Metric 'make_scorer(roc_auc_score, response_method=('decision_function', 'predict_proba'), average=weighted, multi_class=ovr)' failed and error score 0.0 has been returned instead. If this is a custom metric, this usually means that the error is in the metric code. Full exception below:
Traceback (most recent call last):
  File "C:\Users\ASUS\Documents\Kuliah\Semester 5\Workshop AI\Bab_3\pycaret_env\Lib\site-packages\pycaret\internal\metrics.py", line 196, in _score
    return super()._score(
           ^^^^^^^^^^^^^^^
  File "C:\Users\ASUS\Documents\Kuliah\Semester 5\Workshop AI\Bab_3\pycaret_env\Lib\site-packages\sklearn\metrics\_scorer.py", line 350, in _score
    return self._sign * self._score_func(y_true, y_pred, **scoring_kwargs)
                        ^^^^^^^^^^^^^^^^^^^^^^^^^^^^^^^^^^^^^^^^^^^^^^^^^^
  File "C:\Users\ASUS\Documents\Kuliah\Semester 5\Workshop AI\Bab_3\pycaret_env\Lib\site-packages\pycaret\internal\metrics.py", line 144, in __call__
    return self.score_func(y_true, y_pred, **kwargs)
           ^^^^^^^^^^^^^^^^^^^^^^^^^^^^^^^^^^^^^^^^^
  File "C:\Users\ASUS\Documents\Kuliah\Semester 5\Workshop AI\Bab_3\pycaret_env\Lib\site-packages\sklearn\utils\_param_validation.py", line 213, in wrapper
    return func(*args, **kwargs)
           ^^^^^^^^^^^^^^^^^^^^^
  File "C:\Users\ASUS\Documents\Kuliah\Semester 5\Workshop AI\Bab_3\pycaret_env\Lib\site-packages\sklearn\metrics\_ranking.py", line 634, in roc_auc_score
    return _multiclass_roc_auc_score(
           ^^^^^^^^^^^^^^^^^^^^^^^^^^
  File "C:\Users\ASUS\Documents\Kuliah\Semester 5\Workshop AI\Bab_3\pycaret_env\Lib\site-packages\sklearn\metrics\_ranking.py", line 707, in _multiclass_roc_auc_score
    raise ValueError(
ValueError: Target scores need to be probabilities for multiclass roc_auc, i.e. they should sum up to 1.0 over classes

  warnings.warn(

2026-09-16 15:44:19,624:WARNING:C:\Users\ASUS\Documents\Kuliah\Semester 5\Workshop AI\Bab_3\pycaret_env\Lib\site-packages\pycaret\internal\metrics.py:204: FitFailedWarning: Metric 'make_scorer(roc_auc_score, response_method=('decision_function', 'predict_proba'), average=weighted, multi_class=ovr)' failed and error score 0.0 has been returned instead. If this is a custom metric, this usually means that the error is in the metric code. Full exception below:
Traceback (most recent call last):
  File "C:\Users\ASUS\Documents\Kuliah\Semester 5\Workshop AI\Bab_3\pycaret_env\Lib\site-packages\pycaret\internal\metrics.py", line 196, in _score
    return super()._score(
           ^^^^^^^^^^^^^^^
  File "C:\Users\ASUS\Documents\Kuliah\Semester 5\Workshop AI\Bab_3\pycaret_env\Lib\site-packages\sklearn\metrics\_scorer.py", line 350, in _score
    return self._sign * self._score_func(y_true, y_pred, **scoring_kwargs)
                        ^^^^^^^^^^^^^^^^^^^^^^^^^^^^^^^^^^^^^^^^^^^^^^^^^^
  File "C:\Users\ASUS\Documents\Kuliah\Semester 5\Workshop AI\Bab_3\pycaret_env\Lib\site-packages\pycaret\internal\metrics.py", line 144, in __call__
    return self.score_func(y_true, y_pred, **kwargs)
           ^^^^^^^^^^^^^^^^^^^^^^^^^^^^^^^^^^^^^^^^^
  File "C:\Users\ASUS\Documents\Kuliah\Semester 5\Workshop AI\Bab_3\pycaret_env\Lib\site-packages\sklearn\utils\_param_validation.py", line 213, in wrapper
    return func(*args, **kwargs)
           ^^^^^^^^^^^^^^^^^^^^^
  File "C:\Users\ASUS\Documents\Kuliah\Semester 5\Workshop AI\Bab_3\pycaret_env\Lib\site-packages\sklearn\metrics\_ranking.py", line 634, in roc_auc_score
    return _multiclass_roc_auc_score(
           ^^^^^^^^^^^^^^^^^^^^^^^^^^
  File "C:\Users\ASUS\Documents\Kuliah\Semester 5\Workshop AI\Bab_3\pycaret_env\Lib\site-packages\sklearn\metrics\_ranking.py", line 707, in _multiclass_roc_auc_score
    raise ValueError(
ValueError: Target scores need to be probabilities for multiclass roc_auc, i.e. they should sum up to 1.0 over classes

  warnings.warn(

2026-09-16 15:44:19,626:WARNING:C:\Users\ASUS\Documents\Kuliah\Semester 5\Workshop AI\Bab_3\pycaret_env\Lib\site-packages\pycaret\internal\metrics.py:204: FitFailedWarning: Metric 'make_scorer(roc_auc_score, response_method=('decision_function', 'predict_proba'), average=weighted, multi_class=ovr)' failed and error score 0.0 has been returned instead. If this is a custom metric, this usually means that the error is in the metric code. Full exception below:
Traceback (most recent call last):
  File "C:\Users\ASUS\Documents\Kuliah\Semester 5\Workshop AI\Bab_3\pycaret_env\Lib\site-packages\pycaret\internal\metrics.py", line 196, in _score
    return super()._score(
           ^^^^^^^^^^^^^^^
  File "C:\Users\ASUS\Documents\Kuliah\Semester 5\Workshop AI\Bab_3\pycaret_env\Lib\site-packages\sklearn\metrics\_scorer.py", line 350, in _score
    return self._sign * self._score_func(y_true, y_pred, **scoring_kwargs)
                        ^^^^^^^^^^^^^^^^^^^^^^^^^^^^^^^^^^^^^^^^^^^^^^^^^^
  File "C:\Users\ASUS\Documents\Kuliah\Semester 5\Workshop AI\Bab_3\pycaret_env\Lib\site-packages\pycaret\internal\metrics.py", line 144, in __call__
    return self.score_func(y_true, y_pred, **kwargs)
           ^^^^^^^^^^^^^^^^^^^^^^^^^^^^^^^^^^^^^^^^^
  File "C:\Users\ASUS\Documents\Kuliah\Semester 5\Workshop AI\Bab_3\pycaret_env\Lib\site-packages\sklearn\utils\_param_validation.py", line 213, in wrapper
    return func(*args, **kwargs)
           ^^^^^^^^^^^^^^^^^^^^^
  File "C:\Users\ASUS\Documents\Kuliah\Semester 5\Workshop AI\Bab_3\pycaret_env\Lib\site-packages\sklearn\metrics\_ranking.py", line 634, in roc_auc_score
    return _multiclass_roc_auc_score(
           ^^^^^^^^^^^^^^^^^^^^^^^^^^
  File "C:\Users\ASUS\Documents\Kuliah\Semester 5\Workshop AI\Bab_3\pycaret_env\Lib\site-packages\sklearn\metrics\_ranking.py", line 707, in _multiclass_roc_auc_score
    raise ValueError(
ValueError: Target scores need to be probabilities for multiclass roc_auc, i.e. they should sum up to 1.0 over classes

  warnings.warn(

2026-09-16 15:44:19,626:WARNING:C:\Users\ASUS\Documents\Kuliah\Semester 5\Workshop AI\Bab_3\pycaret_env\Lib\site-packages\pycaret\internal\metrics.py:204: FitFailedWarning: Metric 'make_scorer(roc_auc_score, response_method=('decision_function', 'predict_proba'), average=weighted, multi_class=ovr)' failed and error score 0.0 has been returned instead. If this is a custom metric, this usually means that the error is in the metric code. Full exception below:
Traceback (most recent call last):
  File "C:\Users\ASUS\Documents\Kuliah\Semester 5\Workshop AI\Bab_3\pycaret_env\Lib\site-packages\pycaret\internal\metrics.py", line 196, in _score
    return super()._score(
           ^^^^^^^^^^^^^^^
  File "C:\Users\ASUS\Documents\Kuliah\Semester 5\Workshop AI\Bab_3\pycaret_env\Lib\site-packages\sklearn\metrics\_scorer.py", line 350, in _score
    return self._sign * self._score_func(y_true, y_pred, **scoring_kwargs)
                        ^^^^^^^^^^^^^^^^^^^^^^^^^^^^^^^^^^^^^^^^^^^^^^^^^^
  File "C:\Users\ASUS\Documents\Kuliah\Semester 5\Workshop AI\Bab_3\pycaret_env\Lib\site-packages\pycaret\internal\metrics.py", line 144, in __call__
    return self.score_func(y_true, y_pred, **kwargs)
           ^^^^^^^^^^^^^^^^^^^^^^^^^^^^^^^^^^^^^^^^^
  File "C:\Users\ASUS\Documents\Kuliah\Semester 5\Workshop AI\Bab_3\pycaret_env\Lib\site-packages\sklearn\utils\_param_validation.py", line 213, in wrapper
    return func(*args, **kwargs)
           ^^^^^^^^^^^^^^^^^^^^^
  File "C:\Users\ASUS\Documents\Kuliah\Semester 5\Workshop AI\Bab_3\pycaret_env\Lib\site-packages\sklearn\metrics\_ranking.py", line 634, in roc_auc_score
    return _multiclass_roc_auc_score(
           ^^^^^^^^^^^^^^^^^^^^^^^^^^
  File "C:\Users\ASUS\Documents\Kuliah\Semester 5\Workshop AI\Bab_3\pycaret_env\Lib\site-packages\sklearn\metrics\_ranking.py", line 707, in _multiclass_roc_auc_score
    raise ValueError(
ValueError: Target scores need to be probabilities for multiclass roc_auc, i.e. they should sum up to 1.0 over classes

  warnings.warn(

2026-09-16 15:44:19,628:WARNING:C:\Users\ASUS\Documents\Kuliah\Semester 5\Workshop AI\Bab_3\pycaret_env\Lib\site-packages\pycaret\internal\metrics.py:204: FitFailedWarning: Metric 'make_scorer(roc_auc_score, response_method=('decision_function', 'predict_proba'), average=weighted, multi_class=ovr)' failed and error score 0.0 has been returned instead. If this is a custom metric, this usually means that the error is in the metric code. Full exception below:
Traceback (most recent call last):
  File "C:\Users\ASUS\Documents\Kuliah\Semester 5\Workshop AI\Bab_3\pycaret_env\Lib\site-packages\pycaret\internal\metrics.py", line 196, in _score
    return super()._score(
           ^^^^^^^^^^^^^^^
  File "C:\Users\ASUS\Documents\Kuliah\Semester 5\Workshop AI\Bab_3\pycaret_env\Lib\site-packages\sklearn\metrics\_scorer.py", line 350, in _score
    return self._sign * self._score_func(y_true, y_pred, **scoring_kwargs)
                        ^^^^^^^^^^^^^^^^^^^^^^^^^^^^^^^^^^^^^^^^^^^^^^^^^^
  File "C:\Users\ASUS\Documents\Kuliah\Semester 5\Workshop AI\Bab_3\pycaret_env\Lib\site-packages\pycaret\internal\metrics.py", line 144, in __call__
    return self.score_func(y_true, y_pred, **kwargs)
           ^^^^^^^^^^^^^^^^^^^^^^^^^^^^^^^^^^^^^^^^^
  File "C:\Users\ASUS\Documents\Kuliah\Semester 5\Workshop AI\Bab_3\pycaret_env\Lib\site-packages\sklearn\utils\_param_validation.py", line 213, in wrapper
    return func(*args, **kwargs)
           ^^^^^^^^^^^^^^^^^^^^^
  File "C:\Users\ASUS\Documents\Kuliah\Semester 5\Workshop AI\Bab_3\pycaret_env\Lib\site-packages\sklearn\metrics\_ranking.py", line 634, in roc_auc_score
    return _multiclass_roc_auc_score(
           ^^^^^^^^^^^^^^^^^^^^^^^^^^
  File "C:\Users\ASUS\Documents\Kuliah\Semester 5\Workshop AI\Bab_3\pycaret_env\Lib\site-packages\sklearn\metrics\_ranking.py", line 707, in _multiclass_roc_auc_score
    raise ValueError(
ValueError: Target scores need to be probabilities for multiclass roc_auc, i.e. they should sum up to 1.0 over classes

  warnings.warn(

2026-09-16 15:44:19,628:WARNING:C:\Users\ASUS\Documents\Kuliah\Semester 5\Workshop AI\Bab_3\pycaret_env\Lib\site-packages\pycaret\internal\metrics.py:204: FitFailedWarning: Metric 'make_scorer(roc_auc_score, response_method=('decision_function', 'predict_proba'), average=weighted, multi_class=ovr)' failed and error score 0.0 has been returned instead. If this is a custom metric, this usually means that the error is in the metric code. Full exception below:
Traceback (most recent call last):
  File "C:\Users\ASUS\Documents\Kuliah\Semester 5\Workshop AI\Bab_3\pycaret_env\Lib\site-packages\pycaret\internal\metrics.py", line 196, in _score
    return super()._score(
           ^^^^^^^^^^^^^^^
  File "C:\Users\ASUS\Documents\Kuliah\Semester 5\Workshop AI\Bab_3\pycaret_env\Lib\site-packages\sklearn\metrics\_scorer.py", line 350, in _score
    return self._sign * self._score_func(y_true, y_pred, **scoring_kwargs)
                        ^^^^^^^^^^^^^^^^^^^^^^^^^^^^^^^^^^^^^^^^^^^^^^^^^^
  File "C:\Users\ASUS\Documents\Kuliah\Semester 5\Workshop AI\Bab_3\pycaret_env\Lib\site-packages\pycaret\internal\metrics.py", line 144, in __call__
    return self.score_func(y_true, y_pred, **kwargs)
           ^^^^^^^^^^^^^^^^^^^^^^^^^^^^^^^^^^^^^^^^^
  File "C:\Users\ASUS\Documents\Kuliah\Semester 5\Workshop AI\Bab_3\pycaret_env\Lib\site-packages\sklearn\utils\_param_validation.py", line 213, in wrapper
    return func(*args, **kwargs)
           ^^^^^^^^^^^^^^^^^^^^^
  File "C:\Users\ASUS\Documents\Kuliah\Semester 5\Workshop AI\Bab_3\pycaret_env\Lib\site-packages\sklearn\metrics\_ranking.py", line 634, in roc_auc_score
    return _multiclass_roc_auc_score(
           ^^^^^^^^^^^^^^^^^^^^^^^^^^
  File "C:\Users\ASUS\Documents\Kuliah\Semester 5\Workshop AI\Bab_3\pycaret_env\Lib\site-packages\sklearn\metrics\_ranking.py", line 707, in _multiclass_roc_auc_score
    raise ValueError(
ValueError: Target scores need to be probabilities for multiclass roc_auc, i.e. they should sum up to 1.0 over classes

  warnings.warn(

2026-09-16 15:44:19,630:WARNING:C:\Users\ASUS\Documents\Kuliah\Semester 5\Workshop AI\Bab_3\pycaret_env\Lib\site-packages\pycaret\internal\metrics.py:204: FitFailedWarning: Metric 'make_scorer(roc_auc_score, response_method=('decision_function', 'predict_proba'), average=weighted, multi_class=ovr)' failed and error score 0.0 has been returned instead. If this is a custom metric, this usually means that the error is in the metric code. Full exception below:
Traceback (most recent call last):
  File "C:\Users\ASUS\Documents\Kuliah\Semester 5\Workshop AI\Bab_3\pycaret_env\Lib\site-packages\pycaret\internal\metrics.py", line 196, in _score
    return super()._score(
           ^^^^^^^^^^^^^^^
  File "C:\Users\ASUS\Documents\Kuliah\Semester 5\Workshop AI\Bab_3\pycaret_env\Lib\site-packages\sklearn\metrics\_scorer.py", line 350, in _score
    return self._sign * self._score_func(y_true, y_pred, **scoring_kwargs)
                        ^^^^^^^^^^^^^^^^^^^^^^^^^^^^^^^^^^^^^^^^^^^^^^^^^^
  File "C:\Users\ASUS\Documents\Kuliah\Semester 5\Workshop AI\Bab_3\pycaret_env\Lib\site-packages\pycaret\internal\metrics.py", line 144, in __call__
    return self.score_func(y_true, y_pred, **kwargs)
           ^^^^^^^^^^^^^^^^^^^^^^^^^^^^^^^^^^^^^^^^^
  File "C:\Users\ASUS\Documents\Kuliah\Semester 5\Workshop AI\Bab_3\pycaret_env\Lib\site-packages\sklearn\utils\_param_validation.py", line 213, in wrapper
    return func(*args, **kwargs)
           ^^^^^^^^^^^^^^^^^^^^^
  File "C:\Users\ASUS\Documents\Kuliah\Semester 5\Workshop AI\Bab_3\pycaret_env\Lib\site-packages\sklearn\metrics\_ranking.py", line 634, in roc_auc_score
    return _multiclass_roc_auc_score(
           ^^^^^^^^^^^^^^^^^^^^^^^^^^
  File "C:\Users\ASUS\Documents\Kuliah\Semester 5\Workshop AI\Bab_3\pycaret_env\Lib\site-packages\sklearn\metrics\_ranking.py", line 707, in _multiclass_roc_auc_score
    raise ValueError(
ValueError: Target scores need to be probabilities for multiclass roc_auc, i.e. they should sum up to 1.0 over classes

  warnings.warn(

2026-09-16 15:44:19,652:INFO:Calculating mean and std
2026-09-16 15:44:19,652:INFO:Creating metrics dataframe
2026-09-16 15:44:19,654:INFO:Uploading results into container
2026-09-16 15:44:19,654:INFO:Uploading model into container now
2026-09-16 15:44:19,655:INFO:_master_model_container: 6
2026-09-16 15:44:19,655:INFO:_display_container: 2
2026-09-16 15:44:19,655:INFO:RidgeClassifier(alpha=1.0, class_weight=None, copy_X=True, fit_intercept=True,
                max_iter=None, positive=False, random_state=5956, solver='auto',
                tol=0.0001)
2026-09-16 15:44:19,655:INFO:create_model() successfully completed......................................
2026-09-16 15:44:19,739:INFO:SubProcess create_model() end ==================================
2026-09-16 15:44:19,739:INFO:Creating metrics dataframe
2026-09-16 15:44:19,741:INFO:Initializing Random Forest Classifier
2026-09-16 15:44:19,741:INFO:Total runtime is 0.33295387824376416 minutes
2026-09-16 15:44:19,741:INFO:SubProcess create_model() called ==================================
2026-09-16 15:44:19,743:INFO:Initializing create_model()
2026-09-16 15:44:19,743:INFO:create_model(self=<pycaret.classification.oop.ClassificationExperiment object at 0x000001CFBD82DE90>, estimator=rf, fold=StratifiedKFold(n_splits=10, random_state=None, shuffle=False), round=4, cross_validation=True, predict=True, fit_kwargs={}, groups=None, refit=False, probability_threshold=None, experiment_custom_tags=None, verbose=False, system=False, add_to_model_list=True, metrics=None, display=<pycaret.internal.display.display.CommonDisplay object at 0x000001CFDD46F010>, model_only=True, return_train_score=False, error_score=0.0, kwargs={})
2026-09-16 15:44:19,743:INFO:Checking exceptions
2026-09-16 15:44:19,743:INFO:Importing libraries
2026-09-16 15:44:19,743:INFO:Copying training dataset
2026-09-16 15:44:19,746:INFO:Defining folds
2026-09-16 15:44:19,746:INFO:Declaring metric variables
2026-09-16 15:44:19,748:INFO:Importing untrained model
2026-09-16 15:44:19,748:INFO:Random Forest Classifier Imported successfully
2026-09-16 15:44:19,748:INFO:Starting cross validation
2026-09-16 15:44:19,749:INFO:Cross validating with StratifiedKFold(n_splits=10, random_state=None, shuffle=False), n_jobs=-1
2026-09-16 15:44:20,111:INFO:Calculating mean and std
2026-09-16 15:44:20,112:INFO:Creating metrics dataframe
2026-09-16 15:44:20,113:INFO:Uploading results into container
2026-09-16 15:44:20,114:INFO:Uploading model into container now
2026-09-16 15:44:20,114:INFO:_master_model_container: 7
2026-09-16 15:44:20,115:INFO:_display_container: 2
2026-09-16 15:44:20,115:INFO:RandomForestClassifier(bootstrap=True, ccp_alpha=0.0, class_weight=None,
                       criterion='gini', max_depth=None, max_features='sqrt',
                       max_leaf_nodes=None, max_samples=None,
                       min_impurity_decrease=0.0, min_samples_leaf=1,
                       min_samples_split=2, min_weight_fraction_leaf=0.0,
                       monotonic_cst=None, n_estimators=100, n_jobs=-1,
                       oob_score=False, random_state=5956, verbose=0,
                       warm_start=False)
2026-09-16 15:44:20,115:INFO:create_model() successfully completed......................................
2026-09-16 15:44:20,196:INFO:SubProcess create_model() end ==================================
2026-09-16 15:44:20,196:INFO:Creating metrics dataframe
2026-09-16 15:44:20,199:INFO:Initializing Quadratic Discriminant Analysis
2026-09-16 15:44:20,199:INFO:Total runtime is 0.3405723055203755 minutes
2026-09-16 15:44:20,199:INFO:SubProcess create_model() called ==================================
2026-09-16 15:44:20,199:INFO:Initializing create_model()
2026-09-16 15:44:20,200:INFO:create_model(self=<pycaret.classification.oop.ClassificationExperiment object at 0x000001CFBD82DE90>, estimator=qda, fold=StratifiedKFold(n_splits=10, random_state=None, shuffle=False), round=4, cross_validation=True, predict=True, fit_kwargs={}, groups=None, refit=False, probability_threshold=None, experiment_custom_tags=None, verbose=False, system=False, add_to_model_list=True, metrics=None, display=<pycaret.internal.display.display.CommonDisplay object at 0x000001CFDD46F010>, model_only=True, return_train_score=False, error_score=0.0, kwargs={})
2026-09-16 15:44:20,200:INFO:Checking exceptions
2026-09-16 15:44:20,200:INFO:Importing libraries
2026-09-16 15:44:20,200:INFO:Copying training dataset
2026-09-16 15:44:20,203:INFO:Defining folds
2026-09-16 15:44:20,203:INFO:Declaring metric variables
2026-09-16 15:44:20,203:INFO:Importing untrained model
2026-09-16 15:44:20,203:INFO:Quadratic Discriminant Analysis Imported successfully
2026-09-16 15:44:20,203:INFO:Starting cross validation
2026-09-16 15:44:20,205:INFO:Cross validating with StratifiedKFold(n_splits=10, random_state=None, shuffle=False), n_jobs=-1
2026-09-16 15:44:20,255:WARNING:C:\Users\ASUS\Documents\Kuliah\Semester 5\Workshop AI\Bab_3\pycaret_env\Lib\site-packages\pycaret\internal\metrics.py:204: FitFailedWarning: Metric 'make_scorer(roc_auc_score, response_method=('decision_function', 'predict_proba'), average=weighted, multi_class=ovr)' failed and error score 0.0 has been returned instead. If this is a custom metric, this usually means that the error is in the metric code. Full exception below:
Traceback (most recent call last):
  File "C:\Users\ASUS\Documents\Kuliah\Semester 5\Workshop AI\Bab_3\pycaret_env\Lib\site-packages\pycaret\internal\metrics.py", line 196, in _score
    return super()._score(
           ^^^^^^^^^^^^^^^
  File "C:\Users\ASUS\Documents\Kuliah\Semester 5\Workshop AI\Bab_3\pycaret_env\Lib\site-packages\sklearn\metrics\_scorer.py", line 350, in _score
    return self._sign * self._score_func(y_true, y_pred, **scoring_kwargs)
                        ^^^^^^^^^^^^^^^^^^^^^^^^^^^^^^^^^^^^^^^^^^^^^^^^^^
  File "C:\Users\ASUS\Documents\Kuliah\Semester 5\Workshop AI\Bab_3\pycaret_env\Lib\site-packages\pycaret\internal\metrics.py", line 144, in __call__
    return self.score_func(y_true, y_pred, **kwargs)
           ^^^^^^^^^^^^^^^^^^^^^^^^^^^^^^^^^^^^^^^^^
  File "C:\Users\ASUS\Documents\Kuliah\Semester 5\Workshop AI\Bab_3\pycaret_env\Lib\site-packages\sklearn\utils\_param_validation.py", line 213, in wrapper
    return func(*args, **kwargs)
           ^^^^^^^^^^^^^^^^^^^^^
  File "C:\Users\ASUS\Documents\Kuliah\Semester 5\Workshop AI\Bab_3\pycaret_env\Lib\site-packages\sklearn\metrics\_ranking.py", line 634, in roc_auc_score
    return _multiclass_roc_auc_score(
           ^^^^^^^^^^^^^^^^^^^^^^^^^^
  File "C:\Users\ASUS\Documents\Kuliah\Semester 5\Workshop AI\Bab_3\pycaret_env\Lib\site-packages\sklearn\metrics\_ranking.py", line 707, in _multiclass_roc_auc_score
    raise ValueError(
ValueError: Target scores need to be probabilities for multiclass roc_auc, i.e. they should sum up to 1.0 over classes

  warnings.warn(

2026-09-16 15:44:20,256:WARNING:C:\Users\ASUS\Documents\Kuliah\Semester 5\Workshop AI\Bab_3\pycaret_env\Lib\site-packages\pycaret\internal\metrics.py:204: FitFailedWarning: Metric 'make_scorer(roc_auc_score, response_method=('decision_function', 'predict_proba'), average=weighted, multi_class=ovr)' failed and error score 0.0 has been returned instead. If this is a custom metric, this usually means that the error is in the metric code. Full exception below:
Traceback (most recent call last):
  File "C:\Users\ASUS\Documents\Kuliah\Semester 5\Workshop AI\Bab_3\pycaret_env\Lib\site-packages\pycaret\internal\metrics.py", line 196, in _score
    return super()._score(
           ^^^^^^^^^^^^^^^
  File "C:\Users\ASUS\Documents\Kuliah\Semester 5\Workshop AI\Bab_3\pycaret_env\Lib\site-packages\sklearn\metrics\_scorer.py", line 350, in _score
    return self._sign * self._score_func(y_true, y_pred, **scoring_kwargs)
                        ^^^^^^^^^^^^^^^^^^^^^^^^^^^^^^^^^^^^^^^^^^^^^^^^^^
  File "C:\Users\ASUS\Documents\Kuliah\Semester 5\Workshop AI\Bab_3\pycaret_env\Lib\site-packages\pycaret\internal\metrics.py", line 144, in __call__
    return self.score_func(y_true, y_pred, **kwargs)
           ^^^^^^^^^^^^^^^^^^^^^^^^^^^^^^^^^^^^^^^^^
  File "C:\Users\ASUS\Documents\Kuliah\Semester 5\Workshop AI\Bab_3\pycaret_env\Lib\site-packages\sklearn\utils\_param_validation.py", line 213, in wrapper
    return func(*args, **kwargs)
           ^^^^^^^^^^^^^^^^^^^^^
  File "C:\Users\ASUS\Documents\Kuliah\Semester 5\Workshop AI\Bab_3\pycaret_env\Lib\site-packages\sklearn\metrics\_ranking.py", line 634, in roc_auc_score
    return _multiclass_roc_auc_score(
           ^^^^^^^^^^^^^^^^^^^^^^^^^^
  File "C:\Users\ASUS\Documents\Kuliah\Semester 5\Workshop AI\Bab_3\pycaret_env\Lib\site-packages\sklearn\metrics\_ranking.py", line 707, in _multiclass_roc_auc_score
    raise ValueError(
ValueError: Target scores need to be probabilities for multiclass roc_auc, i.e. they should sum up to 1.0 over classes

  warnings.warn(

2026-09-16 15:44:20,256:WARNING:C:\Users\ASUS\Documents\Kuliah\Semester 5\Workshop AI\Bab_3\pycaret_env\Lib\site-packages\pycaret\internal\metrics.py:204: FitFailedWarning: Metric 'make_scorer(roc_auc_score, response_method=('decision_function', 'predict_proba'), average=weighted, multi_class=ovr)' failed and error score 0.0 has been returned instead. If this is a custom metric, this usually means that the error is in the metric code. Full exception below:
Traceback (most recent call last):
  File "C:\Users\ASUS\Documents\Kuliah\Semester 5\Workshop AI\Bab_3\pycaret_env\Lib\site-packages\pycaret\internal\metrics.py", line 196, in _score
    return super()._score(
           ^^^^^^^^^^^^^^^
  File "C:\Users\ASUS\Documents\Kuliah\Semester 5\Workshop AI\Bab_3\pycaret_env\Lib\site-packages\sklearn\metrics\_scorer.py", line 350, in _score
    return self._sign * self._score_func(y_true, y_pred, **scoring_kwargs)
                        ^^^^^^^^^^^^^^^^^^^^^^^^^^^^^^^^^^^^^^^^^^^^^^^^^^
  File "C:\Users\ASUS\Documents\Kuliah\Semester 5\Workshop AI\Bab_3\pycaret_env\Lib\site-packages\pycaret\internal\metrics.py", line 144, in __call__
    return self.score_func(y_true, y_pred, **kwargs)
           ^^^^^^^^^^^^^^^^^^^^^^^^^^^^^^^^^^^^^^^^^
  File "C:\Users\ASUS\Documents\Kuliah\Semester 5\Workshop AI\Bab_3\pycaret_env\Lib\site-packages\sklearn\utils\_param_validation.py", line 213, in wrapper
    return func(*args, **kwargs)
           ^^^^^^^^^^^^^^^^^^^^^
  File "C:\Users\ASUS\Documents\Kuliah\Semester 5\Workshop AI\Bab_3\pycaret_env\Lib\site-packages\sklearn\metrics\_ranking.py", line 634, in roc_auc_score
    return _multiclass_roc_auc_score(
           ^^^^^^^^^^^^^^^^^^^^^^^^^^
  File "C:\Users\ASUS\Documents\Kuliah\Semester 5\Workshop AI\Bab_3\pycaret_env\Lib\site-packages\sklearn\metrics\_ranking.py", line 707, in _multiclass_roc_auc_score
    raise ValueError(
ValueError: Target scores need to be probabilities for multiclass roc_auc, i.e. they should sum up to 1.0 over classes

  warnings.warn(

2026-09-16 15:44:20,257:WARNING:C:\Users\ASUS\Documents\Kuliah\Semester 5\Workshop AI\Bab_3\pycaret_env\Lib\site-packages\pycaret\internal\metrics.py:204: FitFailedWarning: Metric 'make_scorer(roc_auc_score, response_method=('decision_function', 'predict_proba'), average=weighted, multi_class=ovr)' failed and error score 0.0 has been returned instead. If this is a custom metric, this usually means that the error is in the metric code. Full exception below:
Traceback (most recent call last):
  File "C:\Users\ASUS\Documents\Kuliah\Semester 5\Workshop AI\Bab_3\pycaret_env\Lib\site-packages\pycaret\internal\metrics.py", line 196, in _score
    return super()._score(
           ^^^^^^^^^^^^^^^
  File "C:\Users\ASUS\Documents\Kuliah\Semester 5\Workshop AI\Bab_3\pycaret_env\Lib\site-packages\sklearn\metrics\_scorer.py", line 350, in _score
    return self._sign * self._score_func(y_true, y_pred, **scoring_kwargs)
                        ^^^^^^^^^^^^^^^^^^^^^^^^^^^^^^^^^^^^^^^^^^^^^^^^^^
  File "C:\Users\ASUS\Documents\Kuliah\Semester 5\Workshop AI\Bab_3\pycaret_env\Lib\site-packages\pycaret\internal\metrics.py", line 144, in __call__
    return self.score_func(y_true, y_pred, **kwargs)
           ^^^^^^^^^^^^^^^^^^^^^^^^^^^^^^^^^^^^^^^^^
  File "C:\Users\ASUS\Documents\Kuliah\Semester 5\Workshop AI\Bab_3\pycaret_env\Lib\site-packages\sklearn\utils\_param_validation.py", line 213, in wrapper
    return func(*args, **kwargs)
           ^^^^^^^^^^^^^^^^^^^^^
  File "C:\Users\ASUS\Documents\Kuliah\Semester 5\Workshop AI\Bab_3\pycaret_env\Lib\site-packages\sklearn\metrics\_ranking.py", line 634, in roc_auc_score
    return _multiclass_roc_auc_score(
           ^^^^^^^^^^^^^^^^^^^^^^^^^^
  File "C:\Users\ASUS\Documents\Kuliah\Semester 5\Workshop AI\Bab_3\pycaret_env\Lib\site-packages\sklearn\metrics\_ranking.py", line 707, in _multiclass_roc_auc_score
    raise ValueError(
ValueError: Target scores need to be probabilities for multiclass roc_auc, i.e. they should sum up to 1.0 over classes

  warnings.warn(

2026-09-16 15:44:20,258:WARNING:C:\Users\ASUS\Documents\Kuliah\Semester 5\Workshop AI\Bab_3\pycaret_env\Lib\site-packages\pycaret\internal\metrics.py:204: FitFailedWarning: Metric 'make_scorer(roc_auc_score, response_method=('decision_function', 'predict_proba'), average=weighted, multi_class=ovr)' failed and error score 0.0 has been returned instead. If this is a custom metric, this usually means that the error is in the metric code. Full exception below:
Traceback (most recent call last):
  File "C:\Users\ASUS\Documents\Kuliah\Semester 5\Workshop AI\Bab_3\pycaret_env\Lib\site-packages\pycaret\internal\metrics.py", line 196, in _score
    return super()._score(
           ^^^^^^^^^^^^^^^
  File "C:\Users\ASUS\Documents\Kuliah\Semester 5\Workshop AI\Bab_3\pycaret_env\Lib\site-packages\sklearn\metrics\_scorer.py", line 350, in _score
    return self._sign * self._score_func(y_true, y_pred, **scoring_kwargs)
                        ^^^^^^^^^^^^^^^^^^^^^^^^^^^^^^^^^^^^^^^^^^^^^^^^^^
  File "C:\Users\ASUS\Documents\Kuliah\Semester 5\Workshop AI\Bab_3\pycaret_env\Lib\site-packages\pycaret\internal\metrics.py", line 144, in __call__
    return self.score_func(y_true, y_pred, **kwargs)
           ^^^^^^^^^^^^^^^^^^^^^^^^^^^^^^^^^^^^^^^^^
  File "C:\Users\ASUS\Documents\Kuliah\Semester 5\Workshop AI\Bab_3\pycaret_env\Lib\site-packages\sklearn\utils\_param_validation.py", line 213, in wrapper
    return func(*args, **kwargs)
           ^^^^^^^^^^^^^^^^^^^^^
  File "C:\Users\ASUS\Documents\Kuliah\Semester 5\Workshop AI\Bab_3\pycaret_env\Lib\site-packages\sklearn\metrics\_ranking.py", line 634, in roc_auc_score
    return _multiclass_roc_auc_score(
           ^^^^^^^^^^^^^^^^^^^^^^^^^^
  File "C:\Users\ASUS\Documents\Kuliah\Semester 5\Workshop AI\Bab_3\pycaret_env\Lib\site-packages\sklearn\metrics\_ranking.py", line 707, in _multiclass_roc_auc_score
    raise ValueError(
ValueError: Target scores need to be probabilities for multiclass roc_auc, i.e. they should sum up to 1.0 over classes

  warnings.warn(

2026-09-16 15:44:20,260:WARNING:C:\Users\ASUS\Documents\Kuliah\Semester 5\Workshop AI\Bab_3\pycaret_env\Lib\site-packages\pycaret\internal\metrics.py:204: FitFailedWarning: Metric 'make_scorer(roc_auc_score, response_method=('decision_function', 'predict_proba'), average=weighted, multi_class=ovr)' failed and error score 0.0 has been returned instead. If this is a custom metric, this usually means that the error is in the metric code. Full exception below:
Traceback (most recent call last):
  File "C:\Users\ASUS\Documents\Kuliah\Semester 5\Workshop AI\Bab_3\pycaret_env\Lib\site-packages\pycaret\internal\metrics.py", line 196, in _score
    return super()._score(
           ^^^^^^^^^^^^^^^
  File "C:\Users\ASUS\Documents\Kuliah\Semester 5\Workshop AI\Bab_3\pycaret_env\Lib\site-packages\sklearn\metrics\_scorer.py", line 350, in _score
    return self._sign * self._score_func(y_true, y_pred, **scoring_kwargs)
                        ^^^^^^^^^^^^^^^^^^^^^^^^^^^^^^^^^^^^^^^^^^^^^^^^^^
  File "C:\Users\ASUS\Documents\Kuliah\Semester 5\Workshop AI\Bab_3\pycaret_env\Lib\site-packages\pycaret\internal\metrics.py", line 144, in __call__
    return self.score_func(y_true, y_pred, **kwargs)
           ^^^^^^^^^^^^^^^^^^^^^^^^^^^^^^^^^^^^^^^^^
  File "C:\Users\ASUS\Documents\Kuliah\Semester 5\Workshop AI\Bab_3\pycaret_env\Lib\site-packages\sklearn\utils\_param_validation.py", line 213, in wrapper
    return func(*args, **kwargs)
           ^^^^^^^^^^^^^^^^^^^^^
  File "C:\Users\ASUS\Documents\Kuliah\Semester 5\Workshop AI\Bab_3\pycaret_env\Lib\site-packages\sklearn\metrics\_ranking.py", line 634, in roc_auc_score
    return _multiclass_roc_auc_score(
           ^^^^^^^^^^^^^^^^^^^^^^^^^^
  File "C:\Users\ASUS\Documents\Kuliah\Semester 5\Workshop AI\Bab_3\pycaret_env\Lib\site-packages\sklearn\metrics\_ranking.py", line 707, in _multiclass_roc_auc_score
    raise ValueError(
ValueError: Target scores need to be probabilities for multiclass roc_auc, i.e. they should sum up to 1.0 over classes

  warnings.warn(

2026-09-16 15:44:20,261:WARNING:C:\Users\ASUS\Documents\Kuliah\Semester 5\Workshop AI\Bab_3\pycaret_env\Lib\site-packages\pycaret\internal\metrics.py:204: FitFailedWarning: Metric 'make_scorer(roc_auc_score, response_method=('decision_function', 'predict_proba'), average=weighted, multi_class=ovr)' failed and error score 0.0 has been returned instead. If this is a custom metric, this usually means that the error is in the metric code. Full exception below:
Traceback (most recent call last):
  File "C:\Users\ASUS\Documents\Kuliah\Semester 5\Workshop AI\Bab_3\pycaret_env\Lib\site-packages\pycaret\internal\metrics.py", line 196, in _score
    return super()._score(
           ^^^^^^^^^^^^^^^
  File "C:\Users\ASUS\Documents\Kuliah\Semester 5\Workshop AI\Bab_3\pycaret_env\Lib\site-packages\sklearn\metrics\_scorer.py", line 350, in _score
    return self._sign * self._score_func(y_true, y_pred, **scoring_kwargs)
                        ^^^^^^^^^^^^^^^^^^^^^^^^^^^^^^^^^^^^^^^^^^^^^^^^^^
  File "C:\Users\ASUS\Documents\Kuliah\Semester 5\Workshop AI\Bab_3\pycaret_env\Lib\site-packages\pycaret\internal\metrics.py", line 144, in __call__
    return self.score_func(y_true, y_pred, **kwargs)
           ^^^^^^^^^^^^^^^^^^^^^^^^^^^^^^^^^^^^^^^^^
  File "C:\Users\ASUS\Documents\Kuliah\Semester 5\Workshop AI\Bab_3\pycaret_env\Lib\site-packages\sklearn\utils\_param_validation.py", line 213, in wrapper
    return func(*args, **kwargs)
           ^^^^^^^^^^^^^^^^^^^^^
  File "C:\Users\ASUS\Documents\Kuliah\Semester 5\Workshop AI\Bab_3\pycaret_env\Lib\site-packages\sklearn\metrics\_ranking.py", line 634, in roc_auc_score
    return _multiclass_roc_auc_score(
           ^^^^^^^^^^^^^^^^^^^^^^^^^^
  File "C:\Users\ASUS\Documents\Kuliah\Semester 5\Workshop AI\Bab_3\pycaret_env\Lib\site-packages\sklearn\metrics\_ranking.py", line 707, in _multiclass_roc_auc_score
    raise ValueError(
ValueError: Target scores need to be probabilities for multiclass roc_auc, i.e. they should sum up to 1.0 over classes

  warnings.warn(

2026-09-16 15:44:20,280:INFO:Calculating mean and std
2026-09-16 15:44:20,282:INFO:Creating metrics dataframe
2026-09-16 15:44:20,284:INFO:Uploading results into container
2026-09-16 15:44:20,284:INFO:Uploading model into container now
2026-09-16 15:44:20,284:INFO:_master_model_container: 8
2026-09-16 15:44:20,285:INFO:_display_container: 2
2026-09-16 15:44:20,285:INFO:QuadraticDiscriminantAnalysis(priors=None, reg_param=0.0,
                              store_covariance=False, tol=0.0001)
2026-09-16 15:44:20,285:INFO:create_model() successfully completed......................................
2026-09-16 15:44:20,367:INFO:SubProcess create_model() end ==================================
2026-09-16 15:44:20,368:INFO:Creating metrics dataframe
2026-09-16 15:44:20,370:INFO:Initializing Ada Boost Classifier
2026-09-16 15:44:20,370:INFO:Total runtime is 0.34343198140462233 minutes
2026-09-16 15:44:20,370:INFO:SubProcess create_model() called ==================================
2026-09-16 15:44:20,370:INFO:Initializing create_model()
2026-09-16 15:44:20,370:INFO:create_model(self=<pycaret.classification.oop.ClassificationExperiment object at 0x000001CFBD82DE90>, estimator=ada, fold=StratifiedKFold(n_splits=10, random_state=None, shuffle=False), round=4, cross_validation=True, predict=True, fit_kwargs={}, groups=None, refit=False, probability_threshold=None, experiment_custom_tags=None, verbose=False, system=False, add_to_model_list=True, metrics=None, display=<pycaret.internal.display.display.CommonDisplay object at 0x000001CFDD46F010>, model_only=True, return_train_score=False, error_score=0.0, kwargs={})
2026-09-16 15:44:20,370:INFO:Checking exceptions
2026-09-16 15:44:20,370:INFO:Importing libraries
2026-09-16 15:44:20,370:INFO:Copying training dataset
2026-09-16 15:44:20,374:INFO:Defining folds
2026-09-16 15:44:20,374:INFO:Declaring metric variables
2026-09-16 15:44:20,374:INFO:Importing untrained model
2026-09-16 15:44:20,374:INFO:Ada Boost Classifier Imported successfully
2026-09-16 15:44:20,374:INFO:Starting cross validation
2026-09-16 15:44:20,375:INFO:Cross validating with StratifiedKFold(n_splits=10, random_state=None, shuffle=False), n_jobs=-1
2026-09-16 15:44:20,397:WARNING:C:\Users\ASUS\Documents\Kuliah\Semester 5\Workshop AI\Bab_3\pycaret_env\Lib\site-packages\sklearn\ensemble\_weight_boosting.py:519: FutureWarning: The SAMME.R algorithm (the default) is deprecated and will be removed in 1.6. Use the SAMME algorithm to circumvent this warning.
  warnings.warn(

2026-09-16 15:44:20,400:WARNING:C:\Users\ASUS\Documents\Kuliah\Semester 5\Workshop AI\Bab_3\pycaret_env\Lib\site-packages\sklearn\ensemble\_weight_boosting.py:519: FutureWarning: The SAMME.R algorithm (the default) is deprecated and will be removed in 1.6. Use the SAMME algorithm to circumvent this warning.
  warnings.warn(

2026-09-16 15:44:20,400:WARNING:C:\Users\ASUS\Documents\Kuliah\Semester 5\Workshop AI\Bab_3\pycaret_env\Lib\site-packages\sklearn\ensemble\_weight_boosting.py:519: FutureWarning: The SAMME.R algorithm (the default) is deprecated and will be removed in 1.6. Use the SAMME algorithm to circumvent this warning.
  warnings.warn(

2026-09-16 15:44:20,400:WARNING:C:\Users\ASUS\Documents\Kuliah\Semester 5\Workshop AI\Bab_3\pycaret_env\Lib\site-packages\sklearn\ensemble\_weight_boosting.py:519: FutureWarning: The SAMME.R algorithm (the default) is deprecated and will be removed in 1.6. Use the SAMME algorithm to circumvent this warning.
  warnings.warn(

2026-09-16 15:44:20,403:WARNING:C:\Users\ASUS\Documents\Kuliah\Semester 5\Workshop AI\Bab_3\pycaret_env\Lib\site-packages\sklearn\ensemble\_weight_boosting.py:519: FutureWarning: The SAMME.R algorithm (the default) is deprecated and will be removed in 1.6. Use the SAMME algorithm to circumvent this warning.
  warnings.warn(

2026-09-16 15:44:20,405:WARNING:C:\Users\ASUS\Documents\Kuliah\Semester 5\Workshop AI\Bab_3\pycaret_env\Lib\site-packages\sklearn\ensemble\_weight_boosting.py:519: FutureWarning: The SAMME.R algorithm (the default) is deprecated and will be removed in 1.6. Use the SAMME algorithm to circumvent this warning.
  warnings.warn(

2026-09-16 15:44:20,407:WARNING:C:\Users\ASUS\Documents\Kuliah\Semester 5\Workshop AI\Bab_3\pycaret_env\Lib\site-packages\sklearn\ensemble\_weight_boosting.py:519: FutureWarning: The SAMME.R algorithm (the default) is deprecated and will be removed in 1.6. Use the SAMME algorithm to circumvent this warning.
  warnings.warn(

2026-09-16 15:44:20,409:WARNING:C:\Users\ASUS\Documents\Kuliah\Semester 5\Workshop AI\Bab_3\pycaret_env\Lib\site-packages\sklearn\ensemble\_weight_boosting.py:519: FutureWarning: The SAMME.R algorithm (the default) is deprecated and will be removed in 1.6. Use the SAMME algorithm to circumvent this warning.
  warnings.warn(

2026-09-16 15:44:20,410:WARNING:C:\Users\ASUS\Documents\Kuliah\Semester 5\Workshop AI\Bab_3\pycaret_env\Lib\site-packages\sklearn\ensemble\_weight_boosting.py:519: FutureWarning: The SAMME.R algorithm (the default) is deprecated and will be removed in 1.6. Use the SAMME algorithm to circumvent this warning.
  warnings.warn(

2026-09-16 15:44:20,410:WARNING:C:\Users\ASUS\Documents\Kuliah\Semester 5\Workshop AI\Bab_3\pycaret_env\Lib\site-packages\sklearn\ensemble\_weight_boosting.py:519: FutureWarning: The SAMME.R algorithm (the default) is deprecated and will be removed in 1.6. Use the SAMME algorithm to circumvent this warning.
  warnings.warn(

2026-09-16 15:44:20,533:WARNING:C:\Users\ASUS\Documents\Kuliah\Semester 5\Workshop AI\Bab_3\pycaret_env\Lib\site-packages\pycaret\internal\metrics.py:204: FitFailedWarning: Metric 'make_scorer(roc_auc_score, response_method=('decision_function', 'predict_proba'), average=weighted, multi_class=ovr)' failed and error score 0.0 has been returned instead. If this is a custom metric, this usually means that the error is in the metric code. Full exception below:
Traceback (most recent call last):
  File "C:\Users\ASUS\Documents\Kuliah\Semester 5\Workshop AI\Bab_3\pycaret_env\Lib\site-packages\pycaret\internal\metrics.py", line 196, in _score
    return super()._score(
           ^^^^^^^^^^^^^^^
  File "C:\Users\ASUS\Documents\Kuliah\Semester 5\Workshop AI\Bab_3\pycaret_env\Lib\site-packages\sklearn\metrics\_scorer.py", line 350, in _score
    return self._sign * self._score_func(y_true, y_pred, **scoring_kwargs)
                        ^^^^^^^^^^^^^^^^^^^^^^^^^^^^^^^^^^^^^^^^^^^^^^^^^^
  File "C:\Users\ASUS\Documents\Kuliah\Semester 5\Workshop AI\Bab_3\pycaret_env\Lib\site-packages\pycaret\internal\metrics.py", line 144, in __call__
    return self.score_func(y_true, y_pred, **kwargs)
           ^^^^^^^^^^^^^^^^^^^^^^^^^^^^^^^^^^^^^^^^^
  File "C:\Users\ASUS\Documents\Kuliah\Semester 5\Workshop AI\Bab_3\pycaret_env\Lib\site-packages\sklearn\utils\_param_validation.py", line 213, in wrapper
    return func(*args, **kwargs)
           ^^^^^^^^^^^^^^^^^^^^^
  File "C:\Users\ASUS\Documents\Kuliah\Semester 5\Workshop AI\Bab_3\pycaret_env\Lib\site-packages\sklearn\metrics\_ranking.py", line 634, in roc_auc_score
    return _multiclass_roc_auc_score(
           ^^^^^^^^^^^^^^^^^^^^^^^^^^
  File "C:\Users\ASUS\Documents\Kuliah\Semester 5\Workshop AI\Bab_3\pycaret_env\Lib\site-packages\sklearn\metrics\_ranking.py", line 707, in _multiclass_roc_auc_score
    raise ValueError(
ValueError: Target scores need to be probabilities for multiclass roc_auc, i.e. they should sum up to 1.0 over classes

  warnings.warn(

2026-09-16 15:44:20,537:WARNING:C:\Users\ASUS\Documents\Kuliah\Semester 5\Workshop AI\Bab_3\pycaret_env\Lib\site-packages\pycaret\internal\metrics.py:204: FitFailedWarning: Metric 'make_scorer(roc_auc_score, response_method=('decision_function', 'predict_proba'), average=weighted, multi_class=ovr)' failed and error score 0.0 has been returned instead. If this is a custom metric, this usually means that the error is in the metric code. Full exception below:
Traceback (most recent call last):
  File "C:\Users\ASUS\Documents\Kuliah\Semester 5\Workshop AI\Bab_3\pycaret_env\Lib\site-packages\pycaret\internal\metrics.py", line 196, in _score
    return super()._score(
           ^^^^^^^^^^^^^^^
  File "C:\Users\ASUS\Documents\Kuliah\Semester 5\Workshop AI\Bab_3\pycaret_env\Lib\site-packages\sklearn\metrics\_scorer.py", line 350, in _score
    return self._sign * self._score_func(y_true, y_pred, **scoring_kwargs)
                        ^^^^^^^^^^^^^^^^^^^^^^^^^^^^^^^^^^^^^^^^^^^^^^^^^^
  File "C:\Users\ASUS\Documents\Kuliah\Semester 5\Workshop AI\Bab_3\pycaret_env\Lib\site-packages\pycaret\internal\metrics.py", line 144, in __call__
    return self.score_func(y_true, y_pred, **kwargs)
           ^^^^^^^^^^^^^^^^^^^^^^^^^^^^^^^^^^^^^^^^^
  File "C:\Users\ASUS\Documents\Kuliah\Semester 5\Workshop AI\Bab_3\pycaret_env\Lib\site-packages\sklearn\utils\_param_validation.py", line 213, in wrapper
    return func(*args, **kwargs)
           ^^^^^^^^^^^^^^^^^^^^^
  File "C:\Users\ASUS\Documents\Kuliah\Semester 5\Workshop AI\Bab_3\pycaret_env\Lib\site-packages\sklearn\metrics\_ranking.py", line 634, in roc_auc_score
    return _multiclass_roc_auc_score(
           ^^^^^^^^^^^^^^^^^^^^^^^^^^
  File "C:\Users\ASUS\Documents\Kuliah\Semester 5\Workshop AI\Bab_3\pycaret_env\Lib\site-packages\sklearn\metrics\_ranking.py", line 707, in _multiclass_roc_auc_score
    raise ValueError(
ValueError: Target scores need to be probabilities for multiclass roc_auc, i.e. they should sum up to 1.0 over classes

  warnings.warn(

2026-09-16 15:44:20,537:WARNING:C:\Users\ASUS\Documents\Kuliah\Semester 5\Workshop AI\Bab_3\pycaret_env\Lib\site-packages\pycaret\internal\metrics.py:204: FitFailedWarning: Metric 'make_scorer(roc_auc_score, response_method=('decision_function', 'predict_proba'), average=weighted, multi_class=ovr)' failed and error score 0.0 has been returned instead. If this is a custom metric, this usually means that the error is in the metric code. Full exception below:
Traceback (most recent call last):
  File "C:\Users\ASUS\Documents\Kuliah\Semester 5\Workshop AI\Bab_3\pycaret_env\Lib\site-packages\pycaret\internal\metrics.py", line 196, in _score
    return super()._score(
           ^^^^^^^^^^^^^^^
  File "C:\Users\ASUS\Documents\Kuliah\Semester 5\Workshop AI\Bab_3\pycaret_env\Lib\site-packages\sklearn\metrics\_scorer.py", line 350, in _score
    return self._sign * self._score_func(y_true, y_pred, **scoring_kwargs)
                        ^^^^^^^^^^^^^^^^^^^^^^^^^^^^^^^^^^^^^^^^^^^^^^^^^^
  File "C:\Users\ASUS\Documents\Kuliah\Semester 5\Workshop AI\Bab_3\pycaret_env\Lib\site-packages\pycaret\internal\metrics.py", line 144, in __call__
    return self.score_func(y_true, y_pred, **kwargs)
           ^^^^^^^^^^^^^^^^^^^^^^^^^^^^^^^^^^^^^^^^^
  File "C:\Users\ASUS\Documents\Kuliah\Semester 5\Workshop AI\Bab_3\pycaret_env\Lib\site-packages\sklearn\utils\_param_validation.py", line 213, in wrapper
    return func(*args, **kwargs)
           ^^^^^^^^^^^^^^^^^^^^^
  File "C:\Users\ASUS\Documents\Kuliah\Semester 5\Workshop AI\Bab_3\pycaret_env\Lib\site-packages\sklearn\metrics\_ranking.py", line 634, in roc_auc_score
    return _multiclass_roc_auc_score(
           ^^^^^^^^^^^^^^^^^^^^^^^^^^
  File "C:\Users\ASUS\Documents\Kuliah\Semester 5\Workshop AI\Bab_3\pycaret_env\Lib\site-packages\sklearn\metrics\_ranking.py", line 707, in _multiclass_roc_auc_score
    raise ValueError(
ValueError: Target scores need to be probabilities for multiclass roc_auc, i.e. they should sum up to 1.0 over classes

  warnings.warn(

2026-09-16 15:44:20,540:WARNING:C:\Users\ASUS\Documents\Kuliah\Semester 5\Workshop AI\Bab_3\pycaret_env\Lib\site-packages\pycaret\internal\metrics.py:204: FitFailedWarning: Metric 'make_scorer(roc_auc_score, response_method=('decision_function', 'predict_proba'), average=weighted, multi_class=ovr)' failed and error score 0.0 has been returned instead. If this is a custom metric, this usually means that the error is in the metric code. Full exception below:
Traceback (most recent call last):
  File "C:\Users\ASUS\Documents\Kuliah\Semester 5\Workshop AI\Bab_3\pycaret_env\Lib\site-packages\pycaret\internal\metrics.py", line 196, in _score
    return super()._score(
           ^^^^^^^^^^^^^^^
  File "C:\Users\ASUS\Documents\Kuliah\Semester 5\Workshop AI\Bab_3\pycaret_env\Lib\site-packages\sklearn\metrics\_scorer.py", line 350, in _score
    return self._sign * self._score_func(y_true, y_pred, **scoring_kwargs)
                        ^^^^^^^^^^^^^^^^^^^^^^^^^^^^^^^^^^^^^^^^^^^^^^^^^^
  File "C:\Users\ASUS\Documents\Kuliah\Semester 5\Workshop AI\Bab_3\pycaret_env\Lib\site-packages\pycaret\internal\metrics.py", line 144, in __call__
    return self.score_func(y_true, y_pred, **kwargs)
           ^^^^^^^^^^^^^^^^^^^^^^^^^^^^^^^^^^^^^^^^^
  File "C:\Users\ASUS\Documents\Kuliah\Semester 5\Workshop AI\Bab_3\pycaret_env\Lib\site-packages\sklearn\utils\_param_validation.py", line 213, in wrapper
    return func(*args, **kwargs)
           ^^^^^^^^^^^^^^^^^^^^^
  File "C:\Users\ASUS\Documents\Kuliah\Semester 5\Workshop AI\Bab_3\pycaret_env\Lib\site-packages\sklearn\metrics\_ranking.py", line 634, in roc_auc_score
    return _multiclass_roc_auc_score(
           ^^^^^^^^^^^^^^^^^^^^^^^^^^
  File "C:\Users\ASUS\Documents\Kuliah\Semester 5\Workshop AI\Bab_3\pycaret_env\Lib\site-packages\sklearn\metrics\_ranking.py", line 707, in _multiclass_roc_auc_score
    raise ValueError(
ValueError: Target scores need to be probabilities for multiclass roc_auc, i.e. they should sum up to 1.0 over classes

  warnings.warn(

2026-09-16 15:44:20,540:WARNING:C:\Users\ASUS\Documents\Kuliah\Semester 5\Workshop AI\Bab_3\pycaret_env\Lib\site-packages\pycaret\internal\metrics.py:204: FitFailedWarning: Metric 'make_scorer(roc_auc_score, response_method=('decision_function', 'predict_proba'), average=weighted, multi_class=ovr)' failed and error score 0.0 has been returned instead. If this is a custom metric, this usually means that the error is in the metric code. Full exception below:
Traceback (most recent call last):
  File "C:\Users\ASUS\Documents\Kuliah\Semester 5\Workshop AI\Bab_3\pycaret_env\Lib\site-packages\pycaret\internal\metrics.py", line 196, in _score
    return super()._score(
           ^^^^^^^^^^^^^^^
  File "C:\Users\ASUS\Documents\Kuliah\Semester 5\Workshop AI\Bab_3\pycaret_env\Lib\site-packages\sklearn\metrics\_scorer.py", line 350, in _score
    return self._sign * self._score_func(y_true, y_pred, **scoring_kwargs)
                        ^^^^^^^^^^^^^^^^^^^^^^^^^^^^^^^^^^^^^^^^^^^^^^^^^^
  File "C:\Users\ASUS\Documents\Kuliah\Semester 5\Workshop AI\Bab_3\pycaret_env\Lib\site-packages\pycaret\internal\metrics.py", line 144, in __call__
    return self.score_func(y_true, y_pred, **kwargs)
           ^^^^^^^^^^^^^^^^^^^^^^^^^^^^^^^^^^^^^^^^^
  File "C:\Users\ASUS\Documents\Kuliah\Semester 5\Workshop AI\Bab_3\pycaret_env\Lib\site-packages\sklearn\utils\_param_validation.py", line 213, in wrapper
    return func(*args, **kwargs)
           ^^^^^^^^^^^^^^^^^^^^^
  File "C:\Users\ASUS\Documents\Kuliah\Semester 5\Workshop AI\Bab_3\pycaret_env\Lib\site-packages\sklearn\metrics\_ranking.py", line 634, in roc_auc_score
    return _multiclass_roc_auc_score(
           ^^^^^^^^^^^^^^^^^^^^^^^^^^
  File "C:\Users\ASUS\Documents\Kuliah\Semester 5\Workshop AI\Bab_3\pycaret_env\Lib\site-packages\sklearn\metrics\_ranking.py", line 707, in _multiclass_roc_auc_score
    raise ValueError(
ValueError: Target scores need to be probabilities for multiclass roc_auc, i.e. they should sum up to 1.0 over classes

  warnings.warn(

2026-09-16 15:44:20,543:WARNING:C:\Users\ASUS\Documents\Kuliah\Semester 5\Workshop AI\Bab_3\pycaret_env\Lib\site-packages\pycaret\internal\metrics.py:204: FitFailedWarning: Metric 'make_scorer(roc_auc_score, response_method=('decision_function', 'predict_proba'), average=weighted, multi_class=ovr)' failed and error score 0.0 has been returned instead. If this is a custom metric, this usually means that the error is in the metric code. Full exception below:
Traceback (most recent call last):
  File "C:\Users\ASUS\Documents\Kuliah\Semester 5\Workshop AI\Bab_3\pycaret_env\Lib\site-packages\pycaret\internal\metrics.py", line 196, in _score
    return super()._score(
           ^^^^^^^^^^^^^^^
  File "C:\Users\ASUS\Documents\Kuliah\Semester 5\Workshop AI\Bab_3\pycaret_env\Lib\site-packages\sklearn\metrics\_scorer.py", line 350, in _score
    return self._sign * self._score_func(y_true, y_pred, **scoring_kwargs)
                        ^^^^^^^^^^^^^^^^^^^^^^^^^^^^^^^^^^^^^^^^^^^^^^^^^^
  File "C:\Users\ASUS\Documents\Kuliah\Semester 5\Workshop AI\Bab_3\pycaret_env\Lib\site-packages\pycaret\internal\metrics.py", line 144, in __call__
    return self.score_func(y_true, y_pred, **kwargs)
           ^^^^^^^^^^^^^^^^^^^^^^^^^^^^^^^^^^^^^^^^^
  File "C:\Users\ASUS\Documents\Kuliah\Semester 5\Workshop AI\Bab_3\pycaret_env\Lib\site-packages\sklearn\utils\_param_validation.py", line 213, in wrapper
    return func(*args, **kwargs)
           ^^^^^^^^^^^^^^^^^^^^^
  File "C:\Users\ASUS\Documents\Kuliah\Semester 5\Workshop AI\Bab_3\pycaret_env\Lib\site-packages\sklearn\metrics\_ranking.py", line 634, in roc_auc_score
    return _multiclass_roc_auc_score(
           ^^^^^^^^^^^^^^^^^^^^^^^^^^
  File "C:\Users\ASUS\Documents\Kuliah\Semester 5\Workshop AI\Bab_3\pycaret_env\Lib\site-packages\sklearn\metrics\_ranking.py", line 707, in _multiclass_roc_auc_score
    raise ValueError(
ValueError: Target scores need to be probabilities for multiclass roc_auc, i.e. they should sum up to 1.0 over classes

  warnings.warn(

2026-09-16 15:44:20,545:WARNING:C:\Users\ASUS\Documents\Kuliah\Semester 5\Workshop AI\Bab_3\pycaret_env\Lib\site-packages\pycaret\internal\metrics.py:204: FitFailedWarning: Metric 'make_scorer(roc_auc_score, response_method=('decision_function', 'predict_proba'), average=weighted, multi_class=ovr)' failed and error score 0.0 has been returned instead. If this is a custom metric, this usually means that the error is in the metric code. Full exception below:
Traceback (most recent call last):
  File "C:\Users\ASUS\Documents\Kuliah\Semester 5\Workshop AI\Bab_3\pycaret_env\Lib\site-packages\pycaret\internal\metrics.py", line 196, in _score
    return super()._score(
           ^^^^^^^^^^^^^^^
  File "C:\Users\ASUS\Documents\Kuliah\Semester 5\Workshop AI\Bab_3\pycaret_env\Lib\site-packages\sklearn\metrics\_scorer.py", line 350, in _score
    return self._sign * self._score_func(y_true, y_pred, **scoring_kwargs)
                        ^^^^^^^^^^^^^^^^^^^^^^^^^^^^^^^^^^^^^^^^^^^^^^^^^^
  File "C:\Users\ASUS\Documents\Kuliah\Semester 5\Workshop AI\Bab_3\pycaret_env\Lib\site-packages\pycaret\internal\metrics.py", line 144, in __call__
    return self.score_func(y_true, y_pred, **kwargs)
           ^^^^^^^^^^^^^^^^^^^^^^^^^^^^^^^^^^^^^^^^^
  File "C:\Users\ASUS\Documents\Kuliah\Semester 5\Workshop AI\Bab_3\pycaret_env\Lib\site-packages\sklearn\utils\_param_validation.py", line 213, in wrapper
    return func(*args, **kwargs)
           ^^^^^^^^^^^^^^^^^^^^^
  File "C:\Users\ASUS\Documents\Kuliah\Semester 5\Workshop AI\Bab_3\pycaret_env\Lib\site-packages\sklearn\metrics\_ranking.py", line 634, in roc_auc_score
    return _multiclass_roc_auc_score(
           ^^^^^^^^^^^^^^^^^^^^^^^^^^
  File "C:\Users\ASUS\Documents\Kuliah\Semester 5\Workshop AI\Bab_3\pycaret_env\Lib\site-packages\sklearn\metrics\_ranking.py", line 707, in _multiclass_roc_auc_score
    raise ValueError(
ValueError: Target scores need to be probabilities for multiclass roc_auc, i.e. they should sum up to 1.0 over classes

  warnings.warn(

2026-09-16 15:44:20,546:WARNING:C:\Users\ASUS\Documents\Kuliah\Semester 5\Workshop AI\Bab_3\pycaret_env\Lib\site-packages\pycaret\internal\metrics.py:204: FitFailedWarning: Metric 'make_scorer(roc_auc_score, response_method=('decision_function', 'predict_proba'), average=weighted, multi_class=ovr)' failed and error score 0.0 has been returned instead. If this is a custom metric, this usually means that the error is in the metric code. Full exception below:
Traceback (most recent call last):
  File "C:\Users\ASUS\Documents\Kuliah\Semester 5\Workshop AI\Bab_3\pycaret_env\Lib\site-packages\pycaret\internal\metrics.py", line 196, in _score
    return super()._score(
           ^^^^^^^^^^^^^^^
  File "C:\Users\ASUS\Documents\Kuliah\Semester 5\Workshop AI\Bab_3\pycaret_env\Lib\site-packages\sklearn\metrics\_scorer.py", line 350, in _score
    return self._sign * self._score_func(y_true, y_pred, **scoring_kwargs)
                        ^^^^^^^^^^^^^^^^^^^^^^^^^^^^^^^^^^^^^^^^^^^^^^^^^^
  File "C:\Users\ASUS\Documents\Kuliah\Semester 5\Workshop AI\Bab_3\pycaret_env\Lib\site-packages\pycaret\internal\metrics.py", line 144, in __call__
    return self.score_func(y_true, y_pred, **kwargs)
           ^^^^^^^^^^^^^^^^^^^^^^^^^^^^^^^^^^^^^^^^^
  File "C:\Users\ASUS\Documents\Kuliah\Semester 5\Workshop AI\Bab_3\pycaret_env\Lib\site-packages\sklearn\utils\_param_validation.py", line 213, in wrapper
    return func(*args, **kwargs)
           ^^^^^^^^^^^^^^^^^^^^^
  File "C:\Users\ASUS\Documents\Kuliah\Semester 5\Workshop AI\Bab_3\pycaret_env\Lib\site-packages\sklearn\metrics\_ranking.py", line 634, in roc_auc_score
    return _multiclass_roc_auc_score(
           ^^^^^^^^^^^^^^^^^^^^^^^^^^
  File "C:\Users\ASUS\Documents\Kuliah\Semester 5\Workshop AI\Bab_3\pycaret_env\Lib\site-packages\sklearn\metrics\_ranking.py", line 707, in _multiclass_roc_auc_score
    raise ValueError(
ValueError: Target scores need to be probabilities for multiclass roc_auc, i.e. they should sum up to 1.0 over classes

  warnings.warn(

2026-09-16 15:44:20,554:WARNING:C:\Users\ASUS\Documents\Kuliah\Semester 5\Workshop AI\Bab_3\pycaret_env\Lib\site-packages\pycaret\internal\metrics.py:204: FitFailedWarning: Metric 'make_scorer(roc_auc_score, response_method=('decision_function', 'predict_proba'), average=weighted, multi_class=ovr)' failed and error score 0.0 has been returned instead. If this is a custom metric, this usually means that the error is in the metric code. Full exception below:
Traceback (most recent call last):
  File "C:\Users\ASUS\Documents\Kuliah\Semester 5\Workshop AI\Bab_3\pycaret_env\Lib\site-packages\pycaret\internal\metrics.py", line 196, in _score
    return super()._score(
           ^^^^^^^^^^^^^^^
  File "C:\Users\ASUS\Documents\Kuliah\Semester 5\Workshop AI\Bab_3\pycaret_env\Lib\site-packages\sklearn\metrics\_scorer.py", line 350, in _score
    return self._sign * self._score_func(y_true, y_pred, **scoring_kwargs)
                        ^^^^^^^^^^^^^^^^^^^^^^^^^^^^^^^^^^^^^^^^^^^^^^^^^^
  File "C:\Users\ASUS\Documents\Kuliah\Semester 5\Workshop AI\Bab_3\pycaret_env\Lib\site-packages\pycaret\internal\metrics.py", line 144, in __call__
    return self.score_func(y_true, y_pred, **kwargs)
           ^^^^^^^^^^^^^^^^^^^^^^^^^^^^^^^^^^^^^^^^^
  File "C:\Users\ASUS\Documents\Kuliah\Semester 5\Workshop AI\Bab_3\pycaret_env\Lib\site-packages\sklearn\utils\_param_validation.py", line 213, in wrapper
    return func(*args, **kwargs)
           ^^^^^^^^^^^^^^^^^^^^^
  File "C:\Users\ASUS\Documents\Kuliah\Semester 5\Workshop AI\Bab_3\pycaret_env\Lib\site-packages\sklearn\metrics\_ranking.py", line 634, in roc_auc_score
    return _multiclass_roc_auc_score(
           ^^^^^^^^^^^^^^^^^^^^^^^^^^
  File "C:\Users\ASUS\Documents\Kuliah\Semester 5\Workshop AI\Bab_3\pycaret_env\Lib\site-packages\sklearn\metrics\_ranking.py", line 707, in _multiclass_roc_auc_score
    raise ValueError(
ValueError: Target scores need to be probabilities for multiclass roc_auc, i.e. they should sum up to 1.0 over classes

  warnings.warn(

2026-09-16 15:44:20,555:WARNING:C:\Users\ASUS\Documents\Kuliah\Semester 5\Workshop AI\Bab_3\pycaret_env\Lib\site-packages\pycaret\internal\metrics.py:204: FitFailedWarning: Metric 'make_scorer(roc_auc_score, response_method=('decision_function', 'predict_proba'), average=weighted, multi_class=ovr)' failed and error score 0.0 has been returned instead. If this is a custom metric, this usually means that the error is in the metric code. Full exception below:
Traceback (most recent call last):
  File "C:\Users\ASUS\Documents\Kuliah\Semester 5\Workshop AI\Bab_3\pycaret_env\Lib\site-packages\pycaret\internal\metrics.py", line 196, in _score
    return super()._score(
           ^^^^^^^^^^^^^^^
  File "C:\Users\ASUS\Documents\Kuliah\Semester 5\Workshop AI\Bab_3\pycaret_env\Lib\site-packages\sklearn\metrics\_scorer.py", line 350, in _score
    return self._sign * self._score_func(y_true, y_pred, **scoring_kwargs)
                        ^^^^^^^^^^^^^^^^^^^^^^^^^^^^^^^^^^^^^^^^^^^^^^^^^^
  File "C:\Users\ASUS\Documents\Kuliah\Semester 5\Workshop AI\Bab_3\pycaret_env\Lib\site-packages\pycaret\internal\metrics.py", line 144, in __call__
    return self.score_func(y_true, y_pred, **kwargs)
           ^^^^^^^^^^^^^^^^^^^^^^^^^^^^^^^^^^^^^^^^^
  File "C:\Users\ASUS\Documents\Kuliah\Semester 5\Workshop AI\Bab_3\pycaret_env\Lib\site-packages\sklearn\utils\_param_validation.py", line 213, in wrapper
    return func(*args, **kwargs)
           ^^^^^^^^^^^^^^^^^^^^^
  File "C:\Users\ASUS\Documents\Kuliah\Semester 5\Workshop AI\Bab_3\pycaret_env\Lib\site-packages\sklearn\metrics\_ranking.py", line 634, in roc_auc_score
    return _multiclass_roc_auc_score(
           ^^^^^^^^^^^^^^^^^^^^^^^^^^
  File "C:\Users\ASUS\Documents\Kuliah\Semester 5\Workshop AI\Bab_3\pycaret_env\Lib\site-packages\sklearn\metrics\_ranking.py", line 707, in _multiclass_roc_auc_score
    raise ValueError(
ValueError: Target scores need to be probabilities for multiclass roc_auc, i.e. they should sum up to 1.0 over classes

  warnings.warn(

2026-09-16 15:44:20,569:INFO:Calculating mean and std
2026-09-16 15:44:20,569:INFO:Creating metrics dataframe
2026-09-16 15:44:20,572:INFO:Uploading results into container
2026-09-16 15:44:20,572:INFO:Uploading model into container now
2026-09-16 15:44:20,573:INFO:_master_model_container: 9
2026-09-16 15:44:20,573:INFO:_display_container: 2
2026-09-16 15:44:20,573:INFO:AdaBoostClassifier(algorithm='SAMME.R', estimator=None, learning_rate=1.0,
                   n_estimators=50, random_state=5956)
2026-09-16 15:44:20,573:INFO:create_model() successfully completed......................................
2026-09-16 15:44:20,656:INFO:SubProcess create_model() end ==================================
2026-09-16 15:44:20,656:INFO:Creating metrics dataframe
2026-09-16 15:44:20,660:INFO:Initializing Gradient Boosting Classifier
2026-09-16 15:44:20,660:INFO:Total runtime is 0.3482648293177286 minutes
2026-09-16 15:44:20,660:INFO:SubProcess create_model() called ==================================
2026-09-16 15:44:20,660:INFO:Initializing create_model()
2026-09-16 15:44:20,660:INFO:create_model(self=<pycaret.classification.oop.ClassificationExperiment object at 0x000001CFBD82DE90>, estimator=gbc, fold=StratifiedKFold(n_splits=10, random_state=None, shuffle=False), round=4, cross_validation=True, predict=True, fit_kwargs={}, groups=None, refit=False, probability_threshold=None, experiment_custom_tags=None, verbose=False, system=False, add_to_model_list=True, metrics=None, display=<pycaret.internal.display.display.CommonDisplay object at 0x000001CFDD46F010>, model_only=True, return_train_score=False, error_score=0.0, kwargs={})
2026-09-16 15:44:20,660:INFO:Checking exceptions
2026-09-16 15:44:20,660:INFO:Importing libraries
2026-09-16 15:44:20,660:INFO:Copying training dataset
2026-09-16 15:44:20,663:INFO:Defining folds
2026-09-16 15:44:20,664:INFO:Declaring metric variables
2026-09-16 15:44:20,664:INFO:Importing untrained model
2026-09-16 15:44:20,664:INFO:Gradient Boosting Classifier Imported successfully
2026-09-16 15:44:20,664:INFO:Starting cross validation
2026-09-16 15:44:20,665:INFO:Cross validating with StratifiedKFold(n_splits=10, random_state=None, shuffle=False), n_jobs=-1
2026-09-16 15:44:21,168:WARNING:C:\Users\ASUS\Documents\Kuliah\Semester 5\Workshop AI\Bab_3\pycaret_env\Lib\site-packages\pycaret\internal\metrics.py:204: FitFailedWarning: Metric 'make_scorer(roc_auc_score, response_method=('decision_function', 'predict_proba'), average=weighted, multi_class=ovr)' failed and error score 0.0 has been returned instead. If this is a custom metric, this usually means that the error is in the metric code. Full exception below:
Traceback (most recent call last):
  File "C:\Users\ASUS\Documents\Kuliah\Semester 5\Workshop AI\Bab_3\pycaret_env\Lib\site-packages\pycaret\internal\metrics.py", line 196, in _score
    return super()._score(
           ^^^^^^^^^^^^^^^
  File "C:\Users\ASUS\Documents\Kuliah\Semester 5\Workshop AI\Bab_3\pycaret_env\Lib\site-packages\sklearn\metrics\_scorer.py", line 350, in _score
    return self._sign * self._score_func(y_true, y_pred, **scoring_kwargs)
                        ^^^^^^^^^^^^^^^^^^^^^^^^^^^^^^^^^^^^^^^^^^^^^^^^^^
  File "C:\Users\ASUS\Documents\Kuliah\Semester 5\Workshop AI\Bab_3\pycaret_env\Lib\site-packages\pycaret\internal\metrics.py", line 144, in __call__
    return self.score_func(y_true, y_pred, **kwargs)
           ^^^^^^^^^^^^^^^^^^^^^^^^^^^^^^^^^^^^^^^^^
  File "C:\Users\ASUS\Documents\Kuliah\Semester 5\Workshop AI\Bab_3\pycaret_env\Lib\site-packages\sklearn\utils\_param_validation.py", line 213, in wrapper
    return func(*args, **kwargs)
           ^^^^^^^^^^^^^^^^^^^^^
  File "C:\Users\ASUS\Documents\Kuliah\Semester 5\Workshop AI\Bab_3\pycaret_env\Lib\site-packages\sklearn\metrics\_ranking.py", line 634, in roc_auc_score
    return _multiclass_roc_auc_score(
           ^^^^^^^^^^^^^^^^^^^^^^^^^^
  File "C:\Users\ASUS\Documents\Kuliah\Semester 5\Workshop AI\Bab_3\pycaret_env\Lib\site-packages\sklearn\metrics\_ranking.py", line 707, in _multiclass_roc_auc_score
    raise ValueError(
ValueError: Target scores need to be probabilities for multiclass roc_auc, i.e. they should sum up to 1.0 over classes

  warnings.warn(

2026-09-16 15:44:21,177:WARNING:C:\Users\ASUS\Documents\Kuliah\Semester 5\Workshop AI\Bab_3\pycaret_env\Lib\site-packages\pycaret\internal\metrics.py:204: FitFailedWarning: Metric 'make_scorer(roc_auc_score, response_method=('decision_function', 'predict_proba'), average=weighted, multi_class=ovr)' failed and error score 0.0 has been returned instead. If this is a custom metric, this usually means that the error is in the metric code. Full exception below:
Traceback (most recent call last):
  File "C:\Users\ASUS\Documents\Kuliah\Semester 5\Workshop AI\Bab_3\pycaret_env\Lib\site-packages\pycaret\internal\metrics.py", line 196, in _score
    return super()._score(
           ^^^^^^^^^^^^^^^
  File "C:\Users\ASUS\Documents\Kuliah\Semester 5\Workshop AI\Bab_3\pycaret_env\Lib\site-packages\sklearn\metrics\_scorer.py", line 350, in _score
    return self._sign * self._score_func(y_true, y_pred, **scoring_kwargs)
                        ^^^^^^^^^^^^^^^^^^^^^^^^^^^^^^^^^^^^^^^^^^^^^^^^^^
  File "C:\Users\ASUS\Documents\Kuliah\Semester 5\Workshop AI\Bab_3\pycaret_env\Lib\site-packages\pycaret\internal\metrics.py", line 144, in __call__
    return self.score_func(y_true, y_pred, **kwargs)
           ^^^^^^^^^^^^^^^^^^^^^^^^^^^^^^^^^^^^^^^^^
  File "C:\Users\ASUS\Documents\Kuliah\Semester 5\Workshop AI\Bab_3\pycaret_env\Lib\site-packages\sklearn\utils\_param_validation.py", line 213, in wrapper
    return func(*args, **kwargs)
           ^^^^^^^^^^^^^^^^^^^^^
  File "C:\Users\ASUS\Documents\Kuliah\Semester 5\Workshop AI\Bab_3\pycaret_env\Lib\site-packages\sklearn\metrics\_ranking.py", line 634, in roc_auc_score
    return _multiclass_roc_auc_score(
           ^^^^^^^^^^^^^^^^^^^^^^^^^^
  File "C:\Users\ASUS\Documents\Kuliah\Semester 5\Workshop AI\Bab_3\pycaret_env\Lib\site-packages\sklearn\metrics\_ranking.py", line 707, in _multiclass_roc_auc_score
    raise ValueError(
ValueError: Target scores need to be probabilities for multiclass roc_auc, i.e. they should sum up to 1.0 over classes

  warnings.warn(

2026-09-16 15:44:21,187:WARNING:C:\Users\ASUS\Documents\Kuliah\Semester 5\Workshop AI\Bab_3\pycaret_env\Lib\site-packages\pycaret\internal\metrics.py:204: FitFailedWarning: Metric 'make_scorer(roc_auc_score, response_method=('decision_function', 'predict_proba'), average=weighted, multi_class=ovr)' failed and error score 0.0 has been returned instead. If this is a custom metric, this usually means that the error is in the metric code. Full exception below:
Traceback (most recent call last):
  File "C:\Users\ASUS\Documents\Kuliah\Semester 5\Workshop AI\Bab_3\pycaret_env\Lib\site-packages\pycaret\internal\metrics.py", line 196, in _score
    return super()._score(
           ^^^^^^^^^^^^^^^
  File "C:\Users\ASUS\Documents\Kuliah\Semester 5\Workshop AI\Bab_3\pycaret_env\Lib\site-packages\sklearn\metrics\_scorer.py", line 350, in _score
    return self._sign * self._score_func(y_true, y_pred, **scoring_kwargs)
                        ^^^^^^^^^^^^^^^^^^^^^^^^^^^^^^^^^^^^^^^^^^^^^^^^^^
  File "C:\Users\ASUS\Documents\Kuliah\Semester 5\Workshop AI\Bab_3\pycaret_env\Lib\site-packages\pycaret\internal\metrics.py", line 144, in __call__
    return self.score_func(y_true, y_pred, **kwargs)
           ^^^^^^^^^^^^^^^^^^^^^^^^^^^^^^^^^^^^^^^^^
  File "C:\Users\ASUS\Documents\Kuliah\Semester 5\Workshop AI\Bab_3\pycaret_env\Lib\site-packages\sklearn\utils\_param_validation.py", line 213, in wrapper
    return func(*args, **kwargs)
           ^^^^^^^^^^^^^^^^^^^^^
  File "C:\Users\ASUS\Documents\Kuliah\Semester 5\Workshop AI\Bab_3\pycaret_env\Lib\site-packages\sklearn\metrics\_ranking.py", line 634, in roc_auc_score
    return _multiclass_roc_auc_score(
           ^^^^^^^^^^^^^^^^^^^^^^^^^^
  File "C:\Users\ASUS\Documents\Kuliah\Semester 5\Workshop AI\Bab_3\pycaret_env\Lib\site-packages\sklearn\metrics\_ranking.py", line 707, in _multiclass_roc_auc_score
    raise ValueError(
ValueError: Target scores need to be probabilities for multiclass roc_auc, i.e. they should sum up to 1.0 over classes

  warnings.warn(

2026-09-16 15:44:21,187:WARNING:C:\Users\ASUS\Documents\Kuliah\Semester 5\Workshop AI\Bab_3\pycaret_env\Lib\site-packages\pycaret\internal\metrics.py:204: FitFailedWarning: Metric 'make_scorer(roc_auc_score, response_method=('decision_function', 'predict_proba'), average=weighted, multi_class=ovr)' failed and error score 0.0 has been returned instead. If this is a custom metric, this usually means that the error is in the metric code. Full exception below:
Traceback (most recent call last):
  File "C:\Users\ASUS\Documents\Kuliah\Semester 5\Workshop AI\Bab_3\pycaret_env\Lib\site-packages\pycaret\internal\metrics.py", line 196, in _score
    return super()._score(
           ^^^^^^^^^^^^^^^
  File "C:\Users\ASUS\Documents\Kuliah\Semester 5\Workshop AI\Bab_3\pycaret_env\Lib\site-packages\sklearn\metrics\_scorer.py", line 350, in _score
    return self._sign * self._score_func(y_true, y_pred, **scoring_kwargs)
                        ^^^^^^^^^^^^^^^^^^^^^^^^^^^^^^^^^^^^^^^^^^^^^^^^^^
  File "C:\Users\ASUS\Documents\Kuliah\Semester 5\Workshop AI\Bab_3\pycaret_env\Lib\site-packages\pycaret\internal\metrics.py", line 144, in __call__
    return self.score_func(y_true, y_pred, **kwargs)
           ^^^^^^^^^^^^^^^^^^^^^^^^^^^^^^^^^^^^^^^^^
  File "C:\Users\ASUS\Documents\Kuliah\Semester 5\Workshop AI\Bab_3\pycaret_env\Lib\site-packages\sklearn\utils\_param_validation.py", line 213, in wrapper
    return func(*args, **kwargs)
           ^^^^^^^^^^^^^^^^^^^^^
  File "C:\Users\ASUS\Documents\Kuliah\Semester 5\Workshop AI\Bab_3\pycaret_env\Lib\site-packages\sklearn\metrics\_ranking.py", line 634, in roc_auc_score
    return _multiclass_roc_auc_score(
           ^^^^^^^^^^^^^^^^^^^^^^^^^^
  File "C:\Users\ASUS\Documents\Kuliah\Semester 5\Workshop AI\Bab_3\pycaret_env\Lib\site-packages\sklearn\metrics\_ranking.py", line 707, in _multiclass_roc_auc_score
    raise ValueError(
ValueError: Target scores need to be probabilities for multiclass roc_auc, i.e. they should sum up to 1.0 over classes

  warnings.warn(

2026-09-16 15:44:21,189:WARNING:C:\Users\ASUS\Documents\Kuliah\Semester 5\Workshop AI\Bab_3\pycaret_env\Lib\site-packages\pycaret\internal\metrics.py:204: FitFailedWarning: Metric 'make_scorer(roc_auc_score, response_method=('decision_function', 'predict_proba'), average=weighted, multi_class=ovr)' failed and error score 0.0 has been returned instead. If this is a custom metric, this usually means that the error is in the metric code. Full exception below:
Traceback (most recent call last):
  File "C:\Users\ASUS\Documents\Kuliah\Semester 5\Workshop AI\Bab_3\pycaret_env\Lib\site-packages\pycaret\internal\metrics.py", line 196, in _score
    return super()._score(
           ^^^^^^^^^^^^^^^
  File "C:\Users\ASUS\Documents\Kuliah\Semester 5\Workshop AI\Bab_3\pycaret_env\Lib\site-packages\sklearn\metrics\_scorer.py", line 350, in _score
    return self._sign * self._score_func(y_true, y_pred, **scoring_kwargs)
                        ^^^^^^^^^^^^^^^^^^^^^^^^^^^^^^^^^^^^^^^^^^^^^^^^^^
  File "C:\Users\ASUS\Documents\Kuliah\Semester 5\Workshop AI\Bab_3\pycaret_env\Lib\site-packages\pycaret\internal\metrics.py", line 144, in __call__
    return self.score_func(y_true, y_pred, **kwargs)
           ^^^^^^^^^^^^^^^^^^^^^^^^^^^^^^^^^^^^^^^^^
  File "C:\Users\ASUS\Documents\Kuliah\Semester 5\Workshop AI\Bab_3\pycaret_env\Lib\site-packages\sklearn\utils\_param_validation.py", line 213, in wrapper
    return func(*args, **kwargs)
           ^^^^^^^^^^^^^^^^^^^^^
  File "C:\Users\ASUS\Documents\Kuliah\Semester 5\Workshop AI\Bab_3\pycaret_env\Lib\site-packages\sklearn\metrics\_ranking.py", line 634, in roc_auc_score
    return _multiclass_roc_auc_score(
           ^^^^^^^^^^^^^^^^^^^^^^^^^^
  File "C:\Users\ASUS\Documents\Kuliah\Semester 5\Workshop AI\Bab_3\pycaret_env\Lib\site-packages\sklearn\metrics\_ranking.py", line 707, in _multiclass_roc_auc_score
    raise ValueError(
ValueError: Target scores need to be probabilities for multiclass roc_auc, i.e. they should sum up to 1.0 over classes

  warnings.warn(

2026-09-16 15:44:21,192:WARNING:C:\Users\ASUS\Documents\Kuliah\Semester 5\Workshop AI\Bab_3\pycaret_env\Lib\site-packages\pycaret\internal\metrics.py:204: FitFailedWarning: Metric 'make_scorer(roc_auc_score, response_method=('decision_function', 'predict_proba'), average=weighted, multi_class=ovr)' failed and error score 0.0 has been returned instead. If this is a custom metric, this usually means that the error is in the metric code. Full exception below:
Traceback (most recent call last):
  File "C:\Users\ASUS\Documents\Kuliah\Semester 5\Workshop AI\Bab_3\pycaret_env\Lib\site-packages\pycaret\internal\metrics.py", line 196, in _score
    return super()._score(
           ^^^^^^^^^^^^^^^
  File "C:\Users\ASUS\Documents\Kuliah\Semester 5\Workshop AI\Bab_3\pycaret_env\Lib\site-packages\sklearn\metrics\_scorer.py", line 350, in _score
    return self._sign * self._score_func(y_true, y_pred, **scoring_kwargs)
                        ^^^^^^^^^^^^^^^^^^^^^^^^^^^^^^^^^^^^^^^^^^^^^^^^^^
  File "C:\Users\ASUS\Documents\Kuliah\Semester 5\Workshop AI\Bab_3\pycaret_env\Lib\site-packages\pycaret\internal\metrics.py", line 144, in __call__
    return self.score_func(y_true, y_pred, **kwargs)
           ^^^^^^^^^^^^^^^^^^^^^^^^^^^^^^^^^^^^^^^^^
  File "C:\Users\ASUS\Documents\Kuliah\Semester 5\Workshop AI\Bab_3\pycaret_env\Lib\site-packages\sklearn\utils\_param_validation.py", line 213, in wrapper
    return func(*args, **kwargs)
           ^^^^^^^^^^^^^^^^^^^^^
  File "C:\Users\ASUS\Documents\Kuliah\Semester 5\Workshop AI\Bab_3\pycaret_env\Lib\site-packages\sklearn\metrics\_ranking.py", line 634, in roc_auc_score
    return _multiclass_roc_auc_score(
           ^^^^^^^^^^^^^^^^^^^^^^^^^^
  File "C:\Users\ASUS\Documents\Kuliah\Semester 5\Workshop AI\Bab_3\pycaret_env\Lib\site-packages\sklearn\metrics\_ranking.py", line 707, in _multiclass_roc_auc_score
    raise ValueError(
ValueError: Target scores need to be probabilities for multiclass roc_auc, i.e. they should sum up to 1.0 over classes

  warnings.warn(

2026-09-16 15:44:21,200:WARNING:C:\Users\ASUS\Documents\Kuliah\Semester 5\Workshop AI\Bab_3\pycaret_env\Lib\site-packages\pycaret\internal\metrics.py:204: FitFailedWarning: Metric 'make_scorer(roc_auc_score, response_method=('decision_function', 'predict_proba'), average=weighted, multi_class=ovr)' failed and error score 0.0 has been returned instead. If this is a custom metric, this usually means that the error is in the metric code. Full exception below:
Traceback (most recent call last):
  File "C:\Users\ASUS\Documents\Kuliah\Semester 5\Workshop AI\Bab_3\pycaret_env\Lib\site-packages\pycaret\internal\metrics.py", line 196, in _score
    return super()._score(
           ^^^^^^^^^^^^^^^
  File "C:\Users\ASUS\Documents\Kuliah\Semester 5\Workshop AI\Bab_3\pycaret_env\Lib\site-packages\sklearn\metrics\_scorer.py", line 350, in _score
    return self._sign * self._score_func(y_true, y_pred, **scoring_kwargs)
                        ^^^^^^^^^^^^^^^^^^^^^^^^^^^^^^^^^^^^^^^^^^^^^^^^^^
  File "C:\Users\ASUS\Documents\Kuliah\Semester 5\Workshop AI\Bab_3\pycaret_env\Lib\site-packages\pycaret\internal\metrics.py", line 144, in __call__
    return self.score_func(y_true, y_pred, **kwargs)
           ^^^^^^^^^^^^^^^^^^^^^^^^^^^^^^^^^^^^^^^^^
  File "C:\Users\ASUS\Documents\Kuliah\Semester 5\Workshop AI\Bab_3\pycaret_env\Lib\site-packages\sklearn\utils\_param_validation.py", line 213, in wrapper
    return func(*args, **kwargs)
           ^^^^^^^^^^^^^^^^^^^^^
  File "C:\Users\ASUS\Documents\Kuliah\Semester 5\Workshop AI\Bab_3\pycaret_env\Lib\site-packages\sklearn\metrics\_ranking.py", line 634, in roc_auc_score
    return _multiclass_roc_auc_score(
           ^^^^^^^^^^^^^^^^^^^^^^^^^^
  File "C:\Users\ASUS\Documents\Kuliah\Semester 5\Workshop AI\Bab_3\pycaret_env\Lib\site-packages\sklearn\metrics\_ranking.py", line 707, in _multiclass_roc_auc_score
    raise ValueError(
ValueError: Target scores need to be probabilities for multiclass roc_auc, i.e. they should sum up to 1.0 over classes

  warnings.warn(

2026-09-16 15:44:21,200:WARNING:C:\Users\ASUS\Documents\Kuliah\Semester 5\Workshop AI\Bab_3\pycaret_env\Lib\site-packages\pycaret\internal\metrics.py:204: FitFailedWarning: Metric 'make_scorer(roc_auc_score, response_method=('decision_function', 'predict_proba'), average=weighted, multi_class=ovr)' failed and error score 0.0 has been returned instead. If this is a custom metric, this usually means that the error is in the metric code. Full exception below:
Traceback (most recent call last):
  File "C:\Users\ASUS\Documents\Kuliah\Semester 5\Workshop AI\Bab_3\pycaret_env\Lib\site-packages\pycaret\internal\metrics.py", line 196, in _score
    return super()._score(
           ^^^^^^^^^^^^^^^
  File "C:\Users\ASUS\Documents\Kuliah\Semester 5\Workshop AI\Bab_3\pycaret_env\Lib\site-packages\sklearn\metrics\_scorer.py", line 350, in _score
    return self._sign * self._score_func(y_true, y_pred, **scoring_kwargs)
                        ^^^^^^^^^^^^^^^^^^^^^^^^^^^^^^^^^^^^^^^^^^^^^^^^^^
  File "C:\Users\ASUS\Documents\Kuliah\Semester 5\Workshop AI\Bab_3\pycaret_env\Lib\site-packages\pycaret\internal\metrics.py", line 144, in __call__
    return self.score_func(y_true, y_pred, **kwargs)
           ^^^^^^^^^^^^^^^^^^^^^^^^^^^^^^^^^^^^^^^^^
  File "C:\Users\ASUS\Documents\Kuliah\Semester 5\Workshop AI\Bab_3\pycaret_env\Lib\site-packages\sklearn\utils\_param_validation.py", line 213, in wrapper
    return func(*args, **kwargs)
           ^^^^^^^^^^^^^^^^^^^^^
  File "C:\Users\ASUS\Documents\Kuliah\Semester 5\Workshop AI\Bab_3\pycaret_env\Lib\site-packages\sklearn\metrics\_ranking.py", line 634, in roc_auc_score
    return _multiclass_roc_auc_score(
           ^^^^^^^^^^^^^^^^^^^^^^^^^^
  File "C:\Users\ASUS\Documents\Kuliah\Semester 5\Workshop AI\Bab_3\pycaret_env\Lib\site-packages\sklearn\metrics\_ranking.py", line 707, in _multiclass_roc_auc_score
    raise ValueError(
ValueError: Target scores need to be probabilities for multiclass roc_auc, i.e. they should sum up to 1.0 over classes

  warnings.warn(

2026-09-16 15:44:21,204:WARNING:C:\Users\ASUS\Documents\Kuliah\Semester 5\Workshop AI\Bab_3\pycaret_env\Lib\site-packages\pycaret\internal\metrics.py:204: FitFailedWarning: Metric 'make_scorer(roc_auc_score, response_method=('decision_function', 'predict_proba'), average=weighted, multi_class=ovr)' failed and error score 0.0 has been returned instead. If this is a custom metric, this usually means that the error is in the metric code. Full exception below:
Traceback (most recent call last):
  File "C:\Users\ASUS\Documents\Kuliah\Semester 5\Workshop AI\Bab_3\pycaret_env\Lib\site-packages\pycaret\internal\metrics.py", line 196, in _score
    return super()._score(
           ^^^^^^^^^^^^^^^
  File "C:\Users\ASUS\Documents\Kuliah\Semester 5\Workshop AI\Bab_3\pycaret_env\Lib\site-packages\sklearn\metrics\_scorer.py", line 350, in _score
    return self._sign * self._score_func(y_true, y_pred, **scoring_kwargs)
                        ^^^^^^^^^^^^^^^^^^^^^^^^^^^^^^^^^^^^^^^^^^^^^^^^^^
  File "C:\Users\ASUS\Documents\Kuliah\Semester 5\Workshop AI\Bab_3\pycaret_env\Lib\site-packages\pycaret\internal\metrics.py", line 144, in __call__
    return self.score_func(y_true, y_pred, **kwargs)
           ^^^^^^^^^^^^^^^^^^^^^^^^^^^^^^^^^^^^^^^^^
  File "C:\Users\ASUS\Documents\Kuliah\Semester 5\Workshop AI\Bab_3\pycaret_env\Lib\site-packages\sklearn\utils\_param_validation.py", line 213, in wrapper
    return func(*args, **kwargs)
           ^^^^^^^^^^^^^^^^^^^^^
  File "C:\Users\ASUS\Documents\Kuliah\Semester 5\Workshop AI\Bab_3\pycaret_env\Lib\site-packages\sklearn\metrics\_ranking.py", line 634, in roc_auc_score
    return _multiclass_roc_auc_score(
           ^^^^^^^^^^^^^^^^^^^^^^^^^^
  File "C:\Users\ASUS\Documents\Kuliah\Semester 5\Workshop AI\Bab_3\pycaret_env\Lib\site-packages\sklearn\metrics\_ranking.py", line 707, in _multiclass_roc_auc_score
    raise ValueError(
ValueError: Target scores need to be probabilities for multiclass roc_auc, i.e. they should sum up to 1.0 over classes

  warnings.warn(

2026-09-16 15:44:21,209:WARNING:C:\Users\ASUS\Documents\Kuliah\Semester 5\Workshop AI\Bab_3\pycaret_env\Lib\site-packages\pycaret\internal\metrics.py:204: FitFailedWarning: Metric 'make_scorer(roc_auc_score, response_method=('decision_function', 'predict_proba'), average=weighted, multi_class=ovr)' failed and error score 0.0 has been returned instead. If this is a custom metric, this usually means that the error is in the metric code. Full exception below:
Traceback (most recent call last):
  File "C:\Users\ASUS\Documents\Kuliah\Semester 5\Workshop AI\Bab_3\pycaret_env\Lib\site-packages\pycaret\internal\metrics.py", line 196, in _score
    return super()._score(
           ^^^^^^^^^^^^^^^
  File "C:\Users\ASUS\Documents\Kuliah\Semester 5\Workshop AI\Bab_3\pycaret_env\Lib\site-packages\sklearn\metrics\_scorer.py", line 350, in _score
    return self._sign * self._score_func(y_true, y_pred, **scoring_kwargs)
                        ^^^^^^^^^^^^^^^^^^^^^^^^^^^^^^^^^^^^^^^^^^^^^^^^^^
  File "C:\Users\ASUS\Documents\Kuliah\Semester 5\Workshop AI\Bab_3\pycaret_env\Lib\site-packages\pycaret\internal\metrics.py", line 144, in __call__
    return self.score_func(y_true, y_pred, **kwargs)
           ^^^^^^^^^^^^^^^^^^^^^^^^^^^^^^^^^^^^^^^^^
  File "C:\Users\ASUS\Documents\Kuliah\Semester 5\Workshop AI\Bab_3\pycaret_env\Lib\site-packages\sklearn\utils\_param_validation.py", line 213, in wrapper
    return func(*args, **kwargs)
           ^^^^^^^^^^^^^^^^^^^^^
  File "C:\Users\ASUS\Documents\Kuliah\Semester 5\Workshop AI\Bab_3\pycaret_env\Lib\site-packages\sklearn\metrics\_ranking.py", line 634, in roc_auc_score
    return _multiclass_roc_auc_score(
           ^^^^^^^^^^^^^^^^^^^^^^^^^^
  File "C:\Users\ASUS\Documents\Kuliah\Semester 5\Workshop AI\Bab_3\pycaret_env\Lib\site-packages\sklearn\metrics\_ranking.py", line 707, in _multiclass_roc_auc_score
    raise ValueError(
ValueError: Target scores need to be probabilities for multiclass roc_auc, i.e. they should sum up to 1.0 over classes

  warnings.warn(

2026-09-16 15:44:21,223:INFO:Calculating mean and std
2026-09-16 15:44:21,225:INFO:Creating metrics dataframe
2026-09-16 15:44:21,227:INFO:Uploading results into container
2026-09-16 15:44:21,227:INFO:Uploading model into container now
2026-09-16 15:44:21,228:INFO:_master_model_container: 10
2026-09-16 15:44:21,228:INFO:_display_container: 2
2026-09-16 15:44:21,228:INFO:GradientBoostingClassifier(ccp_alpha=0.0, criterion='friedman_mse', init=None,
                           learning_rate=0.1, loss='log_loss', max_depth=3,
                           max_features=None, max_leaf_nodes=None,
                           min_impurity_decrease=0.0, min_samples_leaf=1,
                           min_samples_split=2, min_weight_fraction_leaf=0.0,
                           n_estimators=100, n_iter_no_change=None,
                           random_state=5956, subsample=1.0, tol=0.0001,
                           validation_fraction=0.1, verbose=0,
                           warm_start=False)
2026-09-16 15:44:21,228:INFO:create_model() successfully completed......................................
2026-09-16 15:44:21,311:INFO:SubProcess create_model() end ==================================
2026-09-16 15:44:21,311:INFO:Creating metrics dataframe
2026-09-16 15:44:21,313:INFO:Initializing Linear Discriminant Analysis
2026-09-16 15:44:21,314:INFO:Total runtime is 0.35914844671885165 minutes
2026-09-16 15:44:21,314:INFO:SubProcess create_model() called ==================================
2026-09-16 15:44:21,314:INFO:Initializing create_model()
2026-09-16 15:44:21,314:INFO:create_model(self=<pycaret.classification.oop.ClassificationExperiment object at 0x000001CFBD82DE90>, estimator=lda, fold=StratifiedKFold(n_splits=10, random_state=None, shuffle=False), round=4, cross_validation=True, predict=True, fit_kwargs={}, groups=None, refit=False, probability_threshold=None, experiment_custom_tags=None, verbose=False, system=False, add_to_model_list=True, metrics=None, display=<pycaret.internal.display.display.CommonDisplay object at 0x000001CFDD46F010>, model_only=True, return_train_score=False, error_score=0.0, kwargs={})
2026-09-16 15:44:21,314:INFO:Checking exceptions
2026-09-16 15:44:21,314:INFO:Importing libraries
2026-09-16 15:44:21,314:INFO:Copying training dataset
2026-09-16 15:44:21,317:INFO:Defining folds
2026-09-16 15:44:21,317:INFO:Declaring metric variables
2026-09-16 15:44:21,317:INFO:Importing untrained model
2026-09-16 15:44:21,318:INFO:Linear Discriminant Analysis Imported successfully
2026-09-16 15:44:21,318:INFO:Starting cross validation
2026-09-16 15:44:21,318:INFO:Cross validating with StratifiedKFold(n_splits=10, random_state=None, shuffle=False), n_jobs=-1
2026-09-16 15:44:21,623:WARNING:C:\Users\ASUS\Documents\Kuliah\Semester 5\Workshop AI\Bab_3\pycaret_env\Lib\site-packages\pycaret\internal\metrics.py:204: FitFailedWarning: Metric 'make_scorer(roc_auc_score, response_method=('decision_function', 'predict_proba'), average=weighted, multi_class=ovr)' failed and error score 0.0 has been returned instead. If this is a custom metric, this usually means that the error is in the metric code. Full exception below:
Traceback (most recent call last):
  File "C:\Users\ASUS\Documents\Kuliah\Semester 5\Workshop AI\Bab_3\pycaret_env\Lib\site-packages\pycaret\internal\metrics.py", line 196, in _score
    return super()._score(
           ^^^^^^^^^^^^^^^
  File "C:\Users\ASUS\Documents\Kuliah\Semester 5\Workshop AI\Bab_3\pycaret_env\Lib\site-packages\sklearn\metrics\_scorer.py", line 350, in _score
    return self._sign * self._score_func(y_true, y_pred, **scoring_kwargs)
                        ^^^^^^^^^^^^^^^^^^^^^^^^^^^^^^^^^^^^^^^^^^^^^^^^^^
  File "C:\Users\ASUS\Documents\Kuliah\Semester 5\Workshop AI\Bab_3\pycaret_env\Lib\site-packages\pycaret\internal\metrics.py", line 144, in __call__
    return self.score_func(y_true, y_pred, **kwargs)
           ^^^^^^^^^^^^^^^^^^^^^^^^^^^^^^^^^^^^^^^^^
  File "C:\Users\ASUS\Documents\Kuliah\Semester 5\Workshop AI\Bab_3\pycaret_env\Lib\site-packages\sklearn\utils\_param_validation.py", line 213, in wrapper
    return func(*args, **kwargs)
           ^^^^^^^^^^^^^^^^^^^^^
  File "C:\Users\ASUS\Documents\Kuliah\Semester 5\Workshop AI\Bab_3\pycaret_env\Lib\site-packages\sklearn\metrics\_ranking.py", line 634, in roc_auc_score
    return _multiclass_roc_auc_score(
           ^^^^^^^^^^^^^^^^^^^^^^^^^^
  File "C:\Users\ASUS\Documents\Kuliah\Semester 5\Workshop AI\Bab_3\pycaret_env\Lib\site-packages\sklearn\metrics\_ranking.py", line 707, in _multiclass_roc_auc_score
    raise ValueError(
ValueError: Target scores need to be probabilities for multiclass roc_auc, i.e. they should sum up to 1.0 over classes

  warnings.warn(

2026-09-16 15:44:21,741:INFO:Calculating mean and std
2026-09-16 15:44:21,742:INFO:Creating metrics dataframe
2026-09-16 15:44:21,744:INFO:Uploading results into container
2026-09-16 15:44:21,744:INFO:Uploading model into container now
2026-09-16 15:44:21,744:INFO:_master_model_container: 11
2026-09-16 15:44:21,745:INFO:_display_container: 2
2026-09-16 15:44:21,745:INFO:LinearDiscriminantAnalysis(covariance_estimator=None, n_components=None,
                           priors=None, shrinkage=None, solver='svd',
                           store_covariance=False, tol=0.0001)
2026-09-16 15:44:21,745:INFO:create_model() successfully completed......................................
2026-09-16 15:44:21,826:INFO:SubProcess create_model() end ==================================
2026-09-16 15:44:21,826:INFO:Creating metrics dataframe
2026-09-16 15:44:21,828:INFO:Initializing Extra Trees Classifier
2026-09-16 15:44:21,829:INFO:Total runtime is 0.3677226543426513 minutes
2026-09-16 15:44:21,829:INFO:SubProcess create_model() called ==================================
2026-09-16 15:44:21,829:INFO:Initializing create_model()
2026-09-16 15:44:21,829:INFO:create_model(self=<pycaret.classification.oop.ClassificationExperiment object at 0x000001CFBD82DE90>, estimator=et, fold=StratifiedKFold(n_splits=10, random_state=None, shuffle=False), round=4, cross_validation=True, predict=True, fit_kwargs={}, groups=None, refit=False, probability_threshold=None, experiment_custom_tags=None, verbose=False, system=False, add_to_model_list=True, metrics=None, display=<pycaret.internal.display.display.CommonDisplay object at 0x000001CFDD46F010>, model_only=True, return_train_score=False, error_score=0.0, kwargs={})
2026-09-16 15:44:21,829:INFO:Checking exceptions
2026-09-16 15:44:21,829:INFO:Importing libraries
2026-09-16 15:44:21,829:INFO:Copying training dataset
2026-09-16 15:44:21,832:INFO:Defining folds
2026-09-16 15:44:21,832:INFO:Declaring metric variables
2026-09-16 15:44:21,832:INFO:Importing untrained model
2026-09-16 15:44:21,833:INFO:Extra Trees Classifier Imported successfully
2026-09-16 15:44:21,833:INFO:Starting cross validation
2026-09-16 15:44:21,834:INFO:Cross validating with StratifiedKFold(n_splits=10, random_state=None, shuffle=False), n_jobs=-1
2026-09-16 15:44:22,150:INFO:Calculating mean and std
2026-09-16 15:44:22,150:INFO:Creating metrics dataframe
2026-09-16 15:44:22,152:INFO:Uploading results into container
2026-09-16 15:44:22,153:INFO:Uploading model into container now
2026-09-16 15:44:22,153:INFO:_master_model_container: 12
2026-09-16 15:44:22,154:INFO:_display_container: 2
2026-09-16 15:44:22,154:INFO:ExtraTreesClassifier(bootstrap=False, ccp_alpha=0.0, class_weight=None,
                     criterion='gini', max_depth=None, max_features='sqrt',
                     max_leaf_nodes=None, max_samples=None,
                     min_impurity_decrease=0.0, min_samples_leaf=1,
                     min_samples_split=2, min_weight_fraction_leaf=0.0,
                     monotonic_cst=None, n_estimators=100, n_jobs=-1,
                     oob_score=False, random_state=5956, verbose=0,
                     warm_start=False)
2026-09-16 15:44:22,154:INFO:create_model() successfully completed......................................
2026-09-16 15:44:22,234:INFO:SubProcess create_model() end ==================================
2026-09-16 15:44:22,234:INFO:Creating metrics dataframe
2026-09-16 15:44:22,236:INFO:Initializing Light Gradient Boosting Machine
2026-09-16 15:44:22,236:INFO:Total runtime is 0.3745325247446695 minutes
2026-09-16 15:44:22,236:INFO:SubProcess create_model() called ==================================
2026-09-16 15:44:22,237:INFO:Initializing create_model()
2026-09-16 15:44:22,237:INFO:create_model(self=<pycaret.classification.oop.ClassificationExperiment object at 0x000001CFBD82DE90>, estimator=lightgbm, fold=StratifiedKFold(n_splits=10, random_state=None, shuffle=False), round=4, cross_validation=True, predict=True, fit_kwargs={}, groups=None, refit=False, probability_threshold=None, experiment_custom_tags=None, verbose=False, system=False, add_to_model_list=True, metrics=None, display=<pycaret.internal.display.display.CommonDisplay object at 0x000001CFDD46F010>, model_only=True, return_train_score=False, error_score=0.0, kwargs={})
2026-09-16 15:44:22,237:INFO:Checking exceptions
2026-09-16 15:44:22,237:INFO:Importing libraries
2026-09-16 15:44:22,237:INFO:Copying training dataset
2026-09-16 15:44:22,240:INFO:Defining folds
2026-09-16 15:44:22,240:INFO:Declaring metric variables
2026-09-16 15:44:22,240:INFO:Importing untrained model
2026-09-16 15:44:22,240:INFO:Light Gradient Boosting Machine Imported successfully
2026-09-16 15:44:22,240:INFO:Starting cross validation
2026-09-16 15:44:22,242:INFO:Cross validating with StratifiedKFold(n_splits=10, random_state=None, shuffle=False), n_jobs=-1
2026-09-16 15:44:22,873:WARNING:create_model() for lightgbm raised an exception or returned all 0.0, trying without fit_kwargs:
2026-09-16 15:44:22,898:WARNING:Traceback (most recent call last):
  File "C:\Users\ASUS\Documents\Kuliah\Semester 5\Workshop AI\Bab_3\pycaret_env\Lib\site-packages\pycaret\internal\pycaret_experiment\supervised_experiment.py", line 794, in compare_models
    model, model_fit_time = self._create_model(**create_model_args)
                            ^^^^^^^^^^^^^^^^^^^^^^^^^^^^^^^^^^^^^^^
  File "C:\Users\ASUS\Documents\Kuliah\Semester 5\Workshop AI\Bab_3\pycaret_env\Lib\site-packages\pycaret\internal\pycaret_experiment\supervised_experiment.py", line 1533, in _create_model
    model, model_fit_time, model_results, _ = self._create_model_with_cv(
                                              ^^^^^^^^^^^^^^^^^^^^^^^^^^^
  File "C:\Users\ASUS\Documents\Kuliah\Semester 5\Workshop AI\Bab_3\pycaret_env\Lib\site-packages\pycaret\internal\pycaret_experiment\supervised_experiment.py", line 1126, in _create_model_with_cv
    scores = cross_validate(
             ^^^^^^^^^^^^^^^
  File "C:\Users\ASUS\Documents\Kuliah\Semester 5\Workshop AI\Bab_3\pycaret_env\Lib\site-packages\sklearn\utils\_param_validation.py", line 213, in wrapper
    return func(*args, **kwargs)
           ^^^^^^^^^^^^^^^^^^^^^
  File "C:\Users\ASUS\Documents\Kuliah\Semester 5\Workshop AI\Bab_3\pycaret_env\Lib\site-packages\sklearn\model_selection\_validation.py", line 450, in cross_validate
    _warn_or_raise_about_fit_failures(results, error_score)
  File "C:\Users\ASUS\Documents\Kuliah\Semester 5\Workshop AI\Bab_3\pycaret_env\Lib\site-packages\sklearn\model_selection\_validation.py", line 536, in _warn_or_raise_about_fit_failures
    raise ValueError(all_fits_failed_message)
ValueError: 
All the 10 fits failed.
It is very likely that your model is misconfigured.
You can try to debug the error by setting error_score='raise'.

Below are more details about the failures:
--------------------------------------------------------------------------------
10 fits failed with the following error:
Traceback (most recent call last):
  File "C:\Users\ASUS\Documents\Kuliah\Semester 5\Workshop AI\Bab_3\pycaret_env\Lib\site-packages\sklearn\model_selection\_validation.py", line 895, in _fit_and_score
    estimator.fit(X_train, y_train, **fit_params)
  File "C:\Users\ASUS\Documents\Kuliah\Semester 5\Workshop AI\Bab_3\pycaret_env\Lib\site-packages\pycaret\internal\pipeline.py", line 278, in fit
    fitted_estimator = self._memory_fit(
                       ^^^^^^^^^^^^^^^^^
  File "C:\Users\ASUS\Documents\Kuliah\Semester 5\Workshop AI\Bab_3\pycaret_env\Lib\site-packages\joblib\memory.py", line 353, in __call__
    return self.func(*args, **kwargs)
           ^^^^^^^^^^^^^^^^^^^^^^^^^^
  File "C:\Users\ASUS\Documents\Kuliah\Semester 5\Workshop AI\Bab_3\pycaret_env\Lib\site-packages\pycaret\internal\pipeline.py", line 69, in _fit_one
    transformer.fit(*args)
  File "C:\Users\ASUS\Documents\Kuliah\Semester 5\Workshop AI\Bab_3\pycaret_env\Lib\site-packages\lightgbm\sklearn.py", line 1704, in fit
    super().fit(
  File "C:\Users\ASUS\Documents\Kuliah\Semester 5\Workshop AI\Bab_3\pycaret_env\Lib\site-packages\lightgbm\sklearn.py", line 1171, in fit
    self._Booster = train(
                    ^^^^^^
  File "C:\Users\ASUS\Documents\Kuliah\Semester 5\Workshop AI\Bab_3\pycaret_env\Lib\site-packages\lightgbm\engine.py", line 296, in train
    booster = Booster(params=params, train_set=train_set)
              ^^^^^^^^^^^^^^^^^^^^^^^^^^^^^^^^^^^^^^^^^^^
  File "C:\Users\ASUS\Documents\Kuliah\Semester 5\Workshop AI\Bab_3\pycaret_env\Lib\site-packages\lightgbm\basic.py", line 3758, in __init__
    train_set.construct()
  File "C:\Users\ASUS\Documents\Kuliah\Semester 5\Workshop AI\Bab_3\pycaret_env\Lib\site-packages\lightgbm\basic.py", line 2574, in construct
    self._lazy_init(
  File "C:\Users\ASUS\Documents\Kuliah\Semester 5\Workshop AI\Bab_3\pycaret_env\Lib\site-packages\lightgbm\basic.py", line 2189, in _lazy_init
    self.set_label(label)
  File "C:\Users\ASUS\Documents\Kuliah\Semester 5\Workshop AI\Bab_3\pycaret_env\Lib\site-packages\lightgbm\basic.py", line 3097, in set_label
    self.set_field("label", label_array)
  File "C:\Users\ASUS\Documents\Kuliah\Semester 5\Workshop AI\Bab_3\pycaret_env\Lib\site-packages\lightgbm\basic.py", line 2860, in set_field
    _LIB.LGBM_DatasetSetField(
OSError: exception: access violation reading 0x0000000000000000


2026-09-16 15:44:22,899:INFO:Initializing create_model()
2026-09-16 15:44:22,899:INFO:create_model(self=<pycaret.classification.oop.ClassificationExperiment object at 0x000001CFBD82DE90>, estimator=lightgbm, fold=StratifiedKFold(n_splits=10, random_state=None, shuffle=False), round=4, cross_validation=True, predict=True, fit_kwargs={}, groups=None, refit=False, probability_threshold=None, experiment_custom_tags=None, verbose=False, system=False, add_to_model_list=True, metrics=None, display=<pycaret.internal.display.display.CommonDisplay object at 0x000001CFDD46F010>, model_only=True, return_train_score=False, error_score=0.0, kwargs={})
2026-09-16 15:44:22,899:INFO:Checking exceptions
2026-09-16 15:44:22,899:INFO:Importing libraries
2026-09-16 15:44:22,899:INFO:Copying training dataset
2026-09-16 15:44:22,903:INFO:Defining folds
2026-09-16 15:44:22,903:INFO:Declaring metric variables
2026-09-16 15:44:22,903:INFO:Importing untrained model
2026-09-16 15:44:22,904:INFO:Light Gradient Boosting Machine Imported successfully
2026-09-16 15:44:22,904:INFO:Starting cross validation
2026-09-16 15:44:22,904:INFO:Cross validating with StratifiedKFold(n_splits=10, random_state=None, shuffle=False), n_jobs=-1
2026-09-16 15:44:23,011:ERROR:create_model() for lightgbm raised an exception or returned all 0.0:
2026-09-16 15:44:23,014:ERROR:Traceback (most recent call last):
  File "C:\Users\ASUS\Documents\Kuliah\Semester 5\Workshop AI\Bab_3\pycaret_env\Lib\site-packages\pycaret\internal\pycaret_experiment\supervised_experiment.py", line 794, in compare_models
    model, model_fit_time = self._create_model(**create_model_args)
                            ^^^^^^^^^^^^^^^^^^^^^^^^^^^^^^^^^^^^^^^
  File "C:\Users\ASUS\Documents\Kuliah\Semester 5\Workshop AI\Bab_3\pycaret_env\Lib\site-packages\pycaret\internal\pycaret_experiment\supervised_experiment.py", line 1533, in _create_model
    model, model_fit_time, model_results, _ = self._create_model_with_cv(
                                              ^^^^^^^^^^^^^^^^^^^^^^^^^^^
  File "C:\Users\ASUS\Documents\Kuliah\Semester 5\Workshop AI\Bab_3\pycaret_env\Lib\site-packages\pycaret\internal\pycaret_experiment\supervised_experiment.py", line 1126, in _create_model_with_cv
    scores = cross_validate(
             ^^^^^^^^^^^^^^^
  File "C:\Users\ASUS\Documents\Kuliah\Semester 5\Workshop AI\Bab_3\pycaret_env\Lib\site-packages\sklearn\utils\_param_validation.py", line 213, in wrapper
    return func(*args, **kwargs)
           ^^^^^^^^^^^^^^^^^^^^^
  File "C:\Users\ASUS\Documents\Kuliah\Semester 5\Workshop AI\Bab_3\pycaret_env\Lib\site-packages\sklearn\model_selection\_validation.py", line 450, in cross_validate
    _warn_or_raise_about_fit_failures(results, error_score)
  File "C:\Users\ASUS\Documents\Kuliah\Semester 5\Workshop AI\Bab_3\pycaret_env\Lib\site-packages\sklearn\model_selection\_validation.py", line 536, in _warn_or_raise_about_fit_failures
    raise ValueError(all_fits_failed_message)
ValueError: 
All the 10 fits failed.
It is very likely that your model is misconfigured.
You can try to debug the error by setting error_score='raise'.

Below are more details about the failures:
--------------------------------------------------------------------------------
10 fits failed with the following error:
Traceback (most recent call last):
  File "C:\Users\ASUS\Documents\Kuliah\Semester 5\Workshop AI\Bab_3\pycaret_env\Lib\site-packages\sklearn\model_selection\_validation.py", line 895, in _fit_and_score
    estimator.fit(X_train, y_train, **fit_params)
  File "C:\Users\ASUS\Documents\Kuliah\Semester 5\Workshop AI\Bab_3\pycaret_env\Lib\site-packages\pycaret\internal\pipeline.py", line 278, in fit
    fitted_estimator = self._memory_fit(
                       ^^^^^^^^^^^^^^^^^
  File "C:\Users\ASUS\Documents\Kuliah\Semester 5\Workshop AI\Bab_3\pycaret_env\Lib\site-packages\joblib\memory.py", line 353, in __call__
    return self.func(*args, **kwargs)
           ^^^^^^^^^^^^^^^^^^^^^^^^^^
  File "C:\Users\ASUS\Documents\Kuliah\Semester 5\Workshop AI\Bab_3\pycaret_env\Lib\site-packages\pycaret\internal\pipeline.py", line 69, in _fit_one
    transformer.fit(*args)
  File "C:\Users\ASUS\Documents\Kuliah\Semester 5\Workshop AI\Bab_3\pycaret_env\Lib\site-packages\lightgbm\sklearn.py", line 1704, in fit
    super().fit(
  File "C:\Users\ASUS\Documents\Kuliah\Semester 5\Workshop AI\Bab_3\pycaret_env\Lib\site-packages\lightgbm\sklearn.py", line 1171, in fit
    self._Booster = train(
                    ^^^^^^
  File "C:\Users\ASUS\Documents\Kuliah\Semester 5\Workshop AI\Bab_3\pycaret_env\Lib\site-packages\lightgbm\engine.py", line 296, in train
    booster = Booster(params=params, train_set=train_set)
              ^^^^^^^^^^^^^^^^^^^^^^^^^^^^^^^^^^^^^^^^^^^
  File "C:\Users\ASUS\Documents\Kuliah\Semester 5\Workshop AI\Bab_3\pycaret_env\Lib\site-packages\lightgbm\basic.py", line 3758, in __init__
    train_set.construct()
  File "C:\Users\ASUS\Documents\Kuliah\Semester 5\Workshop AI\Bab_3\pycaret_env\Lib\site-packages\lightgbm\basic.py", line 2574, in construct
    self._lazy_init(
  File "C:\Users\ASUS\Documents\Kuliah\Semester 5\Workshop AI\Bab_3\pycaret_env\Lib\site-packages\lightgbm\basic.py", line 2189, in _lazy_init
    self.set_label(label)
  File "C:\Users\ASUS\Documents\Kuliah\Semester 5\Workshop AI\Bab_3\pycaret_env\Lib\site-packages\lightgbm\basic.py", line 3097, in set_label
    self.set_field("label", label_array)
  File "C:\Users\ASUS\Documents\Kuliah\Semester 5\Workshop AI\Bab_3\pycaret_env\Lib\site-packages\lightgbm\basic.py", line 2860, in set_field
    _LIB.LGBM_DatasetSetField(
OSError: exception: access violation reading 0x0000000000000000


During handling of the above exception, another exception occurred:

Traceback (most recent call last):
  File "C:\Users\ASUS\Documents\Kuliah\Semester 5\Workshop AI\Bab_3\pycaret_env\Lib\site-packages\pycaret\internal\pycaret_experiment\supervised_experiment.py", line 815, in compare_models
    model, model_fit_time = self._create_model(**create_model_args)
                            ^^^^^^^^^^^^^^^^^^^^^^^^^^^^^^^^^^^^^^^
  File "C:\Users\ASUS\Documents\Kuliah\Semester 5\Workshop AI\Bab_3\pycaret_env\Lib\site-packages\pycaret\internal\pycaret_experiment\supervised_experiment.py", line 1533, in _create_model
    model, model_fit_time, model_results, _ = self._create_model_with_cv(
                                              ^^^^^^^^^^^^^^^^^^^^^^^^^^^
  File "C:\Users\ASUS\Documents\Kuliah\Semester 5\Workshop AI\Bab_3\pycaret_env\Lib\site-packages\pycaret\internal\pycaret_experiment\supervised_experiment.py", line 1126, in _create_model_with_cv
    scores = cross_validate(
             ^^^^^^^^^^^^^^^
  File "C:\Users\ASUS\Documents\Kuliah\Semester 5\Workshop AI\Bab_3\pycaret_env\Lib\site-packages\sklearn\utils\_param_validation.py", line 213, in wrapper
    return func(*args, **kwargs)
           ^^^^^^^^^^^^^^^^^^^^^
  File "C:\Users\ASUS\Documents\Kuliah\Semester 5\Workshop AI\Bab_3\pycaret_env\Lib\site-packages\sklearn\model_selection\_validation.py", line 450, in cross_validate
    _warn_or_raise_about_fit_failures(results, error_score)
  File "C:\Users\ASUS\Documents\Kuliah\Semester 5\Workshop AI\Bab_3\pycaret_env\Lib\site-packages\sklearn\model_selection\_validation.py", line 536, in _warn_or_raise_about_fit_failures
    raise ValueError(all_fits_failed_message)
ValueError: 
All the 10 fits failed.
It is very likely that your model is misconfigured.
You can try to debug the error by setting error_score='raise'.

Below are more details about the failures:
--------------------------------------------------------------------------------
10 fits failed with the following error:
Traceback (most recent call last):
  File "C:\Users\ASUS\Documents\Kuliah\Semester 5\Workshop AI\Bab_3\pycaret_env\Lib\site-packages\sklearn\model_selection\_validation.py", line 895, in _fit_and_score
    estimator.fit(X_train, y_train, **fit_params)
  File "C:\Users\ASUS\Documents\Kuliah\Semester 5\Workshop AI\Bab_3\pycaret_env\Lib\site-packages\pycaret\internal\pipeline.py", line 278, in fit
    fitted_estimator = self._memory_fit(
                       ^^^^^^^^^^^^^^^^^
  File "C:\Users\ASUS\Documents\Kuliah\Semester 5\Workshop AI\Bab_3\pycaret_env\Lib\site-packages\joblib\memory.py", line 353, in __call__
    return self.func(*args, **kwargs)
           ^^^^^^^^^^^^^^^^^^^^^^^^^^
  File "C:\Users\ASUS\Documents\Kuliah\Semester 5\Workshop AI\Bab_3\pycaret_env\Lib\site-packages\pycaret\internal\pipeline.py", line 69, in _fit_one
    transformer.fit(*args)
  File "C:\Users\ASUS\Documents\Kuliah\Semester 5\Workshop AI\Bab_3\pycaret_env\Lib\site-packages\lightgbm\sklearn.py", line 1704, in fit
    super().fit(
  File "C:\Users\ASUS\Documents\Kuliah\Semester 5\Workshop AI\Bab_3\pycaret_env\Lib\site-packages\lightgbm\sklearn.py", line 1171, in fit
    self._Booster = train(
                    ^^^^^^
  File "C:\Users\ASUS\Documents\Kuliah\Semester 5\Workshop AI\Bab_3\pycaret_env\Lib\site-packages\lightgbm\engine.py", line 296, in train
    booster = Booster(params=params, train_set=train_set)
              ^^^^^^^^^^^^^^^^^^^^^^^^^^^^^^^^^^^^^^^^^^^
  File "C:\Users\ASUS\Documents\Kuliah\Semester 5\Workshop AI\Bab_3\pycaret_env\Lib\site-packages\lightgbm\basic.py", line 3758, in __init__
    train_set.construct()
  File "C:\Users\ASUS\Documents\Kuliah\Semester 5\Workshop AI\Bab_3\pycaret_env\Lib\site-packages\lightgbm\basic.py", line 2574, in construct
    self._lazy_init(
  File "C:\Users\ASUS\Documents\Kuliah\Semester 5\Workshop AI\Bab_3\pycaret_env\Lib\site-packages\lightgbm\basic.py", line 2189, in _lazy_init
    self.set_label(label)
  File "C:\Users\ASUS\Documents\Kuliah\Semester 5\Workshop AI\Bab_3\pycaret_env\Lib\site-packages\lightgbm\basic.py", line 3097, in set_label
    self.set_field("label", label_array)
  File "C:\Users\ASUS\Documents\Kuliah\Semester 5\Workshop AI\Bab_3\pycaret_env\Lib\site-packages\lightgbm\basic.py", line 2860, in set_field
    _LIB.LGBM_DatasetSetField(
OSError: exception: access violation reading 0x0000000000000000


2026-09-16 15:44:23,015:INFO:Initializing Dummy Classifier
2026-09-16 15:44:23,015:INFO:Total runtime is 0.3875141302744547 minutes
2026-09-16 15:44:23,015:INFO:SubProcess create_model() called ==================================
2026-09-16 15:44:23,016:INFO:Initializing create_model()
2026-09-16 15:44:23,016:INFO:create_model(self=<pycaret.classification.oop.ClassificationExperiment object at 0x000001CFBD82DE90>, estimator=dummy, fold=StratifiedKFold(n_splits=10, random_state=None, shuffle=False), round=4, cross_validation=True, predict=True, fit_kwargs={}, groups=None, refit=False, probability_threshold=None, experiment_custom_tags=None, verbose=False, system=False, add_to_model_list=True, metrics=None, display=<pycaret.internal.display.display.CommonDisplay object at 0x000001CFDD46F010>, model_only=True, return_train_score=False, error_score=0.0, kwargs={})
2026-09-16 15:44:23,016:INFO:Checking exceptions
2026-09-16 15:44:23,016:INFO:Importing libraries
2026-09-16 15:44:23,016:INFO:Copying training dataset
2026-09-16 15:44:23,022:INFO:Defining folds
2026-09-16 15:44:23,022:INFO:Declaring metric variables
2026-09-16 15:44:23,022:INFO:Importing untrained model
2026-09-16 15:44:23,022:INFO:Dummy Classifier Imported successfully
2026-09-16 15:44:23,022:INFO:Starting cross validation
2026-09-16 15:44:23,024:INFO:Cross validating with StratifiedKFold(n_splits=10, random_state=None, shuffle=False), n_jobs=-1
2026-09-16 15:44:23,075:WARNING:C:\Users\ASUS\Documents\Kuliah\Semester 5\Workshop AI\Bab_3\pycaret_env\Lib\site-packages\sklearn\metrics\_classification.py:1509: UndefinedMetricWarning: Precision is ill-defined and being set to 0.0 in labels with no predicted samples. Use `zero_division` parameter to control this behavior.
  _warn_prf(average, modifier, f"{metric.capitalize()} is", len(result))

2026-09-16 15:44:23,077:WARNING:C:\Users\ASUS\Documents\Kuliah\Semester 5\Workshop AI\Bab_3\pycaret_env\Lib\site-packages\sklearn\metrics\_classification.py:1509: UndefinedMetricWarning: Precision is ill-defined and being set to 0.0 in labels with no predicted samples. Use `zero_division` parameter to control this behavior.
  _warn_prf(average, modifier, f"{metric.capitalize()} is", len(result))

2026-09-16 15:44:23,078:WARNING:C:\Users\ASUS\Documents\Kuliah\Semester 5\Workshop AI\Bab_3\pycaret_env\Lib\site-packages\sklearn\metrics\_classification.py:1509: UndefinedMetricWarning: Precision is ill-defined and being set to 0.0 in labels with no predicted samples. Use `zero_division` parameter to control this behavior.
  _warn_prf(average, modifier, f"{metric.capitalize()} is", len(result))

2026-09-16 15:44:23,088:WARNING:C:\Users\ASUS\Documents\Kuliah\Semester 5\Workshop AI\Bab_3\pycaret_env\Lib\site-packages\sklearn\metrics\_classification.py:1509: UndefinedMetricWarning: Precision is ill-defined and being set to 0.0 in labels with no predicted samples. Use `zero_division` parameter to control this behavior.
  _warn_prf(average, modifier, f"{metric.capitalize()} is", len(result))

2026-09-16 15:44:23,106:WARNING:C:\Users\ASUS\Documents\Kuliah\Semester 5\Workshop AI\Bab_3\pycaret_env\Lib\site-packages\sklearn\metrics\_classification.py:1509: UndefinedMetricWarning: Precision is ill-defined and being set to 0.0 in labels with no predicted samples. Use `zero_division` parameter to control this behavior.
  _warn_prf(average, modifier, f"{metric.capitalize()} is", len(result))

2026-09-16 15:44:23,114:WARNING:C:\Users\ASUS\Documents\Kuliah\Semester 5\Workshop AI\Bab_3\pycaret_env\Lib\site-packages\sklearn\metrics\_classification.py:1509: UndefinedMetricWarning: Precision is ill-defined and being set to 0.0 in labels with no predicted samples. Use `zero_division` parameter to control this behavior.
  _warn_prf(average, modifier, f"{metric.capitalize()} is", len(result))

2026-09-16 15:44:23,115:WARNING:C:\Users\ASUS\Documents\Kuliah\Semester 5\Workshop AI\Bab_3\pycaret_env\Lib\site-packages\sklearn\metrics\_classification.py:1509: UndefinedMetricWarning: Precision is ill-defined and being set to 0.0 in labels with no predicted samples. Use `zero_division` parameter to control this behavior.
  _warn_prf(average, modifier, f"{metric.capitalize()} is", len(result))

2026-09-16 15:44:23,118:WARNING:C:\Users\ASUS\Documents\Kuliah\Semester 5\Workshop AI\Bab_3\pycaret_env\Lib\site-packages\sklearn\metrics\_classification.py:1509: UndefinedMetricWarning: Precision is ill-defined and being set to 0.0 in labels with no predicted samples. Use `zero_division` parameter to control this behavior.
  _warn_prf(average, modifier, f"{metric.capitalize()} is", len(result))

2026-09-16 15:44:23,119:WARNING:C:\Users\ASUS\Documents\Kuliah\Semester 5\Workshop AI\Bab_3\pycaret_env\Lib\site-packages\sklearn\metrics\_classification.py:1509: UndefinedMetricWarning: Precision is ill-defined and being set to 0.0 in labels with no predicted samples. Use `zero_division` parameter to control this behavior.
  _warn_prf(average, modifier, f"{metric.capitalize()} is", len(result))

2026-09-16 15:44:23,120:WARNING:C:\Users\ASUS\Documents\Kuliah\Semester 5\Workshop AI\Bab_3\pycaret_env\Lib\site-packages\sklearn\metrics\_classification.py:1509: UndefinedMetricWarning: Precision is ill-defined and being set to 0.0 in labels with no predicted samples. Use `zero_division` parameter to control this behavior.
  _warn_prf(average, modifier, f"{metric.capitalize()} is", len(result))

2026-09-16 15:44:23,132:INFO:Calculating mean and std
2026-09-16 15:44:23,133:INFO:Creating metrics dataframe
2026-09-16 15:44:23,135:INFO:Uploading results into container
2026-09-16 15:44:23,136:INFO:Uploading model into container now
2026-09-16 15:44:23,136:INFO:_master_model_container: 13
2026-09-16 15:44:23,136:INFO:_display_container: 2
2026-09-16 15:44:23,137:INFO:DummyClassifier(constant=None, random_state=5956, strategy='prior')
2026-09-16 15:44:23,137:INFO:create_model() successfully completed......................................
2026-09-16 15:44:23,220:INFO:SubProcess create_model() end ==================================
2026-09-16 15:44:23,220:INFO:Creating metrics dataframe
2026-09-16 15:44:23,223:WARNING:C:\Users\ASUS\Documents\Kuliah\Semester 5\Workshop AI\Bab_3\pycaret_env\Lib\site-packages\pycaret\internal\pycaret_experiment\supervised_experiment.py:339: FutureWarning: Styler.applymap has been deprecated. Use Styler.map instead.
  .applymap(highlight_cols, subset=["TT (Sec)"])

2026-09-16 15:44:23,225:INFO:Initializing create_model()
2026-09-16 15:44:23,225:INFO:create_model(self=<pycaret.classification.oop.ClassificationExperiment object at 0x000001CFBD82DE90>, estimator=LinearDiscriminantAnalysis(covariance_estimator=None, n_components=None,
                           priors=None, shrinkage=None, solver='svd',
                           store_covariance=False, tol=0.0001), fold=StratifiedKFold(n_splits=10, random_state=None, shuffle=False), round=4, cross_validation=False, predict=False, fit_kwargs={}, groups=None, refit=True, probability_threshold=None, experiment_custom_tags=None, verbose=False, system=False, add_to_model_list=True, metrics=None, display=None, model_only=True, return_train_score=False, error_score=0.0, kwargs={})
2026-09-16 15:44:23,225:INFO:Checking exceptions
2026-09-16 15:44:23,226:INFO:Importing libraries
2026-09-16 15:44:23,226:INFO:Copying training dataset
2026-09-16 15:44:23,228:INFO:Defining folds
2026-09-16 15:44:23,229:INFO:Declaring metric variables
2026-09-16 15:44:23,229:INFO:Importing untrained model
2026-09-16 15:44:23,229:INFO:Declaring custom model
2026-09-16 15:44:23,229:INFO:Linear Discriminant Analysis Imported successfully
2026-09-16 15:44:23,230:INFO:Cross validation set to False
2026-09-16 15:44:23,230:INFO:Fitting Model
2026-09-16 15:44:23,238:INFO:LinearDiscriminantAnalysis(covariance_estimator=None, n_components=None,
                           priors=None, shrinkage=None, solver='svd',
                           store_covariance=False, tol=0.0001)
2026-09-16 15:44:23,238:INFO:create_model() successfully completed......................................
2026-09-16 15:44:23,329:INFO:_master_model_container: 13
2026-09-16 15:44:23,329:INFO:_display_container: 2
2026-09-16 15:44:23,329:INFO:LinearDiscriminantAnalysis(covariance_estimator=None, n_components=None,
                           priors=None, shrinkage=None, solver='svd',
                           store_covariance=False, tol=0.0001)
2026-09-16 15:44:23,329:INFO:compare_models() successfully completed......................................
2026-09-16 16:59:17,973:WARNING:
'cuml' is a soft dependency and not included in the pycaret installation. Please run: `pip install cuml` to install.
2026-09-16 16:59:17,973:WARNING:
'cuml' is a soft dependency and not included in the pycaret installation. Please run: `pip install cuml` to install.
2026-09-16 16:59:17,973:WARNING:
'cuml' is a soft dependency and not included in the pycaret installation. Please run: `pip install cuml` to install.
2026-09-16 16:59:17,973:WARNING:
'cuml' is a soft dependency and not included in the pycaret installation. Please run: `pip install cuml` to install.
2026-09-16 16:59:19,615:INFO:PyCaret ClassificationExperiment
2026-09-16 16:59:19,616:INFO:Logging name: clf-default-name
2026-09-16 16:59:19,616:INFO:ML Usecase: MLUsecase.CLASSIFICATION
2026-09-16 16:59:19,616:INFO:version 3.3.2
2026-09-16 16:59:19,616:INFO:Initializing setup()
2026-09-16 16:59:19,616:INFO:self.USI: 0f06
2026-09-16 16:59:19,616:INFO:self._variable_keys: {'is_multiclass', 'pipeline', '_ml_usecase', 'gpu_n_jobs_param', 'memory', 'gpu_param', 'n_jobs_param', 'html_param', 'idx', 'log_plots_param', 'fold_shuffle_param', 'fold_generator', 'y', 'X_train', 'y_train', 'X', 'y_test', 'target_param', 'fold_groups_param', 'data', 'fix_imbalance', 'USI', 'logging_param', '_available_plots', 'exp_name_log', 'X_test', 'exp_id', 'seed'}
2026-09-16 16:59:19,617:INFO:Checking environment
2026-09-16 16:59:19,617:INFO:python_version: 3.11.9
2026-09-16 16:59:19,617:INFO:python_build: ('tags/v3.11.9:de54cf5', 'Apr  2 2024 10:12:12')
2026-09-16 16:59:19,618:INFO:machine: AMD64
2026-09-16 16:59:19,642:INFO:platform: Windows-10-10.0.26200-SP0
2026-09-16 16:59:19,642:INFO:Memory: svmem(total=8399802368, available=1707454464, percent=79.7, used=6692347904, free=1707454464)
2026-09-16 16:59:19,642:INFO:Physical Core: 8
2026-09-16 16:59:19,642:INFO:Logical Core: 16
2026-09-16 16:59:19,642:INFO:Checking libraries
2026-09-16 16:59:19,642:INFO:System:
2026-09-16 16:59:19,642:INFO:    python: 3.11.9 (tags/v3.11.9:de54cf5, Apr  2 2024, 10:12:12) [MSC v.1938 64 bit (AMD64)]
2026-09-16 16:59:19,642:INFO:executable: C:\Users\ASUS\Documents\Kuliah\Semester 5\Workshop AI\Bab_3\pycaret_env\Scripts\python.exe
2026-09-16 16:59:19,642:INFO:   machine: Windows-10-10.0.26200-SP0
2026-09-16 16:59:19,642:INFO:PyCaret required dependencies:
2026-09-16 16:59:19,683:INFO:                 pip: 24.0
2026-09-16 16:59:19,683:INFO:          setuptools: 65.5.0
2026-09-16 16:59:19,683:INFO:             pycaret: 3.3.2
2026-09-16 16:59:19,683:INFO:             IPython: 9.17.1
2026-09-16 16:59:19,683:INFO:          ipywidgets: 8.1.9
2026-09-16 16:59:19,683:INFO:                tqdm: 4.70.1
2026-09-16 16:59:19,683:INFO:               numpy: 1.26.4
2026-09-16 16:59:19,683:INFO:              pandas: 2.1.4
2026-09-16 16:59:19,683:INFO:              jinja2: 3.1.6
2026-09-16 16:59:19,683:INFO:               scipy: 1.11.4
2026-09-16 16:59:19,683:INFO:              joblib: 1.3.2
2026-09-16 16:59:19,683:INFO:             sklearn: 1.4.2
2026-09-16 16:59:19,683:INFO:                pyod: 3.4.0
2026-09-16 16:59:19,684:INFO:            imblearn: 0.14.2
2026-09-16 16:59:19,684:INFO:   category_encoders: 2.7.0
2026-09-16 16:59:19,684:INFO:            lightgbm: 4.7.0
2026-09-16 16:59:19,684:INFO:               numba: 0.67.0
2026-09-16 16:59:19,684:INFO:            requests: 2.34.2
2026-09-16 16:59:19,684:INFO:          matplotlib: 3.7.5
2026-09-16 16:59:19,684:INFO:          scikitplot: 0.3.7
2026-09-16 16:59:19,684:INFO:         yellowbrick: 1.5
2026-09-16 16:59:19,684:INFO:              plotly: 6.9.0
2026-09-16 16:59:19,684:INFO:    plotly-resampler: Not installed
2026-09-16 16:59:19,684:INFO:             kaleido: 1.4.0
2026-09-16 16:59:19,684:INFO:           schemdraw: 0.15
2026-09-16 16:59:19,684:INFO:         statsmodels: 0.15.0
2026-09-16 16:59:19,684:INFO:              sktime: 0.26.0
2026-09-16 16:59:19,684:INFO:               tbats: 1.1.3
2026-09-16 16:59:19,684:INFO:            pmdarima: 2.0.4
2026-09-16 16:59:19,684:INFO:              psutil: 7.2.2
2026-09-16 16:59:19,684:INFO:          markupsafe: 3.0.3
2026-09-16 16:59:19,684:INFO:             pickle5: Not installed
2026-09-16 16:59:19,684:INFO:         cloudpickle: 3.1.2
2026-09-16 16:59:19,684:INFO:         deprecation: 2.1.0
2026-09-16 16:59:19,684:INFO:              xxhash: 4.0.1
2026-09-16 16:59:19,684:INFO:           wurlitzer: Not installed
2026-09-16 16:59:19,685:INFO:PyCaret optional dependencies:
2026-09-16 16:59:19,698:INFO:                shap: Not installed
2026-09-16 16:59:19,698:INFO:           interpret: Not installed
2026-09-16 16:59:19,698:INFO:                umap: Not installed
2026-09-16 16:59:19,698:INFO:     ydata_profiling: Not installed
2026-09-16 16:59:19,698:INFO:  explainerdashboard: Not installed
2026-09-16 16:59:19,698:INFO:             autoviz: Not installed
2026-09-16 16:59:19,698:INFO:           fairlearn: Not installed
2026-09-16 16:59:19,698:INFO:          deepchecks: Not installed
2026-09-16 16:59:19,698:INFO:             xgboost: Not installed
2026-09-16 16:59:19,698:INFO:            catboost: Not installed
2026-09-16 16:59:19,698:INFO:              kmodes: Not installed
2026-09-16 16:59:19,698:INFO:             mlxtend: Not installed
2026-09-16 16:59:19,698:INFO:       statsforecast: Not installed
2026-09-16 16:59:19,698:INFO:        tune_sklearn: Not installed
2026-09-16 16:59:19,698:INFO:                 ray: Not installed
2026-09-16 16:59:19,698:INFO:            hyperopt: Not installed
2026-09-16 16:59:19,698:INFO:              optuna: Not installed
2026-09-16 16:59:19,699:INFO:               skopt: Not installed
2026-09-16 16:59:19,699:INFO:              mlflow: Not installed
2026-09-16 16:59:19,699:INFO:              gradio: Not installed
2026-09-16 16:59:19,699:INFO:             fastapi: Not installed
2026-09-16 16:59:19,699:INFO:             uvicorn: Not installed
2026-09-16 16:59:19,699:INFO:              m2cgen: Not installed
2026-09-16 16:59:19,699:INFO:           evidently: Not installed
2026-09-16 16:59:19,699:INFO:               fugue: Not installed
2026-09-16 16:59:19,699:INFO:           streamlit: Not installed
2026-09-16 16:59:19,699:INFO:             prophet: Not installed
2026-09-16 16:59:19,699:INFO:None
2026-09-16 16:59:19,699:INFO:Set up data.
2026-09-16 16:59:19,711:INFO:Set up folding strategy.
2026-09-16 16:59:19,711:INFO:Set up train/test split.
2026-09-16 16:59:19,721:INFO:Set up index.
2026-09-16 16:59:19,722:INFO:Assigning column types.
2026-09-16 16:59:19,730:INFO:Engine successfully changes for model 'lr' to 'sklearn'.
2026-09-16 16:59:19,785:INFO:Engine for model 'knn' has not been set explicitly, hence returning None.
2026-09-16 16:59:19,791:INFO:Engine for model 'rbfsvm' has not been set explicitly, hence returning None.
2026-09-16 16:59:19,838:WARNING:
'xgboost' is a soft dependency and not included in the pycaret installation. Please run: `pip install xgboost` to install.
Alternately, you can install this by running `pip install pycaret[models]`
2026-09-16 16:59:19,838:WARNING:
'catboost' is a soft dependency and not included in the pycaret installation. Please run: `pip install catboost` to install.
Alternately, you can install this by running `pip install pycaret[models]`
2026-09-16 16:59:19,892:INFO:Engine for model 'knn' has not been set explicitly, hence returning None.
2026-09-16 16:59:19,893:INFO:Engine for model 'rbfsvm' has not been set explicitly, hence returning None.
2026-09-16 16:59:19,927:WARNING:
'xgboost' is a soft dependency and not included in the pycaret installation. Please run: `pip install xgboost` to install.
Alternately, you can install this by running `pip install pycaret[models]`
2026-09-16 16:59:19,927:WARNING:
'catboost' is a soft dependency and not included in the pycaret installation. Please run: `pip install catboost` to install.
Alternately, you can install this by running `pip install pycaret[models]`
2026-09-16 16:59:19,928:INFO:Engine successfully changes for model 'knn' to 'sklearn'.
2026-09-16 16:59:19,983:INFO:Engine for model 'rbfsvm' has not been set explicitly, hence returning None.
2026-09-16 16:59:20,018:WARNING:
'xgboost' is a soft dependency and not included in the pycaret installation. Please run: `pip install xgboost` to install.
Alternately, you can install this by running `pip install pycaret[models]`
2026-09-16 16:59:20,018:WARNING:
'catboost' is a soft dependency and not included in the pycaret installation. Please run: `pip install catboost` to install.
Alternately, you can install this by running `pip install pycaret[models]`
2026-09-16 16:59:20,074:INFO:Engine for model 'rbfsvm' has not been set explicitly, hence returning None.
2026-09-16 16:59:20,109:WARNING:
'xgboost' is a soft dependency and not included in the pycaret installation. Please run: `pip install xgboost` to install.
Alternately, you can install this by running `pip install pycaret[models]`
2026-09-16 16:59:20,110:WARNING:
'catboost' is a soft dependency and not included in the pycaret installation. Please run: `pip install catboost` to install.
Alternately, you can install this by running `pip install pycaret[models]`
2026-09-16 16:59:20,110:INFO:Engine successfully changes for model 'rbfsvm' to 'sklearn'.
2026-09-16 16:59:20,203:WARNING:
'xgboost' is a soft dependency and not included in the pycaret installation. Please run: `pip install xgboost` to install.
Alternately, you can install this by running `pip install pycaret[models]`
2026-09-16 16:59:20,203:WARNING:
'catboost' is a soft dependency and not included in the pycaret installation. Please run: `pip install catboost` to install.
Alternately, you can install this by running `pip install pycaret[models]`
2026-09-16 16:59:20,292:WARNING:
'xgboost' is a soft dependency and not included in the pycaret installation. Please run: `pip install xgboost` to install.
Alternately, you can install this by running `pip install pycaret[models]`
2026-09-16 16:59:20,293:WARNING:
'catboost' is a soft dependency and not included in the pycaret installation. Please run: `pip install catboost` to install.
Alternately, you can install this by running `pip install pycaret[models]`
2026-09-16 16:59:20,300:INFO:Preparing preprocessing pipeline...
2026-09-16 16:59:20,303:INFO:Set up simple imputation.
2026-09-16 16:59:20,305:INFO:Set up column name cleaning.
2026-09-16 16:59:20,344:INFO:Finished creating preprocessing pipeline.
2026-09-16 16:59:20,351:INFO:Pipeline: Pipeline(memory=FastMemory(location=C:\Users\ASUS\AppData\Local\Temp\joblib),
         steps=[('numerical_imputer',
                 TransformerWrapper(exclude=None,
                                    include=['mean radius', 'mean texture',
                                             'mean perimeter', 'mean area',
                                             'mean smoothness',
                                             'mean compactness',
                                             'mean concavity',
                                             'mean concave points',
                                             'mean symmetry',
                                             'mean fractal dimension',
                                             'radius error', 'texture error',
                                             'perimeter er...
                ('categorical_imputer',
                 TransformerWrapper(exclude=None, include=[],
                                    transformer=SimpleImputer(add_indicator=False,
                                                              copy=True,
                                                              fill_value=None,
                                                              keep_empty_features=False,
                                                              missing_values=nan,
                                                              strategy='most_frequent'))),
                ('clean_column_names',
                 TransformerWrapper(exclude=None, include=None,
                                    transformer=CleanColumnNames(match='[\\]\\[\\,\\{\\}\\"\\:]+')))],
         verbose=False)
2026-09-16 16:59:20,353:INFO:Creating final display dataframe.
2026-09-16 16:59:20,529:INFO:Setup _display_container:                     Description             Value
0                    Session id              6285
1                        Target            Target
2                   Target type            Binary
3           Original data shape         (569, 31)
4        Transformed data shape         (569, 31)
5   Transformed train set shape         (398, 31)
6    Transformed test set shape         (171, 31)
7              Numeric features                30
8                    Preprocess              True
9               Imputation type            simple
10           Numeric imputation              mean
11       Categorical imputation              mode
12               Fold Generator   StratifiedKFold
13                  Fold Number                10
14                     CPU Jobs                -1
15                      Use GPU             False
16               Log Experiment             False
17              Experiment Name  clf-default-name
18                          USI              0f06
2026-09-16 16:59:20,629:WARNING:
'xgboost' is a soft dependency and not included in the pycaret installation. Please run: `pip install xgboost` to install.
Alternately, you can install this by running `pip install pycaret[models]`
2026-09-16 16:59:20,629:WARNING:
'catboost' is a soft dependency and not included in the pycaret installation. Please run: `pip install catboost` to install.
Alternately, you can install this by running `pip install pycaret[models]`
2026-09-16 16:59:20,739:WARNING:
'xgboost' is a soft dependency and not included in the pycaret installation. Please run: `pip install xgboost` to install.
Alternately, you can install this by running `pip install pycaret[models]`
2026-09-16 16:59:20,740:WARNING:
'catboost' is a soft dependency and not included in the pycaret installation. Please run: `pip install catboost` to install.
Alternately, you can install this by running `pip install pycaret[models]`
2026-09-16 16:59:20,742:INFO:setup() successfully completed in 1.13s...............
2026-09-16 16:59:20,743:INFO:Initializing compare_models()
2026-09-16 16:59:20,743:INFO:compare_models(self=<pycaret.classification.oop.ClassificationExperiment object at 0x000001FE8B706190>, include=None, exclude=None, fold=None, round=4, cross_validation=True, sort=Accuracy, n_select=1, budget_time=None, turbo=True, errors=ignore, fit_kwargs=None, groups=None, experiment_custom_tags=None, probability_threshold=None, verbose=True, parallel=None, caller_params={'self': <pycaret.classification.oop.ClassificationExperiment object at 0x000001FE8B706190>, 'include': None, 'exclude': None, 'fold': None, 'round': 4, 'cross_validation': True, 'sort': 'Accuracy', 'n_select': 1, 'budget_time': None, 'turbo': True, 'errors': 'ignore', 'fit_kwargs': None, 'groups': None, 'experiment_custom_tags': None, 'probability_threshold': None, 'engine': None, 'verbose': True, 'parallel': None, '__class__': <class 'pycaret.classification.oop.ClassificationExperiment'>})
2026-09-16 16:59:20,743:INFO:Checking exceptions
2026-09-16 16:59:20,750:INFO:Preparing display monitor
2026-09-16 16:59:20,757:INFO:Initializing Logistic Regression
2026-09-16 16:59:20,757:INFO:Total runtime is 0.0 minutes
2026-09-16 16:59:20,757:INFO:SubProcess create_model() called ==================================
2026-09-16 16:59:20,757:INFO:Initializing create_model()
2026-09-16 16:59:20,757:INFO:create_model(self=<pycaret.classification.oop.ClassificationExperiment object at 0x000001FE8B706190>, estimator=lr, fold=StratifiedKFold(n_splits=10, random_state=None, shuffle=False), round=4, cross_validation=True, predict=True, fit_kwargs={}, groups=None, refit=False, probability_threshold=None, experiment_custom_tags=None, verbose=False, system=False, add_to_model_list=True, metrics=None, display=<pycaret.internal.display.display.CommonDisplay object at 0x000001FE8B8DF010>, model_only=True, return_train_score=False, error_score=0.0, kwargs={})
2026-09-16 16:59:20,757:INFO:Checking exceptions
2026-09-16 16:59:20,757:INFO:Importing libraries
2026-09-16 16:59:20,758:INFO:Copying training dataset
2026-09-16 16:59:20,766:INFO:Defining folds
2026-09-16 16:59:20,767:INFO:Declaring metric variables
2026-09-16 16:59:20,767:INFO:Importing untrained model
2026-09-16 16:59:20,767:INFO:Logistic Regression Imported successfully
2026-09-16 16:59:20,767:INFO:Starting cross validation
2026-09-16 16:59:20,768:INFO:Cross validating with StratifiedKFold(n_splits=10, random_state=None, shuffle=False), n_jobs=-1
2026-09-16 16:59:26,905:WARNING:C:\Users\ASUS\Documents\Kuliah\Semester 5\Workshop AI\Bab_3\pycaret_env\Lib\site-packages\sklearn\linear_model\_logistic.py:469: ConvergenceWarning: lbfgs failed to converge (status=1):
STOP: TOTAL NO. of ITERATIONS REACHED LIMIT.

Increase the number of iterations (max_iter) or scale the data as shown in:
    https://scikit-learn.org/stable/modules/preprocessing.html
Please also refer to the documentation for alternative solver options:
    https://scikit-learn.org/stable/modules/linear_model.html#logistic-regression
  n_iter_i = _check_optimize_result(

2026-09-16 16:59:26,906:WARNING:C:\Users\ASUS\Documents\Kuliah\Semester 5\Workshop AI\Bab_3\pycaret_env\Lib\site-packages\sklearn\linear_model\_logistic.py:469: ConvergenceWarning: lbfgs failed to converge (status=1):
STOP: TOTAL NO. of ITERATIONS REACHED LIMIT.

Increase the number of iterations (max_iter) or scale the data as shown in:
    https://scikit-learn.org/stable/modules/preprocessing.html
Please also refer to the documentation for alternative solver options:
    https://scikit-learn.org/stable/modules/linear_model.html#logistic-regression
  n_iter_i = _check_optimize_result(

2026-09-16 16:59:26,906:WARNING:C:\Users\ASUS\Documents\Kuliah\Semester 5\Workshop AI\Bab_3\pycaret_env\Lib\site-packages\sklearn\linear_model\_logistic.py:469: ConvergenceWarning: lbfgs failed to converge (status=1):
STOP: TOTAL NO. of ITERATIONS REACHED LIMIT.

Increase the number of iterations (max_iter) or scale the data as shown in:
    https://scikit-learn.org/stable/modules/preprocessing.html
Please also refer to the documentation for alternative solver options:
    https://scikit-learn.org/stable/modules/linear_model.html#logistic-regression
  n_iter_i = _check_optimize_result(

2026-09-16 16:59:26,912:WARNING:C:\Users\ASUS\Documents\Kuliah\Semester 5\Workshop AI\Bab_3\pycaret_env\Lib\site-packages\sklearn\linear_model\_logistic.py:469: ConvergenceWarning: lbfgs failed to converge (status=1):
STOP: TOTAL NO. of ITERATIONS REACHED LIMIT.

Increase the number of iterations (max_iter) or scale the data as shown in:
    https://scikit-learn.org/stable/modules/preprocessing.html
Please also refer to the documentation for alternative solver options:
    https://scikit-learn.org/stable/modules/linear_model.html#logistic-regression
  n_iter_i = _check_optimize_result(

2026-09-16 16:59:26,912:WARNING:C:\Users\ASUS\Documents\Kuliah\Semester 5\Workshop AI\Bab_3\pycaret_env\Lib\site-packages\sklearn\linear_model\_logistic.py:469: ConvergenceWarning: lbfgs failed to converge (status=1):
STOP: TOTAL NO. of ITERATIONS REACHED LIMIT.

Increase the number of iterations (max_iter) or scale the data as shown in:
    https://scikit-learn.org/stable/modules/preprocessing.html
Please also refer to the documentation for alternative solver options:
    https://scikit-learn.org/stable/modules/linear_model.html#logistic-regression
  n_iter_i = _check_optimize_result(

2026-09-16 16:59:26,912:WARNING:C:\Users\ASUS\Documents\Kuliah\Semester 5\Workshop AI\Bab_3\pycaret_env\Lib\site-packages\sklearn\linear_model\_logistic.py:469: ConvergenceWarning: lbfgs failed to converge (status=1):
STOP: TOTAL NO. of ITERATIONS REACHED LIMIT.

Increase the number of iterations (max_iter) or scale the data as shown in:
    https://scikit-learn.org/stable/modules/preprocessing.html
Please also refer to the documentation for alternative solver options:
    https://scikit-learn.org/stable/modules/linear_model.html#logistic-regression
  n_iter_i = _check_optimize_result(

2026-09-16 16:59:26,919:WARNING:C:\Users\ASUS\Documents\Kuliah\Semester 5\Workshop AI\Bab_3\pycaret_env\Lib\site-packages\sklearn\linear_model\_logistic.py:469: ConvergenceWarning: lbfgs failed to converge (status=1):
STOP: TOTAL NO. of ITERATIONS REACHED LIMIT.

Increase the number of iterations (max_iter) or scale the data as shown in:
    https://scikit-learn.org/stable/modules/preprocessing.html
Please also refer to the documentation for alternative solver options:
    https://scikit-learn.org/stable/modules/linear_model.html#logistic-regression
  n_iter_i = _check_optimize_result(

2026-09-16 16:59:26,920:WARNING:C:\Users\ASUS\Documents\Kuliah\Semester 5\Workshop AI\Bab_3\pycaret_env\Lib\site-packages\sklearn\linear_model\_logistic.py:469: ConvergenceWarning: lbfgs failed to converge (status=1):
STOP: TOTAL NO. of ITERATIONS REACHED LIMIT.

Increase the number of iterations (max_iter) or scale the data as shown in:
    https://scikit-learn.org/stable/modules/preprocessing.html
Please also refer to the documentation for alternative solver options:
    https://scikit-learn.org/stable/modules/linear_model.html#logistic-regression
  n_iter_i = _check_optimize_result(

2026-09-16 16:59:27,018:INFO:Calculating mean and std
2026-09-16 16:59:27,081:INFO:Creating metrics dataframe
2026-09-16 16:59:27,086:INFO:Uploading results into container
2026-09-16 16:59:27,088:INFO:Uploading model into container now
2026-09-16 16:59:27,089:INFO:_master_model_container: 1
2026-09-16 16:59:27,090:INFO:_display_container: 2
2026-09-16 16:59:27,090:INFO:LogisticRegression(C=1.0, class_weight=None, dual=False, fit_intercept=True,
                   intercept_scaling=1, l1_ratio=None, max_iter=1000,
                   multi_class='auto', n_jobs=None, penalty='l2',
                   random_state=6285, solver='lbfgs', tol=0.0001, verbose=0,
                   warm_start=False)
2026-09-16 16:59:27,090:INFO:create_model() successfully completed......................................
2026-09-16 16:59:27,198:INFO:SubProcess create_model() end ==================================
2026-09-16 16:59:27,198:INFO:Creating metrics dataframe
2026-09-16 16:59:27,204:INFO:Initializing K Neighbors Classifier
2026-09-16 16:59:27,204:INFO:Total runtime is 0.10744385321935018 minutes
2026-09-16 16:59:27,204:INFO:SubProcess create_model() called ==================================
2026-09-16 16:59:27,204:INFO:Initializing create_model()
2026-09-16 16:59:27,204:INFO:create_model(self=<pycaret.classification.oop.ClassificationExperiment object at 0x000001FE8B706190>, estimator=knn, fold=StratifiedKFold(n_splits=10, random_state=None, shuffle=False), round=4, cross_validation=True, predict=True, fit_kwargs={}, groups=None, refit=False, probability_threshold=None, experiment_custom_tags=None, verbose=False, system=False, add_to_model_list=True, metrics=None, display=<pycaret.internal.display.display.CommonDisplay object at 0x000001FE8B8DF010>, model_only=True, return_train_score=False, error_score=0.0, kwargs={})
2026-09-16 16:59:27,204:INFO:Checking exceptions
2026-09-16 16:59:27,204:INFO:Importing libraries
2026-09-16 16:59:27,204:INFO:Copying training dataset
2026-09-16 16:59:27,210:INFO:Defining folds
2026-09-16 16:59:27,210:INFO:Declaring metric variables
2026-09-16 16:59:27,211:INFO:Importing untrained model
2026-09-16 16:59:27,212:INFO:K Neighbors Classifier Imported successfully
2026-09-16 16:59:27,212:INFO:Starting cross validation
2026-09-16 16:59:27,213:INFO:Cross validating with StratifiedKFold(n_splits=10, random_state=None, shuffle=False), n_jobs=-1
2026-09-16 16:59:35,158:INFO:Calculating mean and std
2026-09-16 16:59:35,160:INFO:Creating metrics dataframe
2026-09-16 16:59:35,166:INFO:Uploading results into container
2026-09-16 16:59:35,167:INFO:Uploading model into container now
2026-09-16 16:59:35,168:INFO:_master_model_container: 2
2026-09-16 16:59:35,168:INFO:_display_container: 2
2026-09-16 16:59:35,168:INFO:KNeighborsClassifier(algorithm='auto', leaf_size=30, metric='minkowski',
                     metric_params=None, n_jobs=-1, n_neighbors=5, p=2,
                     weights='uniform')
2026-09-16 16:59:35,168:INFO:create_model() successfully completed......................................
2026-09-16 16:59:35,300:INFO:SubProcess create_model() end ==================================
2026-09-16 16:59:35,300:INFO:Creating metrics dataframe
2026-09-16 16:59:35,381:INFO:Initializing Naive Bayes
2026-09-16 16:59:35,381:INFO:Total runtime is 0.24373390277226767 minutes
2026-09-16 16:59:35,382:INFO:SubProcess create_model() called ==================================
2026-09-16 16:59:35,382:INFO:Initializing create_model()
2026-09-16 16:59:35,382:INFO:create_model(self=<pycaret.classification.oop.ClassificationExperiment object at 0x000001FE8B706190>, estimator=nb, fold=StratifiedKFold(n_splits=10, random_state=None, shuffle=False), round=4, cross_validation=True, predict=True, fit_kwargs={}, groups=None, refit=False, probability_threshold=None, experiment_custom_tags=None, verbose=False, system=False, add_to_model_list=True, metrics=None, display=<pycaret.internal.display.display.CommonDisplay object at 0x000001FE8B8DF010>, model_only=True, return_train_score=False, error_score=0.0, kwargs={})
2026-09-16 16:59:35,383:INFO:Checking exceptions
2026-09-16 16:59:35,383:INFO:Importing libraries
2026-09-16 16:59:35,383:INFO:Copying training dataset
2026-09-16 16:59:35,396:INFO:Defining folds
2026-09-16 16:59:35,396:INFO:Declaring metric variables
2026-09-16 16:59:35,396:INFO:Importing untrained model
2026-09-16 16:59:35,397:INFO:Naive Bayes Imported successfully
2026-09-16 16:59:35,397:INFO:Starting cross validation
2026-09-16 16:59:35,398:INFO:Cross validating with StratifiedKFold(n_splits=10, random_state=None, shuffle=False), n_jobs=-1
2026-09-16 16:59:35,569:INFO:Calculating mean and std
2026-09-16 16:59:35,570:INFO:Creating metrics dataframe
2026-09-16 16:59:35,572:INFO:Uploading results into container
2026-09-16 16:59:35,573:INFO:Uploading model into container now
2026-09-16 16:59:35,574:INFO:_master_model_container: 3
2026-09-16 16:59:35,574:INFO:_display_container: 2
2026-09-16 16:59:35,574:INFO:GaussianNB(priors=None, var_smoothing=1e-09)
2026-09-16 16:59:35,574:INFO:create_model() successfully completed......................................
2026-09-16 16:59:35,667:INFO:SubProcess create_model() end ==================================
2026-09-16 16:59:35,668:INFO:Creating metrics dataframe
2026-09-16 16:59:35,671:INFO:Initializing Decision Tree Classifier
2026-09-16 16:59:35,671:INFO:Total runtime is 0.2485719084739685 minutes
2026-09-16 16:59:35,671:INFO:SubProcess create_model() called ==================================
2026-09-16 16:59:35,671:INFO:Initializing create_model()
2026-09-16 16:59:35,672:INFO:create_model(self=<pycaret.classification.oop.ClassificationExperiment object at 0x000001FE8B706190>, estimator=dt, fold=StratifiedKFold(n_splits=10, random_state=None, shuffle=False), round=4, cross_validation=True, predict=True, fit_kwargs={}, groups=None, refit=False, probability_threshold=None, experiment_custom_tags=None, verbose=False, system=False, add_to_model_list=True, metrics=None, display=<pycaret.internal.display.display.CommonDisplay object at 0x000001FE8B8DF010>, model_only=True, return_train_score=False, error_score=0.0, kwargs={})
2026-09-16 16:59:35,672:INFO:Checking exceptions
2026-09-16 16:59:35,672:INFO:Importing libraries
2026-09-16 16:59:35,672:INFO:Copying training dataset
2026-09-16 16:59:35,678:INFO:Defining folds
2026-09-16 16:59:35,678:INFO:Declaring metric variables
2026-09-16 16:59:35,679:INFO:Importing untrained model
2026-09-16 16:59:35,680:INFO:Decision Tree Classifier Imported successfully
2026-09-16 16:59:35,680:INFO:Starting cross validation
2026-09-16 16:59:35,681:INFO:Cross validating with StratifiedKFold(n_splits=10, random_state=None, shuffle=False), n_jobs=-1
2026-09-16 16:59:35,808:INFO:Calculating mean and std
2026-09-16 16:59:35,808:INFO:Creating metrics dataframe
2026-09-16 16:59:35,811:INFO:Uploading results into container
2026-09-16 16:59:35,812:INFO:Uploading model into container now
2026-09-16 16:59:35,812:INFO:_master_model_container: 4
2026-09-16 16:59:35,812:INFO:_display_container: 2
2026-09-16 16:59:35,812:INFO:DecisionTreeClassifier(ccp_alpha=0.0, class_weight=None, criterion='gini',
                       max_depth=None, max_features=None, max_leaf_nodes=None,
                       min_impurity_decrease=0.0, min_samples_leaf=1,
                       min_samples_split=2, min_weight_fraction_leaf=0.0,
                       monotonic_cst=None, random_state=6285, splitter='best')
2026-09-16 16:59:35,812:INFO:create_model() successfully completed......................................
2026-09-16 16:59:35,892:INFO:SubProcess create_model() end ==================================
2026-09-16 16:59:35,892:INFO:Creating metrics dataframe
2026-09-16 16:59:35,894:INFO:Initializing SVM - Linear Kernel
2026-09-16 16:59:35,894:INFO:Total runtime is 0.25229101578394575 minutes
2026-09-16 16:59:35,894:INFO:SubProcess create_model() called ==================================
2026-09-16 16:59:35,895:INFO:Initializing create_model()
2026-09-16 16:59:35,895:INFO:create_model(self=<pycaret.classification.oop.ClassificationExperiment object at 0x000001FE8B706190>, estimator=svm, fold=StratifiedKFold(n_splits=10, random_state=None, shuffle=False), round=4, cross_validation=True, predict=True, fit_kwargs={}, groups=None, refit=False, probability_threshold=None, experiment_custom_tags=None, verbose=False, system=False, add_to_model_list=True, metrics=None, display=<pycaret.internal.display.display.CommonDisplay object at 0x000001FE8B8DF010>, model_only=True, return_train_score=False, error_score=0.0, kwargs={})
2026-09-16 16:59:35,895:INFO:Checking exceptions
2026-09-16 16:59:35,895:INFO:Importing libraries
2026-09-16 16:59:35,895:INFO:Copying training dataset
2026-09-16 16:59:35,902:INFO:Defining folds
2026-09-16 16:59:35,902:INFO:Declaring metric variables
2026-09-16 16:59:35,902:INFO:Importing untrained model
2026-09-16 16:59:35,903:INFO:SVM - Linear Kernel Imported successfully
2026-09-16 16:59:35,903:INFO:Starting cross validation
2026-09-16 16:59:35,904:INFO:Cross validating with StratifiedKFold(n_splits=10, random_state=None, shuffle=False), n_jobs=-1
2026-09-16 16:59:36,023:INFO:Calculating mean and std
2026-09-16 16:59:36,025:INFO:Creating metrics dataframe
2026-09-16 16:59:36,027:INFO:Uploading results into container
2026-09-16 16:59:36,028:INFO:Uploading model into container now
2026-09-16 16:59:36,029:INFO:_master_model_container: 5
2026-09-16 16:59:36,029:INFO:_display_container: 2
2026-09-16 16:59:36,029:INFO:SGDClassifier(alpha=0.0001, average=False, class_weight=None,
              early_stopping=False, epsilon=0.1, eta0=0.001, fit_intercept=True,
              l1_ratio=0.15, learning_rate='optimal', loss='hinge',
              max_iter=1000, n_iter_no_change=5, n_jobs=-1, penalty='l2',
              power_t=0.5, random_state=6285, shuffle=True, tol=0.001,
              validation_fraction=0.1, verbose=0, warm_start=False)
2026-09-16 16:59:36,029:INFO:create_model() successfully completed......................................
2026-09-16 16:59:36,110:INFO:SubProcess create_model() end ==================================
2026-09-16 16:59:36,110:INFO:Creating metrics dataframe
2026-09-16 16:59:36,114:INFO:Initializing Ridge Classifier
2026-09-16 16:59:36,114:INFO:Total runtime is 0.25594240029652915 minutes
2026-09-16 16:59:36,114:INFO:SubProcess create_model() called ==================================
2026-09-16 16:59:36,114:INFO:Initializing create_model()
2026-09-16 16:59:36,114:INFO:create_model(self=<pycaret.classification.oop.ClassificationExperiment object at 0x000001FE8B706190>, estimator=ridge, fold=StratifiedKFold(n_splits=10, random_state=None, shuffle=False), round=4, cross_validation=True, predict=True, fit_kwargs={}, groups=None, refit=False, probability_threshold=None, experiment_custom_tags=None, verbose=False, system=False, add_to_model_list=True, metrics=None, display=<pycaret.internal.display.display.CommonDisplay object at 0x000001FE8B8DF010>, model_only=True, return_train_score=False, error_score=0.0, kwargs={})
2026-09-16 16:59:36,114:INFO:Checking exceptions
2026-09-16 16:59:36,114:INFO:Importing libraries
2026-09-16 16:59:36,114:INFO:Copying training dataset
2026-09-16 16:59:36,120:INFO:Defining folds
2026-09-16 16:59:36,120:INFO:Declaring metric variables
2026-09-16 16:59:36,121:INFO:Importing untrained model
2026-09-16 16:59:36,121:INFO:Ridge Classifier Imported successfully
2026-09-16 16:59:36,121:INFO:Starting cross validation
2026-09-16 16:59:36,122:INFO:Cross validating with StratifiedKFold(n_splits=10, random_state=None, shuffle=False), n_jobs=-1
2026-09-16 16:59:36,226:WARNING:C:\Users\ASUS\Documents\Kuliah\Semester 5\Workshop AI\Bab_3\pycaret_env\Lib\site-packages\sklearn\linear_model\_ridge.py:204: LinAlgWarning: Ill-conditioned matrix (rcond=3.78156e-09): result may not be accurate.
  return linalg.solve(A, Xy, assume_a="pos", overwrite_a=True).T

2026-09-16 16:59:36,227:WARNING:C:\Users\ASUS\Documents\Kuliah\Semester 5\Workshop AI\Bab_3\pycaret_env\Lib\site-packages\sklearn\linear_model\_ridge.py:204: LinAlgWarning: Ill-conditioned matrix (rcond=4.38107e-09): result may not be accurate.
  return linalg.solve(A, Xy, assume_a="pos", overwrite_a=True).T

2026-09-16 16:59:36,227:WARNING:C:\Users\ASUS\Documents\Kuliah\Semester 5\Workshop AI\Bab_3\pycaret_env\Lib\site-packages\sklearn\linear_model\_ridge.py:204: LinAlgWarning: Ill-conditioned matrix (rcond=3.9172e-09): result may not be accurate.
  return linalg.solve(A, Xy, assume_a="pos", overwrite_a=True).T


2026-09-16 16:59:36,228:WARNING:C:\Users\ASUS\Documents\Kuliah\Semester 5\Workshop AI\Bab_3\pycaret_env\Lib\site-packages\sklearn\linear_model\_ridge.py:204: LinAlgWarning: Ill-conditioned matrix (rcond=3.90525e-09): result may not be accurate.
  return linalg.solve(A, Xy, assume_a="pos", overwrite_a=True).T

2026-09-16 16:59:36,254:WARNING:C:\Users\ASUS\Documents\Kuliah\Semester 5\Workshop AI\Bab_3\pycaret_env\Lib\site-packages\sklearn\linear_model\_ridge.py:204: LinAlgWarning: Ill-conditioned matrix (rcond=3.78762e-09): result may not be accurate.
  return linalg.solve(A, Xy, assume_a="pos", overwrite_a=True).T

2026-09-16 16:59:36,255:WARNING:C:\Users\ASUS\Documents\Kuliah\Semester 5\Workshop AI\Bab_3\pycaret_env\Lib\site-packages\sklearn\linear_model\_ridge.py:204: LinAlgWarning: Ill-conditioned matrix (rcond=4.29206e-09): result may not be accurate.
  return linalg.solve(A, Xy, assume_a="pos", overwrite_a=True).T

2026-09-16 16:59:36,285:INFO:Calculating mean and std
2026-09-16 16:59:36,285:INFO:Creating metrics dataframe
2026-09-16 16:59:36,288:INFO:Uploading results into container
2026-09-16 16:59:36,288:INFO:Uploading model into container now
2026-09-16 16:59:36,288:INFO:_master_model_container: 6
2026-09-16 16:59:36,290:INFO:_display_container: 2
2026-09-16 16:59:36,290:INFO:RidgeClassifier(alpha=1.0, class_weight=None, copy_X=True, fit_intercept=True,
                max_iter=None, positive=False, random_state=6285, solver='auto',
                tol=0.0001)
2026-09-16 16:59:36,290:INFO:create_model() successfully completed......................................
2026-09-16 16:59:36,370:INFO:SubProcess create_model() end ==================================
2026-09-16 16:59:36,370:INFO:Creating metrics dataframe
2026-09-16 16:59:36,373:INFO:Initializing Random Forest Classifier
2026-09-16 16:59:36,373:INFO:Total runtime is 0.26027170419692996 minutes
2026-09-16 16:59:36,373:INFO:SubProcess create_model() called ==================================
2026-09-16 16:59:36,374:INFO:Initializing create_model()
2026-09-16 16:59:36,374:INFO:create_model(self=<pycaret.classification.oop.ClassificationExperiment object at 0x000001FE8B706190>, estimator=rf, fold=StratifiedKFold(n_splits=10, random_state=None, shuffle=False), round=4, cross_validation=True, predict=True, fit_kwargs={}, groups=None, refit=False, probability_threshold=None, experiment_custom_tags=None, verbose=False, system=False, add_to_model_list=True, metrics=None, display=<pycaret.internal.display.display.CommonDisplay object at 0x000001FE8B8DF010>, model_only=True, return_train_score=False, error_score=0.0, kwargs={})
2026-09-16 16:59:36,374:INFO:Checking exceptions
2026-09-16 16:59:36,374:INFO:Importing libraries
2026-09-16 16:59:36,374:INFO:Copying training dataset
2026-09-16 16:59:36,380:INFO:Defining folds
2026-09-16 16:59:36,380:INFO:Declaring metric variables
2026-09-16 16:59:36,380:INFO:Importing untrained model
2026-09-16 16:59:36,381:INFO:Random Forest Classifier Imported successfully
2026-09-16 16:59:36,382:INFO:Starting cross validation
2026-09-16 16:59:36,382:INFO:Cross validating with StratifiedKFold(n_splits=10, random_state=None, shuffle=False), n_jobs=-1
2026-09-16 16:59:36,835:INFO:Calculating mean and std
2026-09-16 16:59:36,836:INFO:Creating metrics dataframe
2026-09-16 16:59:36,838:INFO:Uploading results into container
2026-09-16 16:59:36,840:INFO:Uploading model into container now
2026-09-16 16:59:36,840:INFO:_master_model_container: 7
2026-09-16 16:59:36,840:INFO:_display_container: 2
2026-09-16 16:59:36,841:INFO:RandomForestClassifier(bootstrap=True, ccp_alpha=0.0, class_weight=None,
                       criterion='gini', max_depth=None, max_features='sqrt',
                       max_leaf_nodes=None, max_samples=None,
                       min_impurity_decrease=0.0, min_samples_leaf=1,
                       min_samples_split=2, min_weight_fraction_leaf=0.0,
                       monotonic_cst=None, n_estimators=100, n_jobs=-1,
                       oob_score=False, random_state=6285, verbose=0,
                       warm_start=False)
2026-09-16 16:59:36,841:INFO:create_model() successfully completed......................................
2026-09-16 16:59:36,918:INFO:SubProcess create_model() end ==================================
2026-09-16 16:59:36,918:INFO:Creating metrics dataframe
2026-09-16 16:59:36,921:INFO:Initializing Quadratic Discriminant Analysis
2026-09-16 16:59:36,921:INFO:Total runtime is 0.26939346790313723 minutes
2026-09-16 16:59:36,922:INFO:SubProcess create_model() called ==================================
2026-09-16 16:59:36,922:INFO:Initializing create_model()
2026-09-16 16:59:36,922:INFO:create_model(self=<pycaret.classification.oop.ClassificationExperiment object at 0x000001FE8B706190>, estimator=qda, fold=StratifiedKFold(n_splits=10, random_state=None, shuffle=False), round=4, cross_validation=True, predict=True, fit_kwargs={}, groups=None, refit=False, probability_threshold=None, experiment_custom_tags=None, verbose=False, system=False, add_to_model_list=True, metrics=None, display=<pycaret.internal.display.display.CommonDisplay object at 0x000001FE8B8DF010>, model_only=True, return_train_score=False, error_score=0.0, kwargs={})
2026-09-16 16:59:36,922:INFO:Checking exceptions
2026-09-16 16:59:36,922:INFO:Importing libraries
2026-09-16 16:59:36,922:INFO:Copying training dataset
2026-09-16 16:59:36,928:INFO:Defining folds
2026-09-16 16:59:36,928:INFO:Declaring metric variables
2026-09-16 16:59:36,928:INFO:Importing untrained model
2026-09-16 16:59:36,928:INFO:Quadratic Discriminant Analysis Imported successfully
2026-09-16 16:59:36,928:INFO:Starting cross validation
2026-09-16 16:59:36,930:INFO:Cross validating with StratifiedKFold(n_splits=10, random_state=None, shuffle=False), n_jobs=-1
2026-09-16 16:59:37,075:INFO:Calculating mean and std
2026-09-16 16:59:37,076:INFO:Creating metrics dataframe
2026-09-16 16:59:37,078:INFO:Uploading results into container
2026-09-16 16:59:37,078:INFO:Uploading model into container now
2026-09-16 16:59:37,079:INFO:_master_model_container: 8
2026-09-16 16:59:37,079:INFO:_display_container: 2
2026-09-16 16:59:37,079:INFO:QuadraticDiscriminantAnalysis(priors=None, reg_param=0.0,
                              store_covariance=False, tol=0.0001)
2026-09-16 16:59:37,079:INFO:create_model() successfully completed......................................
2026-09-16 16:59:37,158:INFO:SubProcess create_model() end ==================================
2026-09-16 16:59:37,159:INFO:Creating metrics dataframe
2026-09-16 16:59:37,162:INFO:Initializing Ada Boost Classifier
2026-09-16 16:59:37,162:INFO:Total runtime is 0.27341236670811975 minutes
2026-09-16 16:59:37,163:INFO:SubProcess create_model() called ==================================
2026-09-16 16:59:37,163:INFO:Initializing create_model()
2026-09-16 16:59:37,163:INFO:create_model(self=<pycaret.classification.oop.ClassificationExperiment object at 0x000001FE8B706190>, estimator=ada, fold=StratifiedKFold(n_splits=10, random_state=None, shuffle=False), round=4, cross_validation=True, predict=True, fit_kwargs={}, groups=None, refit=False, probability_threshold=None, experiment_custom_tags=None, verbose=False, system=False, add_to_model_list=True, metrics=None, display=<pycaret.internal.display.display.CommonDisplay object at 0x000001FE8B8DF010>, model_only=True, return_train_score=False, error_score=0.0, kwargs={})
2026-09-16 16:59:37,163:INFO:Checking exceptions
2026-09-16 16:59:37,163:INFO:Importing libraries
2026-09-16 16:59:37,163:INFO:Copying training dataset
2026-09-16 16:59:37,169:INFO:Defining folds
2026-09-16 16:59:37,169:INFO:Declaring metric variables
2026-09-16 16:59:37,169:INFO:Importing untrained model
2026-09-16 16:59:37,169:INFO:Ada Boost Classifier Imported successfully
2026-09-16 16:59:37,169:INFO:Starting cross validation
2026-09-16 16:59:37,171:INFO:Cross validating with StratifiedKFold(n_splits=10, random_state=None, shuffle=False), n_jobs=-1
2026-09-16 16:59:37,245:WARNING:C:\Users\ASUS\Documents\Kuliah\Semester 5\Workshop AI\Bab_3\pycaret_env\Lib\site-packages\sklearn\ensemble\_weight_boosting.py:519: FutureWarning: The SAMME.R algorithm (the default) is deprecated and will be removed in 1.6. Use the SAMME algorithm to circumvent this warning.
  warnings.warn(

2026-09-16 16:59:37,245:WARNING:C:\Users\ASUS\Documents\Kuliah\Semester 5\Workshop AI\Bab_3\pycaret_env\Lib\site-packages\sklearn\ensemble\_weight_boosting.py:519: FutureWarning: The SAMME.R algorithm (the default) is deprecated and will be removed in 1.6. Use the SAMME algorithm to circumvent this warning.
  warnings.warn(

2026-09-16 16:59:37,245:WARNING:C:\Users\ASUS\Documents\Kuliah\Semester 5\Workshop AI\Bab_3\pycaret_env\Lib\site-packages\sklearn\ensemble\_weight_boosting.py:519: FutureWarning: The SAMME.R algorithm (the default) is deprecated and will be removed in 1.6. Use the SAMME algorithm to circumvent this warning.
  warnings.warn(

2026-09-16 16:59:37,245:WARNING:C:\Users\ASUS\Documents\Kuliah\Semester 5\Workshop AI\Bab_3\pycaret_env\Lib\site-packages\sklearn\ensemble\_weight_boosting.py:519: FutureWarning: The SAMME.R algorithm (the default) is deprecated and will be removed in 1.6. Use the SAMME algorithm to circumvent this warning.
  warnings.warn(

2026-09-16 16:59:37,245:WARNING:C:\Users\ASUS\Documents\Kuliah\Semester 5\Workshop AI\Bab_3\pycaret_env\Lib\site-packages\sklearn\ensemble\_weight_boosting.py:519: FutureWarning: The SAMME.R algorithm (the default) is deprecated and will be removed in 1.6. Use the SAMME algorithm to circumvent this warning.
  warnings.warn(

2026-09-16 16:59:37,245:WARNING:C:\Users\ASUS\Documents\Kuliah\Semester 5\Workshop AI\Bab_3\pycaret_env\Lib\site-packages\sklearn\ensemble\_weight_boosting.py:519: FutureWarning: The SAMME.R algorithm (the default) is deprecated and will be removed in 1.6. Use the SAMME algorithm to circumvent this warning.
  warnings.warn(

2026-09-16 16:59:37,250:WARNING:C:\Users\ASUS\Documents\Kuliah\Semester 5\Workshop AI\Bab_3\pycaret_env\Lib\site-packages\sklearn\ensemble\_weight_boosting.py:519: FutureWarning: The SAMME.R algorithm (the default) is deprecated and will be removed in 1.6. Use the SAMME algorithm to circumvent this warning.
  warnings.warn(

2026-09-16 16:59:37,251:WARNING:C:\Users\ASUS\Documents\Kuliah\Semester 5\Workshop AI\Bab_3\pycaret_env\Lib\site-packages\sklearn\ensemble\_weight_boosting.py:519: FutureWarning: The SAMME.R algorithm (the default) is deprecated and will be removed in 1.6. Use the SAMME algorithm to circumvent this warning.
  warnings.warn(

2026-09-16 16:59:37,521:INFO:Calculating mean and std
2026-09-16 16:59:37,523:INFO:Creating metrics dataframe
2026-09-16 16:59:37,525:INFO:Uploading results into container
2026-09-16 16:59:37,525:INFO:Uploading model into container now
2026-09-16 16:59:37,526:INFO:_master_model_container: 9
2026-09-16 16:59:37,526:INFO:_display_container: 2
2026-09-16 16:59:37,526:INFO:AdaBoostClassifier(algorithm='SAMME.R', estimator=None, learning_rate=1.0,
                   n_estimators=50, random_state=6285)
2026-09-16 16:59:37,526:INFO:create_model() successfully completed......................................
2026-09-16 16:59:37,607:INFO:SubProcess create_model() end ==================================
2026-09-16 16:59:37,607:INFO:Creating metrics dataframe
2026-09-16 16:59:37,610:INFO:Initializing Gradient Boosting Classifier
2026-09-16 16:59:37,611:INFO:Total runtime is 0.28090002536773684 minutes
2026-09-16 16:59:37,611:INFO:SubProcess create_model() called ==================================
2026-09-16 16:59:37,611:INFO:Initializing create_model()
2026-09-16 16:59:37,611:INFO:create_model(self=<pycaret.classification.oop.ClassificationExperiment object at 0x000001FE8B706190>, estimator=gbc, fold=StratifiedKFold(n_splits=10, random_state=None, shuffle=False), round=4, cross_validation=True, predict=True, fit_kwargs={}, groups=None, refit=False, probability_threshold=None, experiment_custom_tags=None, verbose=False, system=False, add_to_model_list=True, metrics=None, display=<pycaret.internal.display.display.CommonDisplay object at 0x000001FE8B8DF010>, model_only=True, return_train_score=False, error_score=0.0, kwargs={})
2026-09-16 16:59:37,611:INFO:Checking exceptions
2026-09-16 16:59:37,611:INFO:Importing libraries
2026-09-16 16:59:37,611:INFO:Copying training dataset
2026-09-16 16:59:37,617:INFO:Defining folds
2026-09-16 16:59:37,617:INFO:Declaring metric variables
2026-09-16 16:59:37,617:INFO:Importing untrained model
2026-09-16 16:59:37,618:INFO:Gradient Boosting Classifier Imported successfully
2026-09-16 16:59:37,618:INFO:Starting cross validation
2026-09-16 16:59:37,618:INFO:Cross validating with StratifiedKFold(n_splits=10, random_state=None, shuffle=False), n_jobs=-1
2026-09-16 16:59:38,285:INFO:Calculating mean and std
2026-09-16 16:59:38,286:INFO:Creating metrics dataframe
2026-09-16 16:59:38,288:INFO:Uploading results into container
2026-09-16 16:59:38,289:INFO:Uploading model into container now
2026-09-16 16:59:38,289:INFO:_master_model_container: 10
2026-09-16 16:59:38,289:INFO:_display_container: 2
2026-09-16 16:59:38,291:INFO:GradientBoostingClassifier(ccp_alpha=0.0, criterion='friedman_mse', init=None,
                           learning_rate=0.1, loss='log_loss', max_depth=3,
                           max_features=None, max_leaf_nodes=None,
                           min_impurity_decrease=0.0, min_samples_leaf=1,
                           min_samples_split=2, min_weight_fraction_leaf=0.0,
                           n_estimators=100, n_iter_no_change=None,
                           random_state=6285, subsample=1.0, tol=0.0001,
                           validation_fraction=0.1, verbose=0,
                           warm_start=False)
2026-09-16 16:59:38,291:INFO:create_model() successfully completed......................................
2026-09-16 16:59:38,370:INFO:SubProcess create_model() end ==================================
2026-09-16 16:59:38,370:INFO:Creating metrics dataframe
2026-09-16 16:59:38,373:INFO:Initializing Linear Discriminant Analysis
2026-09-16 16:59:38,373:INFO:Total runtime is 0.2936050176620484 minutes
2026-09-16 16:59:38,373:INFO:SubProcess create_model() called ==================================
2026-09-16 16:59:38,373:INFO:Initializing create_model()
2026-09-16 16:59:38,373:INFO:create_model(self=<pycaret.classification.oop.ClassificationExperiment object at 0x000001FE8B706190>, estimator=lda, fold=StratifiedKFold(n_splits=10, random_state=None, shuffle=False), round=4, cross_validation=True, predict=True, fit_kwargs={}, groups=None, refit=False, probability_threshold=None, experiment_custom_tags=None, verbose=False, system=False, add_to_model_list=True, metrics=None, display=<pycaret.internal.display.display.CommonDisplay object at 0x000001FE8B8DF010>, model_only=True, return_train_score=False, error_score=0.0, kwargs={})
2026-09-16 16:59:38,373:INFO:Checking exceptions
2026-09-16 16:59:38,373:INFO:Importing libraries
2026-09-16 16:59:38,374:INFO:Copying training dataset
2026-09-16 16:59:38,380:INFO:Defining folds
2026-09-16 16:59:38,380:INFO:Declaring metric variables
2026-09-16 16:59:38,380:INFO:Importing untrained model
2026-09-16 16:59:38,380:INFO:Linear Discriminant Analysis Imported successfully
2026-09-16 16:59:38,380:INFO:Starting cross validation
2026-09-16 16:59:38,381:INFO:Cross validating with StratifiedKFold(n_splits=10, random_state=None, shuffle=False), n_jobs=-1
2026-09-16 16:59:38,476:INFO:Calculating mean and std
2026-09-16 16:59:38,477:INFO:Creating metrics dataframe
2026-09-16 16:59:38,478:INFO:Uploading results into container
2026-09-16 16:59:38,478:INFO:Uploading model into container now
2026-09-16 16:59:38,480:INFO:_master_model_container: 11
2026-09-16 16:59:38,480:INFO:_display_container: 2
2026-09-16 16:59:38,480:INFO:LinearDiscriminantAnalysis(covariance_estimator=None, n_components=None,
                           priors=None, shrinkage=None, solver='svd',
                           store_covariance=False, tol=0.0001)
2026-09-16 16:59:38,480:INFO:create_model() successfully completed......................................
2026-09-16 16:59:38,560:INFO:SubProcess create_model() end ==================================
2026-09-16 16:59:38,560:INFO:Creating metrics dataframe
2026-09-16 16:59:38,564:INFO:Initializing Extra Trees Classifier
2026-09-16 16:59:38,564:INFO:Total runtime is 0.2967808882395427 minutes
2026-09-16 16:59:38,564:INFO:SubProcess create_model() called ==================================
2026-09-16 16:59:38,564:INFO:Initializing create_model()
2026-09-16 16:59:38,564:INFO:create_model(self=<pycaret.classification.oop.ClassificationExperiment object at 0x000001FE8B706190>, estimator=et, fold=StratifiedKFold(n_splits=10, random_state=None, shuffle=False), round=4, cross_validation=True, predict=True, fit_kwargs={}, groups=None, refit=False, probability_threshold=None, experiment_custom_tags=None, verbose=False, system=False, add_to_model_list=True, metrics=None, display=<pycaret.internal.display.display.CommonDisplay object at 0x000001FE8B8DF010>, model_only=True, return_train_score=False, error_score=0.0, kwargs={})
2026-09-16 16:59:38,564:INFO:Checking exceptions
2026-09-16 16:59:38,564:INFO:Importing libraries
2026-09-16 16:59:38,564:INFO:Copying training dataset
2026-09-16 16:59:38,571:INFO:Defining folds
2026-09-16 16:59:38,571:INFO:Declaring metric variables
2026-09-16 16:59:38,571:INFO:Importing untrained model
2026-09-16 16:59:38,572:INFO:Extra Trees Classifier Imported successfully
2026-09-16 16:59:38,572:INFO:Starting cross validation
2026-09-16 16:59:38,573:INFO:Cross validating with StratifiedKFold(n_splits=10, random_state=None, shuffle=False), n_jobs=-1
2026-09-16 16:59:38,903:INFO:Calculating mean and std
2026-09-16 16:59:38,904:INFO:Creating metrics dataframe
2026-09-16 16:59:38,906:INFO:Uploading results into container
2026-09-16 16:59:38,906:INFO:Uploading model into container now
2026-09-16 16:59:38,907:INFO:_master_model_container: 12
2026-09-16 16:59:38,907:INFO:_display_container: 2
2026-09-16 16:59:38,907:INFO:ExtraTreesClassifier(bootstrap=False, ccp_alpha=0.0, class_weight=None,
                     criterion='gini', max_depth=None, max_features='sqrt',
                     max_leaf_nodes=None, max_samples=None,
                     min_impurity_decrease=0.0, min_samples_leaf=1,
                     min_samples_split=2, min_weight_fraction_leaf=0.0,
                     monotonic_cst=None, n_estimators=100, n_jobs=-1,
                     oob_score=False, random_state=6285, verbose=0,
                     warm_start=False)
2026-09-16 16:59:38,907:INFO:create_model() successfully completed......................................
2026-09-16 16:59:38,987:INFO:SubProcess create_model() end ==================================
2026-09-16 16:59:38,988:INFO:Creating metrics dataframe
2026-09-16 16:59:38,990:INFO:Initializing Light Gradient Boosting Machine
2026-09-16 16:59:38,990:INFO:Total runtime is 0.3038908521334331 minutes
2026-09-16 16:59:38,991:INFO:SubProcess create_model() called ==================================
2026-09-16 16:59:38,991:INFO:Initializing create_model()
2026-09-16 16:59:38,991:INFO:create_model(self=<pycaret.classification.oop.ClassificationExperiment object at 0x000001FE8B706190>, estimator=lightgbm, fold=StratifiedKFold(n_splits=10, random_state=None, shuffle=False), round=4, cross_validation=True, predict=True, fit_kwargs={}, groups=None, refit=False, probability_threshold=None, experiment_custom_tags=None, verbose=False, system=False, add_to_model_list=True, metrics=None, display=<pycaret.internal.display.display.CommonDisplay object at 0x000001FE8B8DF010>, model_only=True, return_train_score=False, error_score=0.0, kwargs={})
2026-09-16 16:59:38,991:INFO:Checking exceptions
2026-09-16 16:59:38,991:INFO:Importing libraries
2026-09-16 16:59:38,991:INFO:Copying training dataset
2026-09-16 16:59:38,997:INFO:Defining folds
2026-09-16 16:59:38,997:INFO:Declaring metric variables
2026-09-16 16:59:38,997:INFO:Importing untrained model
2026-09-16 16:59:38,998:INFO:Light Gradient Boosting Machine Imported successfully
2026-09-16 16:59:38,998:INFO:Starting cross validation
2026-09-16 16:59:38,999:INFO:Cross validating with StratifiedKFold(n_splits=10, random_state=None, shuffle=False), n_jobs=-1
2026-09-16 16:59:39,503:WARNING:create_model() for lightgbm raised an exception or returned all 0.0, trying without fit_kwargs:
2026-09-16 16:59:39,524:WARNING:Traceback (most recent call last):
  File "C:\Users\ASUS\Documents\Kuliah\Semester 5\Workshop AI\Bab_3\pycaret_env\Lib\site-packages\pycaret\internal\pycaret_experiment\supervised_experiment.py", line 794, in compare_models
    model, model_fit_time = self._create_model(**create_model_args)
                            ^^^^^^^^^^^^^^^^^^^^^^^^^^^^^^^^^^^^^^^
  File "C:\Users\ASUS\Documents\Kuliah\Semester 5\Workshop AI\Bab_3\pycaret_env\Lib\site-packages\pycaret\internal\pycaret_experiment\supervised_experiment.py", line 1533, in _create_model
    model, model_fit_time, model_results, _ = self._create_model_with_cv(
                                              ^^^^^^^^^^^^^^^^^^^^^^^^^^^
  File "C:\Users\ASUS\Documents\Kuliah\Semester 5\Workshop AI\Bab_3\pycaret_env\Lib\site-packages\pycaret\internal\pycaret_experiment\supervised_experiment.py", line 1126, in _create_model_with_cv
    scores = cross_validate(
             ^^^^^^^^^^^^^^^
  File "C:\Users\ASUS\Documents\Kuliah\Semester 5\Workshop AI\Bab_3\pycaret_env\Lib\site-packages\sklearn\utils\_param_validation.py", line 213, in wrapper
    return func(*args, **kwargs)
           ^^^^^^^^^^^^^^^^^^^^^
  File "C:\Users\ASUS\Documents\Kuliah\Semester 5\Workshop AI\Bab_3\pycaret_env\Lib\site-packages\sklearn\model_selection\_validation.py", line 450, in cross_validate
    _warn_or_raise_about_fit_failures(results, error_score)
  File "C:\Users\ASUS\Documents\Kuliah\Semester 5\Workshop AI\Bab_3\pycaret_env\Lib\site-packages\sklearn\model_selection\_validation.py", line 536, in _warn_or_raise_about_fit_failures
    raise ValueError(all_fits_failed_message)
ValueError: 
All the 10 fits failed.
It is very likely that your model is misconfigured.
You can try to debug the error by setting error_score='raise'.

Below are more details about the failures:
--------------------------------------------------------------------------------
10 fits failed with the following error:
Traceback (most recent call last):
  File "C:\Users\ASUS\Documents\Kuliah\Semester 5\Workshop AI\Bab_3\pycaret_env\Lib\site-packages\sklearn\model_selection\_validation.py", line 895, in _fit_and_score
    estimator.fit(X_train, y_train, **fit_params)
  File "C:\Users\ASUS\Documents\Kuliah\Semester 5\Workshop AI\Bab_3\pycaret_env\Lib\site-packages\pycaret\internal\pipeline.py", line 278, in fit
    fitted_estimator = self._memory_fit(
                       ^^^^^^^^^^^^^^^^^
  File "C:\Users\ASUS\Documents\Kuliah\Semester 5\Workshop AI\Bab_3\pycaret_env\Lib\site-packages\joblib\memory.py", line 353, in __call__
    return self.func(*args, **kwargs)
           ^^^^^^^^^^^^^^^^^^^^^^^^^^
  File "C:\Users\ASUS\Documents\Kuliah\Semester 5\Workshop AI\Bab_3\pycaret_env\Lib\site-packages\pycaret\internal\pipeline.py", line 69, in _fit_one
    transformer.fit(*args)
  File "C:\Users\ASUS\Documents\Kuliah\Semester 5\Workshop AI\Bab_3\pycaret_env\Lib\site-packages\lightgbm\sklearn.py", line 1704, in fit
    super().fit(
  File "C:\Users\ASUS\Documents\Kuliah\Semester 5\Workshop AI\Bab_3\pycaret_env\Lib\site-packages\lightgbm\sklearn.py", line 1171, in fit
    self._Booster = train(
                    ^^^^^^
  File "C:\Users\ASUS\Documents\Kuliah\Semester 5\Workshop AI\Bab_3\pycaret_env\Lib\site-packages\lightgbm\engine.py", line 296, in train
    booster = Booster(params=params, train_set=train_set)
              ^^^^^^^^^^^^^^^^^^^^^^^^^^^^^^^^^^^^^^^^^^^
  File "C:\Users\ASUS\Documents\Kuliah\Semester 5\Workshop AI\Bab_3\pycaret_env\Lib\site-packages\lightgbm\basic.py", line 3758, in __init__
    train_set.construct()
  File "C:\Users\ASUS\Documents\Kuliah\Semester 5\Workshop AI\Bab_3\pycaret_env\Lib\site-packages\lightgbm\basic.py", line 2574, in construct
    self._lazy_init(
  File "C:\Users\ASUS\Documents\Kuliah\Semester 5\Workshop AI\Bab_3\pycaret_env\Lib\site-packages\lightgbm\basic.py", line 2189, in _lazy_init
    self.set_label(label)
  File "C:\Users\ASUS\Documents\Kuliah\Semester 5\Workshop AI\Bab_3\pycaret_env\Lib\site-packages\lightgbm\basic.py", line 3097, in set_label
    self.set_field("label", label_array)
  File "C:\Users\ASUS\Documents\Kuliah\Semester 5\Workshop AI\Bab_3\pycaret_env\Lib\site-packages\lightgbm\basic.py", line 2860, in set_field
    _LIB.LGBM_DatasetSetField(
OSError: exception: access violation reading 0x0000000000000000


2026-09-16 16:59:39,524:INFO:Initializing create_model()
2026-09-16 16:59:39,524:INFO:create_model(self=<pycaret.classification.oop.ClassificationExperiment object at 0x000001FE8B706190>, estimator=lightgbm, fold=StratifiedKFold(n_splits=10, random_state=None, shuffle=False), round=4, cross_validation=True, predict=True, fit_kwargs={}, groups=None, refit=False, probability_threshold=None, experiment_custom_tags=None, verbose=False, system=False, add_to_model_list=True, metrics=None, display=<pycaret.internal.display.display.CommonDisplay object at 0x000001FE8B8DF010>, model_only=True, return_train_score=False, error_score=0.0, kwargs={})
2026-09-16 16:59:39,525:INFO:Checking exceptions
2026-09-16 16:59:39,525:INFO:Importing libraries
2026-09-16 16:59:39,525:INFO:Copying training dataset
2026-09-16 16:59:39,531:INFO:Defining folds
2026-09-16 16:59:39,531:INFO:Declaring metric variables
2026-09-16 16:59:39,531:INFO:Importing untrained model
2026-09-16 16:59:39,532:INFO:Light Gradient Boosting Machine Imported successfully
2026-09-16 16:59:39,532:INFO:Starting cross validation
2026-09-16 16:59:39,533:INFO:Cross validating with StratifiedKFold(n_splits=10, random_state=None, shuffle=False), n_jobs=-1
2026-09-16 16:59:39,640:ERROR:create_model() for lightgbm raised an exception or returned all 0.0:
2026-09-16 16:59:39,643:ERROR:Traceback (most recent call last):
  File "C:\Users\ASUS\Documents\Kuliah\Semester 5\Workshop AI\Bab_3\pycaret_env\Lib\site-packages\pycaret\internal\pycaret_experiment\supervised_experiment.py", line 794, in compare_models
    model, model_fit_time = self._create_model(**create_model_args)
                            ^^^^^^^^^^^^^^^^^^^^^^^^^^^^^^^^^^^^^^^
  File "C:\Users\ASUS\Documents\Kuliah\Semester 5\Workshop AI\Bab_3\pycaret_env\Lib\site-packages\pycaret\internal\pycaret_experiment\supervised_experiment.py", line 1533, in _create_model
    model, model_fit_time, model_results, _ = self._create_model_with_cv(
                                              ^^^^^^^^^^^^^^^^^^^^^^^^^^^
  File "C:\Users\ASUS\Documents\Kuliah\Semester 5\Workshop AI\Bab_3\pycaret_env\Lib\site-packages\pycaret\internal\pycaret_experiment\supervised_experiment.py", line 1126, in _create_model_with_cv
    scores = cross_validate(
             ^^^^^^^^^^^^^^^
  File "C:\Users\ASUS\Documents\Kuliah\Semester 5\Workshop AI\Bab_3\pycaret_env\Lib\site-packages\sklearn\utils\_param_validation.py", line 213, in wrapper
    return func(*args, **kwargs)
           ^^^^^^^^^^^^^^^^^^^^^
  File "C:\Users\ASUS\Documents\Kuliah\Semester 5\Workshop AI\Bab_3\pycaret_env\Lib\site-packages\sklearn\model_selection\_validation.py", line 450, in cross_validate
    _warn_or_raise_about_fit_failures(results, error_score)
  File "C:\Users\ASUS\Documents\Kuliah\Semester 5\Workshop AI\Bab_3\pycaret_env\Lib\site-packages\sklearn\model_selection\_validation.py", line 536, in _warn_or_raise_about_fit_failures
    raise ValueError(all_fits_failed_message)
ValueError: 
All the 10 fits failed.
It is very likely that your model is misconfigured.
You can try to debug the error by setting error_score='raise'.

Below are more details about the failures:
--------------------------------------------------------------------------------
10 fits failed with the following error:
Traceback (most recent call last):
  File "C:\Users\ASUS\Documents\Kuliah\Semester 5\Workshop AI\Bab_3\pycaret_env\Lib\site-packages\sklearn\model_selection\_validation.py", line 895, in _fit_and_score
    estimator.fit(X_train, y_train, **fit_params)
  File "C:\Users\ASUS\Documents\Kuliah\Semester 5\Workshop AI\Bab_3\pycaret_env\Lib\site-packages\pycaret\internal\pipeline.py", line 278, in fit
    fitted_estimator = self._memory_fit(
                       ^^^^^^^^^^^^^^^^^
  File "C:\Users\ASUS\Documents\Kuliah\Semester 5\Workshop AI\Bab_3\pycaret_env\Lib\site-packages\joblib\memory.py", line 353, in __call__
    return self.func(*args, **kwargs)
           ^^^^^^^^^^^^^^^^^^^^^^^^^^
  File "C:\Users\ASUS\Documents\Kuliah\Semester 5\Workshop AI\Bab_3\pycaret_env\Lib\site-packages\pycaret\internal\pipeline.py", line 69, in _fit_one
    transformer.fit(*args)
  File "C:\Users\ASUS\Documents\Kuliah\Semester 5\Workshop AI\Bab_3\pycaret_env\Lib\site-packages\lightgbm\sklearn.py", line 1704, in fit
    super().fit(
  File "C:\Users\ASUS\Documents\Kuliah\Semester 5\Workshop AI\Bab_3\pycaret_env\Lib\site-packages\lightgbm\sklearn.py", line 1171, in fit
    self._Booster = train(
                    ^^^^^^
  File "C:\Users\ASUS\Documents\Kuliah\Semester 5\Workshop AI\Bab_3\pycaret_env\Lib\site-packages\lightgbm\engine.py", line 296, in train
    booster = Booster(params=params, train_set=train_set)
              ^^^^^^^^^^^^^^^^^^^^^^^^^^^^^^^^^^^^^^^^^^^
  File "C:\Users\ASUS\Documents\Kuliah\Semester 5\Workshop AI\Bab_3\pycaret_env\Lib\site-packages\lightgbm\basic.py", line 3758, in __init__
    train_set.construct()
  File "C:\Users\ASUS\Documents\Kuliah\Semester 5\Workshop AI\Bab_3\pycaret_env\Lib\site-packages\lightgbm\basic.py", line 2574, in construct
    self._lazy_init(
  File "C:\Users\ASUS\Documents\Kuliah\Semester 5\Workshop AI\Bab_3\pycaret_env\Lib\site-packages\lightgbm\basic.py", line 2189, in _lazy_init
    self.set_label(label)
  File "C:\Users\ASUS\Documents\Kuliah\Semester 5\Workshop AI\Bab_3\pycaret_env\Lib\site-packages\lightgbm\basic.py", line 3097, in set_label
    self.set_field("label", label_array)
  File "C:\Users\ASUS\Documents\Kuliah\Semester 5\Workshop AI\Bab_3\pycaret_env\Lib\site-packages\lightgbm\basic.py", line 2860, in set_field
    _LIB.LGBM_DatasetSetField(
OSError: exception: access violation reading 0x0000000000000000


During handling of the above exception, another exception occurred:

Traceback (most recent call last):
  File "C:\Users\ASUS\Documents\Kuliah\Semester 5\Workshop AI\Bab_3\pycaret_env\Lib\site-packages\pycaret\internal\pycaret_experiment\supervised_experiment.py", line 815, in compare_models
    model, model_fit_time = self._create_model(**create_model_args)
                            ^^^^^^^^^^^^^^^^^^^^^^^^^^^^^^^^^^^^^^^
  File "C:\Users\ASUS\Documents\Kuliah\Semester 5\Workshop AI\Bab_3\pycaret_env\Lib\site-packages\pycaret\internal\pycaret_experiment\supervised_experiment.py", line 1533, in _create_model
    model, model_fit_time, model_results, _ = self._create_model_with_cv(
                                              ^^^^^^^^^^^^^^^^^^^^^^^^^^^
  File "C:\Users\ASUS\Documents\Kuliah\Semester 5\Workshop AI\Bab_3\pycaret_env\Lib\site-packages\pycaret\internal\pycaret_experiment\supervised_experiment.py", line 1126, in _create_model_with_cv
    scores = cross_validate(
             ^^^^^^^^^^^^^^^
  File "C:\Users\ASUS\Documents\Kuliah\Semester 5\Workshop AI\Bab_3\pycaret_env\Lib\site-packages\sklearn\utils\_param_validation.py", line 213, in wrapper
    return func(*args, **kwargs)
           ^^^^^^^^^^^^^^^^^^^^^
  File "C:\Users\ASUS\Documents\Kuliah\Semester 5\Workshop AI\Bab_3\pycaret_env\Lib\site-packages\sklearn\model_selection\_validation.py", line 450, in cross_validate
    _warn_or_raise_about_fit_failures(results, error_score)
  File "C:\Users\ASUS\Documents\Kuliah\Semester 5\Workshop AI\Bab_3\pycaret_env\Lib\site-packages\sklearn\model_selection\_validation.py", line 536, in _warn_or_raise_about_fit_failures
    raise ValueError(all_fits_failed_message)
ValueError: 
All the 10 fits failed.
It is very likely that your model is misconfigured.
You can try to debug the error by setting error_score='raise'.

Below are more details about the failures:
--------------------------------------------------------------------------------
10 fits failed with the following error:
Traceback (most recent call last):
  File "C:\Users\ASUS\Documents\Kuliah\Semester 5\Workshop AI\Bab_3\pycaret_env\Lib\site-packages\sklearn\model_selection\_validation.py", line 895, in _fit_and_score
    estimator.fit(X_train, y_train, **fit_params)
  File "C:\Users\ASUS\Documents\Kuliah\Semester 5\Workshop AI\Bab_3\pycaret_env\Lib\site-packages\pycaret\internal\pipeline.py", line 278, in fit
    fitted_estimator = self._memory_fit(
                       ^^^^^^^^^^^^^^^^^
  File "C:\Users\ASUS\Documents\Kuliah\Semester 5\Workshop AI\Bab_3\pycaret_env\Lib\site-packages\joblib\memory.py", line 353, in __call__
    return self.func(*args, **kwargs)
           ^^^^^^^^^^^^^^^^^^^^^^^^^^
  File "C:\Users\ASUS\Documents\Kuliah\Semester 5\Workshop AI\Bab_3\pycaret_env\Lib\site-packages\pycaret\internal\pipeline.py", line 69, in _fit_one
    transformer.fit(*args)
  File "C:\Users\ASUS\Documents\Kuliah\Semester 5\Workshop AI\Bab_3\pycaret_env\Lib\site-packages\lightgbm\sklearn.py", line 1704, in fit
    super().fit(
  File "C:\Users\ASUS\Documents\Kuliah\Semester 5\Workshop AI\Bab_3\pycaret_env\Lib\site-packages\lightgbm\sklearn.py", line 1171, in fit
    self._Booster = train(
                    ^^^^^^
  File "C:\Users\ASUS\Documents\Kuliah\Semester 5\Workshop AI\Bab_3\pycaret_env\Lib\site-packages\lightgbm\engine.py", line 296, in train
    booster = Booster(params=params, train_set=train_set)
              ^^^^^^^^^^^^^^^^^^^^^^^^^^^^^^^^^^^^^^^^^^^
  File "C:\Users\ASUS\Documents\Kuliah\Semester 5\Workshop AI\Bab_3\pycaret_env\Lib\site-packages\lightgbm\basic.py", line 3758, in __init__
    train_set.construct()
  File "C:\Users\ASUS\Documents\Kuliah\Semester 5\Workshop AI\Bab_3\pycaret_env\Lib\site-packages\lightgbm\basic.py", line 2574, in construct
    self._lazy_init(
  File "C:\Users\ASUS\Documents\Kuliah\Semester 5\Workshop AI\Bab_3\pycaret_env\Lib\site-packages\lightgbm\basic.py", line 2189, in _lazy_init
    self.set_label(label)
  File "C:\Users\ASUS\Documents\Kuliah\Semester 5\Workshop AI\Bab_3\pycaret_env\Lib\site-packages\lightgbm\basic.py", line 3097, in set_label
    self.set_field("label", label_array)
  File "C:\Users\ASUS\Documents\Kuliah\Semester 5\Workshop AI\Bab_3\pycaret_env\Lib\site-packages\lightgbm\basic.py", line 2860, in set_field
    _LIB.LGBM_DatasetSetField(
OSError: exception: access violation reading 0x0000000000000000


2026-09-16 16:59:39,644:INFO:Initializing Dummy Classifier
2026-09-16 16:59:39,644:INFO:Total runtime is 0.3147873719533285 minutes
2026-09-16 16:59:39,644:INFO:SubProcess create_model() called ==================================
2026-09-16 16:59:39,644:INFO:Initializing create_model()
2026-09-16 16:59:39,645:INFO:create_model(self=<pycaret.classification.oop.ClassificationExperiment object at 0x000001FE8B706190>, estimator=dummy, fold=StratifiedKFold(n_splits=10, random_state=None, shuffle=False), round=4, cross_validation=True, predict=True, fit_kwargs={}, groups=None, refit=False, probability_threshold=None, experiment_custom_tags=None, verbose=False, system=False, add_to_model_list=True, metrics=None, display=<pycaret.internal.display.display.CommonDisplay object at 0x000001FE8B8DF010>, model_only=True, return_train_score=False, error_score=0.0, kwargs={})
2026-09-16 16:59:39,645:INFO:Checking exceptions
2026-09-16 16:59:39,645:INFO:Importing libraries
2026-09-16 16:59:39,645:INFO:Copying training dataset
2026-09-16 16:59:39,659:INFO:Defining folds
2026-09-16 16:59:39,659:INFO:Declaring metric variables
2026-09-16 16:59:39,660:INFO:Importing untrained model
2026-09-16 16:59:39,661:INFO:Dummy Classifier Imported successfully
2026-09-16 16:59:39,661:INFO:Starting cross validation
2026-09-16 16:59:39,662:INFO:Cross validating with StratifiedKFold(n_splits=10, random_state=None, shuffle=False), n_jobs=-1
2026-09-16 16:59:39,780:INFO:Calculating mean and std
2026-09-16 16:59:39,781:INFO:Creating metrics dataframe
2026-09-16 16:59:39,782:INFO:Uploading results into container
2026-09-16 16:59:39,783:INFO:Uploading model into container now
2026-09-16 16:59:39,783:INFO:_master_model_container: 13
2026-09-16 16:59:39,784:INFO:_display_container: 2
2026-09-16 16:59:39,784:INFO:DummyClassifier(constant=None, random_state=6285, strategy='prior')
2026-09-16 16:59:39,784:INFO:create_model() successfully completed......................................
2026-09-16 16:59:39,864:INFO:SubProcess create_model() end ==================================
2026-09-16 16:59:39,864:INFO:Creating metrics dataframe
2026-09-16 16:59:39,867:WARNING:C:\Users\ASUS\Documents\Kuliah\Semester 5\Workshop AI\Bab_3\pycaret_env\Lib\site-packages\pycaret\internal\pycaret_experiment\supervised_experiment.py:339: FutureWarning: Styler.applymap has been deprecated. Use Styler.map instead.
  .applymap(highlight_cols, subset=["TT (Sec)"])

2026-09-16 16:59:39,869:INFO:Initializing create_model()
2026-09-16 16:59:39,869:INFO:create_model(self=<pycaret.classification.oop.ClassificationExperiment object at 0x000001FE8B706190>, estimator=AdaBoostClassifier(algorithm='SAMME.R', estimator=None, learning_rate=1.0,
                   n_estimators=50, random_state=6285), fold=StratifiedKFold(n_splits=10, random_state=None, shuffle=False), round=4, cross_validation=False, predict=False, fit_kwargs={}, groups=None, refit=True, probability_threshold=None, experiment_custom_tags=None, verbose=False, system=False, add_to_model_list=True, metrics=None, display=None, model_only=True, return_train_score=False, error_score=0.0, kwargs={})
2026-09-16 16:59:39,869:INFO:Checking exceptions
2026-09-16 16:59:39,870:INFO:Importing libraries
2026-09-16 16:59:39,870:INFO:Copying training dataset
2026-09-16 16:59:39,877:INFO:Defining folds
2026-09-16 16:59:39,877:INFO:Declaring metric variables
2026-09-16 16:59:39,877:INFO:Importing untrained model
2026-09-16 16:59:39,878:INFO:Declaring custom model
2026-09-16 16:59:39,878:INFO:Ada Boost Classifier Imported successfully
2026-09-16 16:59:39,879:INFO:Cross validation set to False
2026-09-16 16:59:39,879:INFO:Fitting Model
2026-09-16 16:59:39,887:WARNING:C:\Users\ASUS\Documents\Kuliah\Semester 5\Workshop AI\Bab_3\pycaret_env\Lib\site-packages\sklearn\ensemble\_weight_boosting.py:519: FutureWarning: The SAMME.R algorithm (the default) is deprecated and will be removed in 1.6. Use the SAMME algorithm to circumvent this warning.
  warnings.warn(

2026-09-16 16:59:40,059:INFO:AdaBoostClassifier(algorithm='SAMME.R', estimator=None, learning_rate=1.0,
                   n_estimators=50, random_state=6285)
2026-09-16 16:59:40,059:INFO:create_model() successfully completed......................................
2026-09-16 16:59:40,150:INFO:_master_model_container: 13
2026-09-16 16:59:40,150:INFO:_display_container: 2
2026-09-16 16:59:40,150:INFO:AdaBoostClassifier(algorithm='SAMME.R', estimator=None, learning_rate=1.0,
                   n_estimators=50, random_state=6285)
2026-09-16 16:59:40,150:INFO:compare_models() successfully completed......................................
